=== PipelineLogger started: pushpins ===
Run dir: /home/chikibriki/LoqicQA/results/full50_pushpins/pushpins_20260618_163230

--- Stage 1 | Image 1.pushpin: /home/chikibriki/LoqicQA/dataset-ninja/mvtec-loco-ad/train/img/pushpins_327.png ---
[PROMPT]
You are inspecting a pushpins image.
Focus ONLY on: 'pushpin'

[Normality constraints for reference]
NORMAL STATE: a transparent rectangular plastic box, seen from above, divided into a regular grid of small compartments (3 rows × 5 columns, 15 cells in total), with one pushpin sitting in each cell.

Count and one-per-cell rule (the central, defining property):
- There are exactly 15 pushpins in total — one in every compartment.
- Each compartment holds EXACTLY ONE pushpin: a cell is never empty and never holds two or more.
- Every pushpin lies in its own cell and does not share a cell with another pushpin.
- The number of pushpins matches the number of compartments exactly: no surplus, no shortfall.

Pushpin appearance:
- All pushpins look alike — the same colour (yellow or orange), the same size, each with a round cap and a metal needle.

Layout:
- The 15 cells form a complete, even 3×5 grid; all cells are the same size.

What counts as a logical anomaly: a compartment left empty (a missing pushpin), a compartment holding two or more pushpins, or a total pushpin count other than exactly 15.

All components present in this pushpins:
- pushpin

Answer exactly these four lines and nothing else:
1. Count: How many 'pushpin' do you see? Use exact language: "exactly N". If not clearly visible, write "not clearly visible".
2. Position: Where is the 'pushpin'? Use: left/right/center/top/bottom.
3. Appearance: Color, shape, texture, fill level of 'pushpin'.
4. Relative size: Compared to the other components listed above, how much space
   does 'pushpin' occupy?
   Use generic comparisons such as: "largest item", "smaller than <other component>,
   larger than <other component>", "roughly equal to <other component>".

Be brief and factual. Do NOT describe any other component.
[RESPONSE]
1. Count: exactly 15
2. Position: center
3. Appearance: yellow, round cap with a metal needle
4. Relative size: roughly equal to other components

--- Stage 1 | Image 1.relational: /home/chikibriki/LoqicQA/dataset-ninja/mvtec-loco-ad/train/img/pushpins_327.png ---
[PROMPT]
You are inspecting a pushpins image.

All components present in this pushpins:
- pushpin

Answer the following three sections about cross-component relationships.
Be brief and factual.

5. Relational and Proportional Constraints:
   Which component occupies the most space? The least? Any fixed size ratios between components?

6. Symmetry and Connectivity:
   Are any components strictly separated (e.g., left side vs right side)?
   Are any components required to be parallel, adjacent, or connected?

7. Per-Slot Completeness:
   Are there repeating slots or compartments? If so, what must each slot contain?
   Write N/A if no repeating slots exist.
[RESPONSE]
5. Relational and Proportional Constraints:
   - The pushpins occupy the most space.
   - There are no fixed size ratios between components.

6. Symmetry and Connectivity:
   - Components are not strictly separated; they can be placed in any slot within their section of compartments.
   - Pushpins do not need to be parallel, adjacent, or connected but must fit into individual slots without overlapping others outside that compartment.

7. Per-Slot Completeness:
   - Yes, there is repeating structure with each row containing identical pushpin configurations (two per slot).

--- Stage 1 | Image 2.pushpin: /home/chikibriki/LoqicQA/dataset-ninja/mvtec-loco-ad/train/img/pushpins_057.png ---
[PROMPT]
You are inspecting a pushpins image.
Focus ONLY on: 'pushpin'

[Normality constraints for reference]
NORMAL STATE: a transparent rectangular plastic box, seen from above, divided into a regular grid of small compartments (3 rows × 5 columns, 15 cells in total), with one pushpin sitting in each cell.

Count and one-per-cell rule (the central, defining property):
- There are exactly 15 pushpins in total — one in every compartment.
- Each compartment holds EXACTLY ONE pushpin: a cell is never empty and never holds two or more.
- Every pushpin lies in its own cell and does not share a cell with another pushpin.
- The number of pushpins matches the number of compartments exactly: no surplus, no shortfall.

Pushpin appearance:
- All pushpins look alike — the same colour (yellow or orange), the same size, each with a round cap and a metal needle.

Layout:
- The 15 cells form a complete, even 3×5 grid; all cells are the same size.

What counts as a logical anomaly: a compartment left empty (a missing pushpin), a compartment holding two or more pushpins, or a total pushpin count other than exactly 15.

All components present in this pushpins:
- pushpin

Answer exactly these four lines and nothing else:
1. Count: How many 'pushpin' do you see? Use exact language: "exactly N". If not clearly visible, write "not clearly visible".
2. Position: Where is the 'pushpin'? Use: left/right/center/top/bottom.
3. Appearance: Color, shape, texture, fill level of 'pushpin'.
4. Relative size: Compared to the other components listed above, how much space
   does 'pushpin' occupy?
   Use generic comparisons such as: "largest item", "smaller than <other component>,
   larger than <other component>", "roughly equal to <other component>".

Be brief and factual. Do NOT describe any other component.
[RESPONSE]
1. Count: exactly 15
2. Position: center
3. Appearance: yellow, round cap and metal needle; fills the compartment completely.
4. Relative size: roughly equal to other components

--- Stage 1 | Image 2.relational: /home/chikibriki/LoqicQA/dataset-ninja/mvtec-loco-ad/train/img/pushpins_057.png ---
[PROMPT]
You are inspecting a pushpins image.

All components present in this pushpins:
- pushpin

Answer the following three sections about cross-component relationships.
Be brief and factual.

5. Relational and Proportional Constraints:
   Which component occupies the most space? The least? Any fixed size ratios between components?

6. Symmetry and Connectivity:
   Are any components strictly separated (e.g., left side vs right side)?
   Are any components required to be parallel, adjacent, or connected?

7. Per-Slot Completeness:
   Are there repeating slots or compartments? If so, what must each slot contain?
   Write N/A if no repeating slots exist.
[RESPONSE]
5. Relational and Proportional Constraints:
   - The pushpins occupy the most space.
   - There are no fixed size ratios between components.

6. Symmetry and Connectivity:
   - Components are not strictly separated by side (e.g., left vs right).
   - Pushpins do not need to be parallel, adjacent, or connected; they can be placed independently within their slots.

7. Per-Slot Completeness:
   - Yes, there are repeating slots with each slot containing one pushpin.

--- Stage 1 | Image 3.pushpin: /home/chikibriki/LoqicQA/dataset-ninja/mvtec-loco-ad/train/img/pushpins_012.png ---
[PROMPT]
You are inspecting a pushpins image.
Focus ONLY on: 'pushpin'

[Normality constraints for reference]
NORMAL STATE: a transparent rectangular plastic box, seen from above, divided into a regular grid of small compartments (3 rows × 5 columns, 15 cells in total), with one pushpin sitting in each cell.

Count and one-per-cell rule (the central, defining property):
- There are exactly 15 pushpins in total — one in every compartment.
- Each compartment holds EXACTLY ONE pushpin: a cell is never empty and never holds two or more.
- Every pushpin lies in its own cell and does not share a cell with another pushpin.
- The number of pushpins matches the number of compartments exactly: no surplus, no shortfall.

Pushpin appearance:
- All pushpins look alike — the same colour (yellow or orange), the same size, each with a round cap and a metal needle.

Layout:
- The 15 cells form a complete, even 3×5 grid; all cells are the same size.

What counts as a logical anomaly: a compartment left empty (a missing pushpin), a compartment holding two or more pushpins, or a total pushpin count other than exactly 15.

All components present in this pushpins:
- pushpin

Answer exactly these four lines and nothing else:
1. Count: How many 'pushpin' do you see? Use exact language: "exactly N". If not clearly visible, write "not clearly visible".
2. Position: Where is the 'pushpin'? Use: left/right/center/top/bottom.
3. Appearance: Color, shape, texture, fill level of 'pushpin'.
4. Relative size: Compared to the other components listed above, how much space
   does 'pushpin' occupy?
   Use generic comparisons such as: "largest item", "smaller than <other component>,
   larger than <other component>", "roughly equal to <other component>".

Be brief and factual. Do NOT describe any other component.
[RESPONSE]
1. Count: exactly 15
2. Position: center
3. Appearance: yellow, round cap with a metal needle
4. Relative size: roughly equal to other components

--- Stage 1 | Image 3.relational: /home/chikibriki/LoqicQA/dataset-ninja/mvtec-loco-ad/train/img/pushpins_012.png ---
[PROMPT]
You are inspecting a pushpins image.

All components present in this pushpins:
- pushpin

Answer the following three sections about cross-component relationships.
Be brief and factual.

5. Relational and Proportional Constraints:
   Which component occupies the most space? The least? Any fixed size ratios between components?

6. Symmetry and Connectivity:
   Are any components strictly separated (e.g., left side vs right side)?
   Are any components required to be parallel, adjacent, or connected?

7. Per-Slot Completeness:
   Are there repeating slots or compartments? If so, what must each slot contain?
   Write N/A if no repeating slots exist.
[RESPONSE]
5. Relational and Proportional Constraints:
   - The pushpins occupy the most space.
   - There are no fixed size ratios between components.

6. Symmetry and Connectivity:
   - Components are not strictly separated by side (left vs right).
   - Pushpins do not need to be parallel, adjacent, or connected; they can be placed independently within their slots.

7. Per-Slot Completeness:
   - Yes, there are repeating slots containing yellow pushpins in a grid pattern with 3 rows of 4 columns each per slot compartment.

--- Stage 1 | Image 4.pushpin: /home/chikibriki/LoqicQA/dataset-ninja/mvtec-loco-ad/train/img/pushpins_140.png ---
[PROMPT]
You are inspecting a pushpins image.
Focus ONLY on: 'pushpin'

[Normality constraints for reference]
NORMAL STATE: a transparent rectangular plastic box, seen from above, divided into a regular grid of small compartments (3 rows × 5 columns, 15 cells in total), with one pushpin sitting in each cell.

Count and one-per-cell rule (the central, defining property):
- There are exactly 15 pushpins in total — one in every compartment.
- Each compartment holds EXACTLY ONE pushpin: a cell is never empty and never holds two or more.
- Every pushpin lies in its own cell and does not share a cell with another pushpin.
- The number of pushpins matches the number of compartments exactly: no surplus, no shortfall.

Pushpin appearance:
- All pushpins look alike — the same colour (yellow or orange), the same size, each with a round cap and a metal needle.

Layout:
- The 15 cells form a complete, even 3×5 grid; all cells are the same size.

What counts as a logical anomaly: a compartment left empty (a missing pushpin), a compartment holding two or more pushpins, or a total pushpin count other than exactly 15.

All components present in this pushpins:
- pushpin

Answer exactly these four lines and nothing else:
1. Count: How many 'pushpin' do you see? Use exact language: "exactly N". If not clearly visible, write "not clearly visible".
2. Position: Where is the 'pushpin'? Use: left/right/center/top/bottom.
3. Appearance: Color, shape, texture, fill level of 'pushpin'.
4. Relative size: Compared to the other components listed above, how much space
   does 'pushpin' occupy?
   Use generic comparisons such as: "largest item", "smaller than <other component>,
   larger than <other component>", "roughly equal to <other component>".

Be brief and factual. Do NOT describe any other component.
[RESPONSE]
1. Count: exactly 15
2. Position: center
3. Appearance: yellow, round cap and metal needle; roughly equal to other components.
4. Relative size: roughly equal to the compartments

--- Stage 1 | Image 4.relational: /home/chikibriki/LoqicQA/dataset-ninja/mvtec-loco-ad/train/img/pushpins_140.png ---
[PROMPT]
You are inspecting a pushpins image.

All components present in this pushpins:
- pushpin

Answer the following three sections about cross-component relationships.
Be brief and factual.

5. Relational and Proportional Constraints:
   Which component occupies the most space? The least? Any fixed size ratios between components?

6. Symmetry and Connectivity:
   Are any components strictly separated (e.g., left side vs right side)?
   Are any components required to be parallel, adjacent, or connected?

7. Per-Slot Completeness:
   Are there repeating slots or compartments? If so, what must each slot contain?
   Write N/A if no repeating slots exist.
[RESPONSE]
5. Relational and Proportional Constraints:
   - The pushpins occupy the most space.
   - There are no fixed size ratios between components.

6. Symmetry and Connectivity:
   - Components (pushpins) do not need to be strictly separated or parallel/adjacent unless specified by external constraints like a board layout, which is not shown here.

7. Per-Slot Completeness:
   - Yes, there are repeating slots; each slot must contain one pushpin for completeness of organization within compartments.

--- Stage 1 | Image 5.pushpin: /home/chikibriki/LoqicQA/dataset-ninja/mvtec-loco-ad/train/img/pushpins_125.png ---
[PROMPT]
You are inspecting a pushpins image.
Focus ONLY on: 'pushpin'

[Normality constraints for reference]
NORMAL STATE: a transparent rectangular plastic box, seen from above, divided into a regular grid of small compartments (3 rows × 5 columns, 15 cells in total), with one pushpin sitting in each cell.

Count and one-per-cell rule (the central, defining property):
- There are exactly 15 pushpins in total — one in every compartment.
- Each compartment holds EXACTLY ONE pushpin: a cell is never empty and never holds two or more.
- Every pushpin lies in its own cell and does not share a cell with another pushpin.
- The number of pushpins matches the number of compartments exactly: no surplus, no shortfall.

Pushpin appearance:
- All pushpins look alike — the same colour (yellow or orange), the same size, each with a round cap and a metal needle.

Layout:
- The 15 cells form a complete, even 3×5 grid; all cells are the same size.

What counts as a logical anomaly: a compartment left empty (a missing pushpin), a compartment holding two or more pushpins, or a total pushpin count other than exactly 15.

All components present in this pushpins:
- pushpin

Answer exactly these four lines and nothing else:
1. Count: How many 'pushpin' do you see? Use exact language: "exactly N". If not clearly visible, write "not clearly visible".
2. Position: Where is the 'pushpin'? Use: left/right/center/top/bottom.
3. Appearance: Color, shape, texture, fill level of 'pushpin'.
4. Relative size: Compared to the other components listed above, how much space
   does 'pushpin' occupy?
   Use generic comparisons such as: "largest item", "smaller than <other component>,
   larger than <other component>", "roughly equal to <other component>".

Be brief and factual. Do NOT describe any other component.
[RESPONSE]
1. Count: exactly 15
2. Position: center
3. Appearance: yellow, round cap and metal needle; roughly equal to other components.
4. Relative size: roughly equal to the compartments

--- Stage 1 | Image 5.relational: /home/chikibriki/LoqicQA/dataset-ninja/mvtec-loco-ad/train/img/pushpins_125.png ---
[PROMPT]
You are inspecting a pushpins image.

All components present in this pushpins:
- pushpin

Answer the following three sections about cross-component relationships.
Be brief and factual.

5. Relational and Proportional Constraints:
   Which component occupies the most space? The least? Any fixed size ratios between components?

6. Symmetry and Connectivity:
   Are any components strictly separated (e.g., left side vs right side)?
   Are any components required to be parallel, adjacent, or connected?

7. Per-Slot Completeness:
   Are there repeating slots or compartments? If so, what must each slot contain?
   Write N/A if no repeating slots exist.
[RESPONSE]
5. Relational and Proportional Constraints:
   - The pushpins occupy the most space.
   - There are no fixed size ratios between components.

6. Symmetry and Connectivity:
   - Components are not strictly separated; they share a common compartmentalized layout within one container unit (e.g., left side vs right side).
   - Pushpins do not need to be parallel, adjacent, or connected as per their design function in this context.

7. Per-Slot Completeness:
   - Yes, there are repeating slots with each slot containing exactly one yellow pushpin head facing up.

--- Stage 2 | Summary ---
[PROMPT]
You are summarizing observations of 'pushpin' across 5 normal pushpins images.

[Normality constraints — ground truth]
NORMAL STATE: a transparent rectangular plastic box, seen from above, divided into a regular grid of small compartments (3 rows × 5 columns, 15 cells in total), with one pushpin sitting in each cell.

Count and one-per-cell rule (the central, defining property):
- There are exactly 15 pushpins in total — one in every compartment.
- Each compartment holds EXACTLY ONE pushpin: a cell is never empty and never holds two or more.
- Every pushpin lies in its own cell and does not share a cell with another pushpin.
- The number of pushpins matches the number of compartments exactly: no surplus, no shortfall.

Pushpin appearance:
- All pushpins look alike — the same colour (yellow or orange), the same size, each with a round cap and a metal needle.

Layout:
- The 15 cells form a complete, even 3×5 grid; all cells are the same size.

What counts as a logical anomaly: a compartment left empty (a missing pushpin), a compartment holding two or more pushpins, or a total pushpin count other than exactly 15.

[Observations of 'pushpin' across 5 images]
Image 1: count=exactly 15, position=center, appearance=yellow, round cap with a metal needle, relative_size=roughly equal to other components
Image 2: count=exactly 15, position=center, appearance=yellow, round cap and metal needle; fills the compartment completely., relative_size=roughly equal to other components
Image 3: count=exactly 15, position=center, appearance=yellow, round cap with a metal needle, relative_size=roughly equal to other components
Image 4: count=exactly 15, position=center, appearance=yellow, round cap and metal needle; roughly equal to other components., relative_size=roughly equal to the compartments
Image 5: count=exactly 15, position=center, appearance=yellow, round cap and metal needle; roughly equal to other components., relative_size=roughly equal to the compartments

Extract STRICT INVARIANTS — facts true in ALL observations.
If an observation says "not clearly visible", treat it as missing data, not a contradiction.
Forbidden words: "if applicable", "may", "could", "approximately", "seems".

Output exactly four lines:
Count: [exact invariant count across all observations, use exact language: "exactly N".]
Position: [exact invariant position]
Appearance: [exact invariant visual attributes]
Relative size: [invariant size comparison vs other components, or N/A]
[RESPONSE]
Count: exactly 15
Position: center
Appearance: yellow, round cap with a metal needle
Relative size: roughly equal to other components

--- Stage 2 | Summary ---
[PROMPT]
You are summarizing cross-component constraints across 5 normal pushpins images.

[Normality constraints — ground truth]
NORMAL STATE: a transparent rectangular plastic box, seen from above, divided into a regular grid of small compartments (3 rows × 5 columns, 15 cells in total), with one pushpin sitting in each cell.

Count and one-per-cell rule (the central, defining property):
- There are exactly 15 pushpins in total — one in every compartment.
- Each compartment holds EXACTLY ONE pushpin: a cell is never empty and never holds two or more.
- Every pushpin lies in its own cell and does not share a cell with another pushpin.
- The number of pushpins matches the number of compartments exactly: no surplus, no shortfall.

Pushpin appearance:
- All pushpins look alike — the same colour (yellow or orange), the same size, each with a round cap and a metal needle.

Layout:
- The 15 cells form a complete, even 3×5 grid; all cells are the same size.

What counts as a logical anomaly: a compartment left empty (a missing pushpin), a compartment holding two or more pushpins, or a total pushpin count other than exactly 15.

[Cross-component observations across 5 images]
[Image 1]
5. Relational and Proportional Constraints:
   - The pushpins occupy the most space.
   - There are no fixed size ratios between components.

6. Symmetry and Connectivity:
   - Components are not strictly separated; they can be placed in any slot within their section of compartments.
   - Pushpins do not need to be parallel, adjacent, or connected but must fit into individual slots without overlapping others outside that compartment.

7. Per-Slot Completeness:
   - Yes, there is repeating structure with each row containing identical pushpin configurations (two per slot).

[Image 2]
5. Relational and Proportional Constraints:
   - The pushpins occupy the most space.
   - There are no fixed size ratios between components.

6. Symmetry and Connectivity:
   - Components are not strictly separated by side (e.g., left vs right).
   - Pushpins do not need to be parallel, adjacent, or connected; they can be placed independently within their slots.

7. Per-Slot Completeness:
   - Yes, there are repeating slots with each slot containing one pushpin.

[Image 3]
5. Relational and Proportional Constraints:
   - The pushpins occupy the most space.
   - There are no fixed size ratios between components.

6. Symmetry and Connectivity:
   - Components are not strictly separated by side (left vs right).
   - Pushpins do not need to be parallel, adjacent, or connected; they can be placed independently within their slots.

7. Per-Slot Completeness:
   - Yes, there are repeating slots containing yellow pushpins in a grid pattern with 3 rows of 4 columns each per slot compartment.

[Image 4]
5. Relational and Proportional Constraints:
   - The pushpins occupy the most space.
   - There are no fixed size ratios between components.

6. Symmetry and Connectivity:
   - Components (pushpins) do not need to be strictly separated or parallel/adjacent unless specified by external constraints like a board layout, which is not shown here.

7. Per-Slot Completeness:
   - Yes, there are repeating slots; each slot must contain one pushpin for completeness of organization within compartments.

[Image 5]
5. Relational and Proportional Constraints:
   - The pushpins occupy the most space.
   - There are no fixed size ratios between components.

6. Symmetry and Connectivity:
   - Components are not strictly separated; they share a common compartmentalized layout within one container unit (e.g., left side vs right side).
   - Pushpins do not need to be parallel, adjacent, or connected as per their design function in this context.

7. Per-Slot Completeness:
   - Yes, there are repeating slots with each slot containing exactly one yellow pushpin head facing up.

Extract STRICT INVARIANTS — facts true in ALL observations.
Forbidden words: "if applicable", "may", "could", "approximately", "seems".

Output in this exact format:

5. Relational and Proportional Constraints:
   Constraints comparing two or more components to each other.
   Include: which component occupies more space, size ratios, count-to-count
   correspondences, any rule that links two components.
   Example: "component_X fills more space than component_Y",
            "count of component_A must equal 2x the count of component_B".
   [bullet list, or N/A]

6. Symmetry and Connectivity:
   Observable alignment, mirroring, or physical connections between components.
   Include: must components be parallel / mirror-symmetric?
   Must they share a boundary or be in separate compartments?
   Example: "component_X on left side, component_Y on right side — strict split".
   [bullet list, or N/A]

7. Per-Slot Completeness:
   If repeating slots or compartments exist, what must each slot contain?
   State the rule per individual slot, not just the total count.
   Example: "each slot must contain exactly one component_X — no empty slots,
            no slots with two or more items".
   [bullet list, or N/A]
[RESPONSE]
5. Relational and Proportional Constraints:
   - The pushpins occupy the most space.
   - There are no fixed size ratios between components.

6. Symmetry and Connectivity:
   - Components (pushpins) do not need to be strictly separated or parallel/adjacent unless specified by external constraints like a board layout, which is not shown here.

7. Per-Slot Completeness:
   - Each slot must contain exactly one yellow pushpin head facing up; there should be no empty slots nor any slots with two or more items in them

--- Stage 3a | Generated questions: 8 kept / 8 bullets (0 near-dup, 0 invalid) ---
  [KEPT    ] 'pushpin: exactly 15' → 'Is there exactly 15 pushpins?'
  [KEPT    ] 'pushpin: center' → 'Is the center of the pushpin visible?'
  [KEPT    ] 'pushpin: yellow, round cap with a metal needle' → 'Is there a yellow, round cap with a metal needle?'
  [KEPT    ] 'pushpin: roughly equal to other components' → 'Is the pushpin roughly equal to other components?'
  [KEPT    ] 'The pushpins occupy the most space' → 'Is the pushpin occupying most of its allocated space?'
  [KEPT    ] 'There are no fixed size ratios between components' → 'Is there a fixed size ratio between the components of this pushpin?'
  [KEPT    ] 'Components (pushpins) do not need to be strictly separated o' → 'Are the pushpins in the image strictly separated or parallel/adjacent?'
  [KEPT    ] 'Each slot must contain exactly one yellow pushpin head facin' → 'Is there exactly one yellow pushpin head facing up in each slot?'
[KEPT] 1. Is there exactly 15 pushpins? | 2. Is the center of the pushpin visible? | 3. Is there a yellow, round cap with a metal needle? | 4. Is the pushpin roughly equal to other components? | 5. Is the pushpin occupying most of its allocated space? | 6. Is there a fixed size ratio between the components of this pushpin? | 7. Are the pushpins in the image strictly separated or parallel/adjacent? | 8. Is there exactly one yellow pushpin head facing up in each slot?
[FILTER RESULT] 'Is there exactly 15 pushpins?' acc=1.00 → KEEP

--- Stage 3b | Filter | Q: Is the center of the pushpin visible?... | /home/chikibriki/LoqicQA/dataset-ninja/mvtec-loco-ad/train/img/pushpins_127.png | gt=good ---
[PROMPT]
You are a strict industrial quality control inspector.
Your task is to inspect a pushpins and answer a specific constraint question.

[What a NORMAL pushpins looks like]
1. Components:
   - pushpin

2. Quantities:
   - pushpin: exactly 15

3. Spatial Arrangement:
   - pushpin: center

4. Visual Appearance and Fill Level:
   - pushpin: yellow, round cap with a metal needle
   Relative sizes:
     - pushpin: roughly equal to other components

5. Relational and Proportional Constraints:
   - The pushpins occupy the most space.
   - There are no fixed size ratios between components.

6. Symmetry and Connectivity:
   - Components (pushpins) do not need to be strictly separated or parallel/adjacent unless specified by external constraints like a board layout, which is not shown here.

7. Per-Slot Completeness:
   - Each slot must contain exactly one yellow pushpin head facing up; there should be no empty slots nor any slots with two or more items in them

Question to verify: Is the center of the pushpin visible?

Look carefully at the image.
Step 1 — Observe: Describe what you see in the image that is directly relevant to this question. Be specific: count visible objects, note their location (left/right/center), and explicitly state if an expected component appears absent or is in the wrong position.
Step 2 — Conclude with exactly one of:
Result: Yes
Result: No
[RESPONSE]
Step 1: Observe
- The image shows a set of pushpins in individual slots.
- There are exactly 15 yellow pushpins, each with round caps and metal needles. 
- All the visible pushpins appear to be centered within their respective slots.

Step 2:
Result: Yes
[EXTRACTED] Yes

--- Stage 3b | Filter | Q: Is the center of the pushpin visible?... | /home/chikibriki/LoqicQA/dataset-ninja/mvtec-loco-ad/train/img/pushpins_074.png | gt=good ---
[PROMPT]
You are a strict industrial quality control inspector.
Your task is to inspect a pushpins and answer a specific constraint question.

[What a NORMAL pushpins looks like]
1. Components:
   - pushpin

2. Quantities:
   - pushpin: exactly 15

3. Spatial Arrangement:
   - pushpin: center

4. Visual Appearance and Fill Level:
   - pushpin: yellow, round cap with a metal needle
   Relative sizes:
     - pushpin: roughly equal to other components

5. Relational and Proportional Constraints:
   - The pushpins occupy the most space.
   - There are no fixed size ratios between components.

6. Symmetry and Connectivity:
   - Components (pushpins) do not need to be strictly separated or parallel/adjacent unless specified by external constraints like a board layout, which is not shown here.

7. Per-Slot Completeness:
   - Each slot must contain exactly one yellow pushpin head facing up; there should be no empty slots nor any slots with two or more items in them

Question to verify: Is the center of the pushpin visible?

Look carefully at the image.
Step 1 — Observe: Describe what you see in the image that is directly relevant to this question. Be specific: count visible objects, note their location (left/right/center), and explicitly state if an expected component appears absent or is in the wrong position.
Step 2 — Conclude with exactly one of:
Result: Yes
Result: No
[RESPONSE]
Step 1: Observe
- The image shows a set of pushpins arranged in individual slots.
- There are exactly 15 yellow pushpins, each with its head facing up and the metal needle pointing downwards. 
- All pushpins appear to be centered within their respective slots.

Step 2:
Result: Yes
[EXTRACTED] Yes

--- Stage 3b | Filter | Q: Is the center of the pushpin visible?... | /home/chikibriki/LoqicQA/dataset-ninja/mvtec-loco-ad/train/img/pushpins_181.png | gt=good ---
[PROMPT]
You are a strict industrial quality control inspector.
Your task is to inspect a pushpins and answer a specific constraint question.

[What a NORMAL pushpins looks like]
1. Components:
   - pushpin

2. Quantities:
   - pushpin: exactly 15

3. Spatial Arrangement:
   - pushpin: center

4. Visual Appearance and Fill Level:
   - pushpin: yellow, round cap with a metal needle
   Relative sizes:
     - pushpin: roughly equal to other components

5. Relational and Proportional Constraints:
   - The pushpins occupy the most space.
   - There are no fixed size ratios between components.

6. Symmetry and Connectivity:
   - Components (pushpins) do not need to be strictly separated or parallel/adjacent unless specified by external constraints like a board layout, which is not shown here.

7. Per-Slot Completeness:
   - Each slot must contain exactly one yellow pushpin head facing up; there should be no empty slots nor any slots with two or more items in them

Question to verify: Is the center of the pushpin visible?

Look carefully at the image.
Step 1 — Observe: Describe what you see in the image that is directly relevant to this question. Be specific: count visible objects, note their location (left/right/center), and explicitly state if an expected component appears absent or is in the wrong position.
Step 2 — Conclude with exactly one of:
Result: Yes
Result: No
[RESPONSE]
Step 1: Observe
- The image shows a set of pushpins arranged in individual slots.
- There are exactly 15 visible yellow pushpins, each with the metal needle facing up and round cap on top. 
- All pushpins appear to be centered within their respective slots.

Step 2:
Result: Yes
[EXTRACTED] Yes

--- Stage 3b | Filter | Q: Is the center of the pushpin visible?... | /home/chikibriki/LoqicQA/dataset-ninja/mvtec-loco-ad/train/img/pushpins_028.png | gt=good ---
[PROMPT]
You are a strict industrial quality control inspector.
Your task is to inspect a pushpins and answer a specific constraint question.

[What a NORMAL pushpins looks like]
1. Components:
   - pushpin

2. Quantities:
   - pushpin: exactly 15

3. Spatial Arrangement:
   - pushpin: center

4. Visual Appearance and Fill Level:
   - pushpin: yellow, round cap with a metal needle
   Relative sizes:
     - pushpin: roughly equal to other components

5. Relational and Proportional Constraints:
   - The pushpins occupy the most space.
   - There are no fixed size ratios between components.

6. Symmetry and Connectivity:
   - Components (pushpins) do not need to be strictly separated or parallel/adjacent unless specified by external constraints like a board layout, which is not shown here.

7. Per-Slot Completeness:
   - Each slot must contain exactly one yellow pushpin head facing up; there should be no empty slots nor any slots with two or more items in them

Question to verify: Is the center of the pushpin visible?

Look carefully at the image.
Step 1 — Observe: Describe what you see in the image that is directly relevant to this question. Be specific: count visible objects, note their location (left/right/center), and explicitly state if an expected component appears absent or is in the wrong position.
Step 2 — Conclude with exactly one of:
Result: Yes
Result: No
[RESPONSE]
Step 1: Observe
- The image shows a set of pushpins arranged in slots.
- There are exactly 15 visible yellow pushpins, each with its head facing up and the metal needle pointing downwards. 
- All pushpins appear to be centered within their respective slots.

Step 2:
Result: Yes
[EXTRACTED] Yes

--- Stage 3b | Filter | Q: Is the center of the pushpin visible?... | /home/chikibriki/LoqicQA/dataset-ninja/mvtec-loco-ad/train/img/pushpins_169.png | gt=good ---
[PROMPT]
You are a strict industrial quality control inspector.
Your task is to inspect a pushpins and answer a specific constraint question.

[What a NORMAL pushpins looks like]
1. Components:
   - pushpin

2. Quantities:
   - pushpin: exactly 15

3. Spatial Arrangement:
   - pushpin: center

4. Visual Appearance and Fill Level:
   - pushpin: yellow, round cap with a metal needle
   Relative sizes:
     - pushpin: roughly equal to other components

5. Relational and Proportional Constraints:
   - The pushpins occupy the most space.
   - There are no fixed size ratios between components.

6. Symmetry and Connectivity:
   - Components (pushpins) do not need to be strictly separated or parallel/adjacent unless specified by external constraints like a board layout, which is not shown here.

7. Per-Slot Completeness:
   - Each slot must contain exactly one yellow pushpin head facing up; there should be no empty slots nor any slots with two or more items in them

Question to verify: Is the center of the pushpin visible?

Look carefully at the image.
Step 1 — Observe: Describe what you see in the image that is directly relevant to this question. Be specific: count visible objects, note their location (left/right/center), and explicitly state if an expected component appears absent or is in the wrong position.
Step 2 — Conclude with exactly one of:
Result: Yes
Result: No
[RESPONSE]
Step 1: Observe
- The image shows a set of pushpins in individual slots.
- There are exactly 15 yellow pushpins, each with the metal needle facing up and round cap visible on top.

Step 2:
Result: Yes
[EXTRACTED] Yes

--- Stage 3b | Filter | Q: Is the center of the pushpin visible?... | /home/chikibriki/LoqicQA/dataset-ninja/mvtec-loco-ad/train/img/pushpins_153.png | gt=good ---
[PROMPT]
You are a strict industrial quality control inspector.
Your task is to inspect a pushpins and answer a specific constraint question.

[What a NORMAL pushpins looks like]
1. Components:
   - pushpin

2. Quantities:
   - pushpin: exactly 15

3. Spatial Arrangement:
   - pushpin: center

4. Visual Appearance and Fill Level:
   - pushpin: yellow, round cap with a metal needle
   Relative sizes:
     - pushpin: roughly equal to other components

5. Relational and Proportional Constraints:
   - The pushpins occupy the most space.
   - There are no fixed size ratios between components.

6. Symmetry and Connectivity:
   - Components (pushpins) do not need to be strictly separated or parallel/adjacent unless specified by external constraints like a board layout, which is not shown here.

7. Per-Slot Completeness:
   - Each slot must contain exactly one yellow pushpin head facing up; there should be no empty slots nor any slots with two or more items in them

Question to verify: Is the center of the pushpin visible?

Look carefully at the image.
Step 1 — Observe: Describe what you see in the image that is directly relevant to this question. Be specific: count visible objects, note their location (left/right/center), and explicitly state if an expected component appears absent or is in the wrong position.
Step 2 — Conclude with exactly one of:
Result: Yes
Result: No
[RESPONSE]
Step 1: Observe
- The image shows a set of pushpins arranged in individual slots within a container.
- There are exactly 15 yellow pushpins, each with round caps and metal needles. 
- Each slot contains one pushpin head facing up.

Step 2: Conclude

Result: Yes
[EXTRACTED] Yes

--- Stage 3b | Filter | Q: Is the center of the pushpin visible?... | /home/chikibriki/LoqicQA/dataset-ninja/mvtec-loco-ad/train/img/pushpins_250.png | gt=good ---
[PROMPT]
You are a strict industrial quality control inspector.
Your task is to inspect a pushpins and answer a specific constraint question.

[What a NORMAL pushpins looks like]
1. Components:
   - pushpin

2. Quantities:
   - pushpin: exactly 15

3. Spatial Arrangement:
   - pushpin: center

4. Visual Appearance and Fill Level:
   - pushpin: yellow, round cap with a metal needle
   Relative sizes:
     - pushpin: roughly equal to other components

5. Relational and Proportional Constraints:
   - The pushpins occupy the most space.
   - There are no fixed size ratios between components.

6. Symmetry and Connectivity:
   - Components (pushpins) do not need to be strictly separated or parallel/adjacent unless specified by external constraints like a board layout, which is not shown here.

7. Per-Slot Completeness:
   - Each slot must contain exactly one yellow pushpin head facing up; there should be no empty slots nor any slots with two or more items in them

Question to verify: Is the center of the pushpin visible?

Look carefully at the image.
Step 1 — Observe: Describe what you see in the image that is directly relevant to this question. Be specific: count visible objects, note their location (left/right/center), and explicitly state if an expected component appears absent or is in the wrong position.
Step 2 — Conclude with exactly one of:
Result: Yes
Result: No
[RESPONSE]
Step 1: Observation
- The image shows a set of pushpins arranged in individual slots within a container.
- There are exactly 15 yellow pushpins, each with a round cap and metal needle visible from the top view. 
- All pushpins appear to be centered horizontally across their respective slots.

Step 2: Conclusion

Result: Yes
[EXTRACTED] Yes

--- Stage 3b | Filter | Q: Is the center of the pushpin visible?... | /home/chikibriki/LoqicQA/dataset-ninja/mvtec-loco-ad/train/img/pushpins_200.png | gt=good ---
[PROMPT]
You are a strict industrial quality control inspector.
Your task is to inspect a pushpins and answer a specific constraint question.

[What a NORMAL pushpins looks like]
1. Components:
   - pushpin

2. Quantities:
   - pushpin: exactly 15

3. Spatial Arrangement:
   - pushpin: center

4. Visual Appearance and Fill Level:
   - pushpin: yellow, round cap with a metal needle
   Relative sizes:
     - pushpin: roughly equal to other components

5. Relational and Proportional Constraints:
   - The pushpins occupy the most space.
   - There are no fixed size ratios between components.

6. Symmetry and Connectivity:
   - Components (pushpins) do not need to be strictly separated or parallel/adjacent unless specified by external constraints like a board layout, which is not shown here.

7. Per-Slot Completeness:
   - Each slot must contain exactly one yellow pushpin head facing up; there should be no empty slots nor any slots with two or more items in them

Question to verify: Is the center of the pushpin visible?

Look carefully at the image.
Step 1 — Observe: Describe what you see in the image that is directly relevant to this question. Be specific: count visible objects, note their location (left/right/center), and explicitly state if an expected component appears absent or is in the wrong position.
Step 2 — Conclude with exactly one of:
Result: Yes
Result: No
[RESPONSE]
Step 1: Observe
- There are a total of 15 pushpins in the image.
- The pushpins appear to be evenly distributed across all slots, with no empty or double-filled slots.

Step 2:
Result: Yes
[EXTRACTED] Yes

--- Stage 3b | Filter | Q: Is the center of the pushpin visible?... | /home/chikibriki/LoqicQA/dataset-ninja/mvtec-loco-ad/train/img/pushpins_150.png | gt=good ---
[PROMPT]
You are a strict industrial quality control inspector.
Your task is to inspect a pushpins and answer a specific constraint question.

[What a NORMAL pushpins looks like]
1. Components:
   - pushpin

2. Quantities:
   - pushpin: exactly 15

3. Spatial Arrangement:
   - pushpin: center

4. Visual Appearance and Fill Level:
   - pushpin: yellow, round cap with a metal needle
   Relative sizes:
     - pushpin: roughly equal to other components

5. Relational and Proportional Constraints:
   - The pushpins occupy the most space.
   - There are no fixed size ratios between components.

6. Symmetry and Connectivity:
   - Components (pushpins) do not need to be strictly separated or parallel/adjacent unless specified by external constraints like a board layout, which is not shown here.

7. Per-Slot Completeness:
   - Each slot must contain exactly one yellow pushpin head facing up; there should be no empty slots nor any slots with two or more items in them

Question to verify: Is the center of the pushpin visible?

Look carefully at the image.
Step 1 — Observe: Describe what you see in the image that is directly relevant to this question. Be specific: count visible objects, note their location (left/right/center), and explicitly state if an expected component appears absent or is in the wrong position.
Step 2 — Conclude with exactly one of:
Result: Yes
Result: No
[RESPONSE]
Step 1: Observe
- The image shows a clear plastic container with multiple compartments.
- Each compartment contains one yellow pushpin head facing up, except for the center slot which is empty.

Step 2:
Result: No
[EXTRACTED] No

--- Stage 3b | Filter | Q: Is the center of the pushpin visible?... | /home/chikibriki/LoqicQA/dataset-ninja/mvtec-loco-ad/train/img/pushpins_087.png | gt=good ---
[PROMPT]
You are a strict industrial quality control inspector.
Your task is to inspect a pushpins and answer a specific constraint question.

[What a NORMAL pushpins looks like]
1. Components:
   - pushpin

2. Quantities:
   - pushpin: exactly 15

3. Spatial Arrangement:
   - pushpin: center

4. Visual Appearance and Fill Level:
   - pushpin: yellow, round cap with a metal needle
   Relative sizes:
     - pushpin: roughly equal to other components

5. Relational and Proportional Constraints:
   - The pushpins occupy the most space.
   - There are no fixed size ratios between components.

6. Symmetry and Connectivity:
   - Components (pushpins) do not need to be strictly separated or parallel/adjacent unless specified by external constraints like a board layout, which is not shown here.

7. Per-Slot Completeness:
   - Each slot must contain exactly one yellow pushpin head facing up; there should be no empty slots nor any slots with two or more items in them

Question to verify: Is the center of the pushpin visible?

Look carefully at the image.
Step 1 — Observe: Describe what you see in the image that is directly relevant to this question. Be specific: count visible objects, note their location (left/right/center), and explicitly state if an expected component appears absent or is in the wrong position.
Step 2 — Conclude with exactly one of:
Result: Yes
Result: No
[RESPONSE]
Step 1: Observe
- The image shows a set of pushpins arranged in individual slots.
- There are exactly 15 visible yellow pushpins, each with the metal needle facing up and round cap on top.

Step 2:
Result: Yes
[EXTRACTED] Yes

--- Stage 3b | Filter | Q: Is the center of the pushpin visible?... | /home/chikibriki/LoqicQA/dataset-ninja/mvtec-loco-ad/train/img/pushpins_246.png | gt=good ---
[PROMPT]
You are a strict industrial quality control inspector.
Your task is to inspect a pushpins and answer a specific constraint question.

[What a NORMAL pushpins looks like]
1. Components:
   - pushpin

2. Quantities:
   - pushpin: exactly 15

3. Spatial Arrangement:
   - pushpin: center

4. Visual Appearance and Fill Level:
   - pushpin: yellow, round cap with a metal needle
   Relative sizes:
     - pushpin: roughly equal to other components

5. Relational and Proportional Constraints:
   - The pushpins occupy the most space.
   - There are no fixed size ratios between components.

6. Symmetry and Connectivity:
   - Components (pushpins) do not need to be strictly separated or parallel/adjacent unless specified by external constraints like a board layout, which is not shown here.

7. Per-Slot Completeness:
   - Each slot must contain exactly one yellow pushpin head facing up; there should be no empty slots nor any slots with two or more items in them

Question to verify: Is the center of the pushpin visible?

Look carefully at the image.
Step 1 — Observe: Describe what you see in the image that is directly relevant to this question. Be specific: count visible objects, note their location (left/right/center), and explicitly state if an expected component appears absent or is in the wrong position.
Step 2 — Conclude with exactly one of:
Result: Yes
Result: No
[RESPONSE]
Step 1: Observe
- The image shows a plastic case with multiple slots, each containing one yellow pushpin.
- Each slot is filled correctly; there are no empty slots or extra items in any of the slots.

Step 2:
Result: Yes
[EXTRACTED] Yes

--- Stage 3b | Filter | Q: Is the center of the pushpin visible?... | /home/chikibriki/LoqicQA/dataset-ninja/mvtec-loco-ad/train/img/pushpins_242.png | gt=good ---
[PROMPT]
You are a strict industrial quality control inspector.
Your task is to inspect a pushpins and answer a specific constraint question.

[What a NORMAL pushpins looks like]
1. Components:
   - pushpin

2. Quantities:
   - pushpin: exactly 15

3. Spatial Arrangement:
   - pushpin: center

4. Visual Appearance and Fill Level:
   - pushpin: yellow, round cap with a metal needle
   Relative sizes:
     - pushpin: roughly equal to other components

5. Relational and Proportional Constraints:
   - The pushpins occupy the most space.
   - There are no fixed size ratios between components.

6. Symmetry and Connectivity:
   - Components (pushpins) do not need to be strictly separated or parallel/adjacent unless specified by external constraints like a board layout, which is not shown here.

7. Per-Slot Completeness:
   - Each slot must contain exactly one yellow pushpin head facing up; there should be no empty slots nor any slots with two or more items in them

Question to verify: Is the center of the pushpin visible?

Look carefully at the image.
Step 1 — Observe: Describe what you see in the image that is directly relevant to this question. Be specific: count visible objects, note their location (left/right/center), and explicitly state if an expected component appears absent or is in the wrong position.
Step 2 — Conclude with exactly one of:
Result: Yes
Result: No
[RESPONSE]
Step 1: Observe
- The image shows a set of pushpins arranged in slots.
- There are exactly 15 yellow pushpins visible, each with the metal needle pointing downwards and round cap facing up. 
- All pushpins appear to be centered within their respective slots.

Step 2:
Result: Yes
[EXTRACTED] Yes

--- Stage 3b | Filter | Q: Is the center of the pushpin visible?... | /home/chikibriki/LoqicQA/dataset-ninja/mvtec-loco-ad/train/img/pushpins_163.png | gt=good ---
[PROMPT]
You are a strict industrial quality control inspector.
Your task is to inspect a pushpins and answer a specific constraint question.

[What a NORMAL pushpins looks like]
1. Components:
   - pushpin

2. Quantities:
   - pushpin: exactly 15

3. Spatial Arrangement:
   - pushpin: center

4. Visual Appearance and Fill Level:
   - pushpin: yellow, round cap with a metal needle
   Relative sizes:
     - pushpin: roughly equal to other components

5. Relational and Proportional Constraints:
   - The pushpins occupy the most space.
   - There are no fixed size ratios between components.

6. Symmetry and Connectivity:
   - Components (pushpins) do not need to be strictly separated or parallel/adjacent unless specified by external constraints like a board layout, which is not shown here.

7. Per-Slot Completeness:
   - Each slot must contain exactly one yellow pushpin head facing up; there should be no empty slots nor any slots with two or more items in them

Question to verify: Is the center of the pushpin visible?

Look carefully at the image.
Step 1 — Observe: Describe what you see in the image that is directly relevant to this question. Be specific: count visible objects, note their location (left/right/center), and explicitly state if an expected component appears absent or is in the wrong position.
Step 2 — Conclude with exactly one of:
Result: Yes
Result: No
[RESPONSE]
Step 1: Observe
- The image shows a set of pushpins arranged in slots.
- There are exactly 15 visible yellow pushpins, each with the metal needle facing up and round cap on top. 
- All pushpins appear to be centered within their respective slots.

Step 2:
Result: Yes
[EXTRACTED] Yes

--- Stage 3b | Filter | Q: Is the center of the pushpin visible?... | /home/chikibriki/LoqicQA/dataset-ninja/mvtec-loco-ad/train/img/pushpins_320.png | gt=good ---
[PROMPT]
You are a strict industrial quality control inspector.
Your task is to inspect a pushpins and answer a specific constraint question.

[What a NORMAL pushpins looks like]
1. Components:
   - pushpin

2. Quantities:
   - pushpin: exactly 15

3. Spatial Arrangement:
   - pushpin: center

4. Visual Appearance and Fill Level:
   - pushpin: yellow, round cap with a metal needle
   Relative sizes:
     - pushpin: roughly equal to other components

5. Relational and Proportional Constraints:
   - The pushpins occupy the most space.
   - There are no fixed size ratios between components.

6. Symmetry and Connectivity:
   - Components (pushpins) do not need to be strictly separated or parallel/adjacent unless specified by external constraints like a board layout, which is not shown here.

7. Per-Slot Completeness:
   - Each slot must contain exactly one yellow pushpin head facing up; there should be no empty slots nor any slots with two or more items in them

Question to verify: Is the center of the pushpin visible?

Look carefully at the image.
Step 1 — Observe: Describe what you see in the image that is directly relevant to this question. Be specific: count visible objects, note their location (left/right/center), and explicitly state if an expected component appears absent or is in the wrong position.
Step 2 — Conclude with exactly one of:
Result: Yes
Result: No
[RESPONSE]
Step 1: Observe
- There are a total of 15 pushpins in the image.
- The pushpins appear to be evenly distributed across all slots, with no empty or double-filled slots.

Step 2:
Result: Yes
[EXTRACTED] Yes

--- Stage 3b | Filter | Q: Is the center of the pushpin visible?... | /home/chikibriki/LoqicQA/dataset-ninja/mvtec-loco-ad/train/img/pushpins_259.png | gt=good ---
[PROMPT]
You are a strict industrial quality control inspector.
Your task is to inspect a pushpins and answer a specific constraint question.

[What a NORMAL pushpins looks like]
1. Components:
   - pushpin

2. Quantities:
   - pushpin: exactly 15

3. Spatial Arrangement:
   - pushpin: center

4. Visual Appearance and Fill Level:
   - pushpin: yellow, round cap with a metal needle
   Relative sizes:
     - pushpin: roughly equal to other components

5. Relational and Proportional Constraints:
   - The pushpins occupy the most space.
   - There are no fixed size ratios between components.

6. Symmetry and Connectivity:
   - Components (pushpins) do not need to be strictly separated or parallel/adjacent unless specified by external constraints like a board layout, which is not shown here.

7. Per-Slot Completeness:
   - Each slot must contain exactly one yellow pushpin head facing up; there should be no empty slots nor any slots with two or more items in them

Question to verify: Is the center of the pushpin visible?

Look carefully at the image.
Step 1 — Observe: Describe what you see in the image that is directly relevant to this question. Be specific: count visible objects, note their location (left/right/center), and explicitly state if an expected component appears absent or is in the wrong position.
Step 2 — Conclude with exactly one of:
Result: Yes
Result: No
[RESPONSE]
Step 1: Observe
- There are a total of 15 pushpins in the image.
- The pushpins appear to be evenly distributed across all slots, with no empty or double-filled slots.

Step 2:
Result: Yes
[EXTRACTED] Yes
[FILTER RESULT] 'Is the center of the pushpin visible?' acc=0.93 → KEEP

--- Stage 3b | Filter | Q: Is there a yellow, round cap with a metal needle?... | /home/chikibriki/LoqicQA/dataset-ninja/mvtec-loco-ad/train/img/pushpins_127.png | gt=good ---
[PROMPT]
You are a strict industrial quality control inspector.
Your task is to inspect a pushpins and answer a specific constraint question.

[What a NORMAL pushpins looks like]
1. Components:
   - pushpin

2. Quantities:
   - pushpin: exactly 15

3. Spatial Arrangement:
   - pushpin: center

4. Visual Appearance and Fill Level:
   - pushpin: yellow, round cap with a metal needle
   Relative sizes:
     - pushpin: roughly equal to other components

5. Relational and Proportional Constraints:
   - The pushpins occupy the most space.
   - There are no fixed size ratios between components.

6. Symmetry and Connectivity:
   - Components (pushpins) do not need to be strictly separated or parallel/adjacent unless specified by external constraints like a board layout, which is not shown here.

7. Per-Slot Completeness:
   - Each slot must contain exactly one yellow pushpin head facing up; there should be no empty slots nor any slots with two or more items in them

Question to verify: Is there a yellow, round cap with a metal needle?

Look carefully at the image.
Step 1 — Observe: Describe what you see in the image that is directly relevant to this question. Be specific: count visible objects, note their location (left/right/center), and explicitly state if an expected component appears absent or is in the wrong position.
Step 2 — Conclude with exactly one of:
Result: Yes
Result: No
[RESPONSE]
Step 1: Observe
- The image shows a set of pushpins in individual slots.
- There are exactly 15 yellow, round cap with metal needles visible within the compartments.

Step 2: Conclude 
Result: Yes
[EXTRACTED] Yes

--- Stage 3b | Filter | Q: Is there a yellow, round cap with a metal needle?... | /home/chikibriki/LoqicQA/dataset-ninja/mvtec-loco-ad/train/img/pushpins_074.png | gt=good ---
[PROMPT]
You are a strict industrial quality control inspector.
Your task is to inspect a pushpins and answer a specific constraint question.

[What a NORMAL pushpins looks like]
1. Components:
   - pushpin

2. Quantities:
   - pushpin: exactly 15

3. Spatial Arrangement:
   - pushpin: center

4. Visual Appearance and Fill Level:
   - pushpin: yellow, round cap with a metal needle
   Relative sizes:
     - pushpin: roughly equal to other components

5. Relational and Proportional Constraints:
   - The pushpins occupy the most space.
   - There are no fixed size ratios between components.

6. Symmetry and Connectivity:
   - Components (pushpins) do not need to be strictly separated or parallel/adjacent unless specified by external constraints like a board layout, which is not shown here.

7. Per-Slot Completeness:
   - Each slot must contain exactly one yellow pushpin head facing up; there should be no empty slots nor any slots with two or more items in them

Question to verify: Is there a yellow, round cap with a metal needle?

Look carefully at the image.
Step 1 — Observe: Describe what you see in the image that is directly relevant to this question. Be specific: count visible objects, note their location (left/right/center), and explicitly state if an expected component appears absent or is in the wrong position.
Step 2 — Conclude with exactly one of:
Result: Yes
Result: No
[RESPONSE]
Step 1: Observe
- There are exactly 15 pushpins visible in the image.
- Each slot contains one yellow, round cap with a metal needle facing up.

Step 2:
Result: Yes
[EXTRACTED] Yes

--- Stage 3b | Filter | Q: Is there a yellow, round cap with a metal needle?... | /home/chikibriki/LoqicQA/dataset-ninja/mvtec-loco-ad/train/img/pushpins_181.png | gt=good ---
[PROMPT]
You are a strict industrial quality control inspector.
Your task is to inspect a pushpins and answer a specific constraint question.

[What a NORMAL pushpins looks like]
1. Components:
   - pushpin

2. Quantities:
   - pushpin: exactly 15

3. Spatial Arrangement:
   - pushpin: center

4. Visual Appearance and Fill Level:
   - pushpin: yellow, round cap with a metal needle
   Relative sizes:
     - pushpin: roughly equal to other components

5. Relational and Proportional Constraints:
   - The pushpins occupy the most space.
   - There are no fixed size ratios between components.

6. Symmetry and Connectivity:
   - Components (pushpins) do not need to be strictly separated or parallel/adjacent unless specified by external constraints like a board layout, which is not shown here.

7. Per-Slot Completeness:
   - Each slot must contain exactly one yellow pushpin head facing up; there should be no empty slots nor any slots with two or more items in them

Question to verify: Is there a yellow, round cap with a metal needle?

Look carefully at the image.
Step 1 — Observe: Describe what you see in the image that is directly relevant to this question. Be specific: count visible objects, note their location (left/right/center), and explicitly state if an expected component appears absent or is in the wrong position.
Step 2 — Conclude with exactly one of:
Result: Yes
Result: No
[RESPONSE]
Step 1: Observe
- The image shows a plastic case with multiple slots.
- Each slot contains one yellow pushpin head facing up, except for the top left and bottom right slots which are empty.

Step 2: Conclude 
Result: Yes
[EXTRACTED] Yes

--- Stage 3b | Filter | Q: Is there a yellow, round cap with a metal needle?... | /home/chikibriki/LoqicQA/dataset-ninja/mvtec-loco-ad/train/img/pushpins_028.png | gt=good ---
[PROMPT]
You are a strict industrial quality control inspector.
Your task is to inspect a pushpins and answer a specific constraint question.

[What a NORMAL pushpins looks like]
1. Components:
   - pushpin

2. Quantities:
   - pushpin: exactly 15

3. Spatial Arrangement:
   - pushpin: center

4. Visual Appearance and Fill Level:
   - pushpin: yellow, round cap with a metal needle
   Relative sizes:
     - pushpin: roughly equal to other components

5. Relational and Proportional Constraints:
   - The pushpins occupy the most space.
   - There are no fixed size ratios between components.

6. Symmetry and Connectivity:
   - Components (pushpins) do not need to be strictly separated or parallel/adjacent unless specified by external constraints like a board layout, which is not shown here.

7. Per-Slot Completeness:
   - Each slot must contain exactly one yellow pushpin head facing up; there should be no empty slots nor any slots with two or more items in them

Question to verify: Is there a yellow, round cap with a metal needle?

Look carefully at the image.
Step 1 — Observe: Describe what you see in the image that is directly relevant to this question. Be specific: count visible objects, note their location (left/right/center), and explicitly state if an expected component appears absent or is in the wrong position.
Step 2 — Conclude with exactly one of:
Result: Yes
Result: No
[RESPONSE]
Step 1: Observe
- There are a total of 15 slots in the image.
- Each slot contains one yellow pushpin head facing up, with its metal needle pointing downwards.

Step 2:
Result: Yes
[EXTRACTED] Yes

--- Stage 3b | Filter | Q: Is there a yellow, round cap with a metal needle?... | /home/chikibriki/LoqicQA/dataset-ninja/mvtec-loco-ad/train/img/pushpins_169.png | gt=good ---
[PROMPT]
You are a strict industrial quality control inspector.
Your task is to inspect a pushpins and answer a specific constraint question.

[What a NORMAL pushpins looks like]
1. Components:
   - pushpin

2. Quantities:
   - pushpin: exactly 15

3. Spatial Arrangement:
   - pushpin: center

4. Visual Appearance and Fill Level:
   - pushpin: yellow, round cap with a metal needle
   Relative sizes:
     - pushpin: roughly equal to other components

5. Relational and Proportional Constraints:
   - The pushpins occupy the most space.
   - There are no fixed size ratios between components.

6. Symmetry and Connectivity:
   - Components (pushpins) do not need to be strictly separated or parallel/adjacent unless specified by external constraints like a board layout, which is not shown here.

7. Per-Slot Completeness:
   - Each slot must contain exactly one yellow pushpin head facing up; there should be no empty slots nor any slots with two or more items in them

Question to verify: Is there a yellow, round cap with a metal needle?

Look carefully at the image.
Step 1 — Observe: Describe what you see in the image that is directly relevant to this question. Be specific: count visible objects, note their location (left/right/center), and explicitly state if an expected component appears absent or is in the wrong position.
Step 2 — Conclude with exactly one of:
Result: Yes
Result: No
[RESPONSE]
Step 1: Observe
- The image shows a plastic case with multiple slots.
- Each slot contains one yellow pushpin head facing up, except for the top right and bottom left slots which are empty.

Step 2:
Result: Yes
[EXTRACTED] Yes

--- Stage 3b | Filter | Q: Is there a yellow, round cap with a metal needle?... | /home/chikibriki/LoqicQA/dataset-ninja/mvtec-loco-ad/train/img/pushpins_153.png | gt=good ---
[PROMPT]
You are a strict industrial quality control inspector.
Your task is to inspect a pushpins and answer a specific constraint question.

[What a NORMAL pushpins looks like]
1. Components:
   - pushpin

2. Quantities:
   - pushpin: exactly 15

3. Spatial Arrangement:
   - pushpin: center

4. Visual Appearance and Fill Level:
   - pushpin: yellow, round cap with a metal needle
   Relative sizes:
     - pushpin: roughly equal to other components

5. Relational and Proportional Constraints:
   - The pushpins occupy the most space.
   - There are no fixed size ratios between components.

6. Symmetry and Connectivity:
   - Components (pushpins) do not need to be strictly separated or parallel/adjacent unless specified by external constraints like a board layout, which is not shown here.

7. Per-Slot Completeness:
   - Each slot must contain exactly one yellow pushpin head facing up; there should be no empty slots nor any slots with two or more items in them

Question to verify: Is there a yellow, round cap with a metal needle?

Look carefully at the image.
Step 1 — Observe: Describe what you see in the image that is directly relevant to this question. Be specific: count visible objects, note their location (left/right/center), and explicitly state if an expected component appears absent or is in the wrong position.
Step 2 — Conclude with exactly one of:
Result: Yes
Result: No
[RESPONSE]
Step 1: Observe
- There are a total of 15 slots in the container.
- Each slot contains one yellow pushpin with its head facing up, except for two empty slots on either side.

Step 2:
Result: Yes
[EXTRACTED] Yes

--- Stage 3b | Filter | Q: Is there a yellow, round cap with a metal needle?... | /home/chikibriki/LoqicQA/dataset-ninja/mvtec-loco-ad/train/img/pushpins_250.png | gt=good ---
[PROMPT]
You are a strict industrial quality control inspector.
Your task is to inspect a pushpins and answer a specific constraint question.

[What a NORMAL pushpins looks like]
1. Components:
   - pushpin

2. Quantities:
   - pushpin: exactly 15

3. Spatial Arrangement:
   - pushpin: center

4. Visual Appearance and Fill Level:
   - pushpin: yellow, round cap with a metal needle
   Relative sizes:
     - pushpin: roughly equal to other components

5. Relational and Proportional Constraints:
   - The pushpins occupy the most space.
   - There are no fixed size ratios between components.

6. Symmetry and Connectivity:
   - Components (pushpins) do not need to be strictly separated or parallel/adjacent unless specified by external constraints like a board layout, which is not shown here.

7. Per-Slot Completeness:
   - Each slot must contain exactly one yellow pushpin head facing up; there should be no empty slots nor any slots with two or more items in them

Question to verify: Is there a yellow, round cap with a metal needle?

Look carefully at the image.
Step 1 — Observe: Describe what you see in the image that is directly relevant to this question. Be specific: count visible objects, note their location (left/right/center), and explicitly state if an expected component appears absent or is in the wrong position.
Step 2 — Conclude with exactly one of:
Result: Yes
Result: No
[RESPONSE]
Step 1: Observe
- The image shows a plastic case with multiple slots.
- Each slot contains one yellow pushpin head facing up, except for the top left and bottom right corners which are empty.

Step 2:
Result: Yes
[EXTRACTED] Yes

--- Stage 3b | Filter | Q: Is there a yellow, round cap with a metal needle?... | /home/chikibriki/LoqicQA/dataset-ninja/mvtec-loco-ad/train/img/pushpins_200.png | gt=good ---
[PROMPT]
You are a strict industrial quality control inspector.
Your task is to inspect a pushpins and answer a specific constraint question.

[What a NORMAL pushpins looks like]
1. Components:
   - pushpin

2. Quantities:
   - pushpin: exactly 15

3. Spatial Arrangement:
   - pushpin: center

4. Visual Appearance and Fill Level:
   - pushpin: yellow, round cap with a metal needle
   Relative sizes:
     - pushpin: roughly equal to other components

5. Relational and Proportional Constraints:
   - The pushpins occupy the most space.
   - There are no fixed size ratios between components.

6. Symmetry and Connectivity:
   - Components (pushpins) do not need to be strictly separated or parallel/adjacent unless specified by external constraints like a board layout, which is not shown here.

7. Per-Slot Completeness:
   - Each slot must contain exactly one yellow pushpin head facing up; there should be no empty slots nor any slots with two or more items in them

Question to verify: Is there a yellow, round cap with a metal needle?

Look carefully at the image.
Step 1 — Observe: Describe what you see in the image that is directly relevant to this question. Be specific: count visible objects, note their location (left/right/center), and explicitly state if an expected component appears absent or is in the wrong position.
Step 2 — Conclude with exactly one of:
Result: Yes
Result: No
[RESPONSE]
Step 1: Observe
- There are a total of 15 slots.
- Each slot contains one yellow pushpin head facing up, except for the center-left and bottom-center slots which appear to be empty.

Step 2:
Result: No
[EXTRACTED] No

--- Stage 3b | Filter | Q: Is there a yellow, round cap with a metal needle?... | /home/chikibriki/LoqicQA/dataset-ninja/mvtec-loco-ad/train/img/pushpins_150.png | gt=good ---
[PROMPT]
You are a strict industrial quality control inspector.
Your task is to inspect a pushpins and answer a specific constraint question.

[What a NORMAL pushpins looks like]
1. Components:
   - pushpin

2. Quantities:
   - pushpin: exactly 15

3. Spatial Arrangement:
   - pushpin: center

4. Visual Appearance and Fill Level:
   - pushpin: yellow, round cap with a metal needle
   Relative sizes:
     - pushpin: roughly equal to other components

5. Relational and Proportional Constraints:
   - The pushpins occupy the most space.
   - There are no fixed size ratios between components.

6. Symmetry and Connectivity:
   - Components (pushpins) do not need to be strictly separated or parallel/adjacent unless specified by external constraints like a board layout, which is not shown here.

7. Per-Slot Completeness:
   - Each slot must contain exactly one yellow pushpin head facing up; there should be no empty slots nor any slots with two or more items in them

Question to verify: Is there a yellow, round cap with a metal needle?

Look carefully at the image.
Step 1 — Observe: Describe what you see in the image that is directly relevant to this question. Be specific: count visible objects, note their location (left/right/center), and explicitly state if an expected component appears absent or is in the wrong position.
Step 2 — Conclude with exactly one of:
Result: Yes
Result: No
[RESPONSE]
Step 1: Observe
- There are a total of 15 slots in the image.
- Each slot contains one yellow pushpin head facing up, with its metal needle pointing downwards.

Step 2:
Result: Yes
[EXTRACTED] Yes

--- Stage 3b | Filter | Q: Is there a yellow, round cap with a metal needle?... | /home/chikibriki/LoqicQA/dataset-ninja/mvtec-loco-ad/train/img/pushpins_087.png | gt=good ---
[PROMPT]
You are a strict industrial quality control inspector.
Your task is to inspect a pushpins and answer a specific constraint question.

[What a NORMAL pushpins looks like]
1. Components:
   - pushpin

2. Quantities:
   - pushpin: exactly 15

3. Spatial Arrangement:
   - pushpin: center

4. Visual Appearance and Fill Level:
   - pushpin: yellow, round cap with a metal needle
   Relative sizes:
     - pushpin: roughly equal to other components

5. Relational and Proportional Constraints:
   - The pushpins occupy the most space.
   - There are no fixed size ratios between components.

6. Symmetry and Connectivity:
   - Components (pushpins) do not need to be strictly separated or parallel/adjacent unless specified by external constraints like a board layout, which is not shown here.

7. Per-Slot Completeness:
   - Each slot must contain exactly one yellow pushpin head facing up; there should be no empty slots nor any slots with two or more items in them

Question to verify: Is there a yellow, round cap with a metal needle?

Look carefully at the image.
Step 1 — Observe: Describe what you see in the image that is directly relevant to this question. Be specific: count visible objects, note their location (left/right/center), and explicitly state if an expected component appears absent or is in the wrong position.
Step 2 — Conclude with exactly one of:
Result: Yes
Result: No
[RESPONSE]
Step 1: Observe
- There are a total of 15 slots.
- Each slot contains one yellow pushpin with the metal needle facing up, except for two empty slots.

Step 2:
Result: Yes
[EXTRACTED] Yes

--- Stage 3b | Filter | Q: Is there a yellow, round cap with a metal needle?... | /home/chikibriki/LoqicQA/dataset-ninja/mvtec-loco-ad/train/img/pushpins_246.png | gt=good ---
[PROMPT]
You are a strict industrial quality control inspector.
Your task is to inspect a pushpins and answer a specific constraint question.

[What a NORMAL pushpins looks like]
1. Components:
   - pushpin

2. Quantities:
   - pushpin: exactly 15

3. Spatial Arrangement:
   - pushpin: center

4. Visual Appearance and Fill Level:
   - pushpin: yellow, round cap with a metal needle
   Relative sizes:
     - pushpin: roughly equal to other components

5. Relational and Proportional Constraints:
   - The pushpins occupy the most space.
   - There are no fixed size ratios between components.

6. Symmetry and Connectivity:
   - Components (pushpins) do not need to be strictly separated or parallel/adjacent unless specified by external constraints like a board layout, which is not shown here.

7. Per-Slot Completeness:
   - Each slot must contain exactly one yellow pushpin head facing up; there should be no empty slots nor any slots with two or more items in them

Question to verify: Is there a yellow, round cap with a metal needle?

Look carefully at the image.
Step 1 — Observe: Describe what you see in the image that is directly relevant to this question. Be specific: count visible objects, note their location (left/right/center), and explicitly state if an expected component appears absent or is in the wrong position.
Step 2 — Conclude with exactly one of:
Result: Yes
Result: No
[RESPONSE]
Step 1: Observe
- The image shows a clear plastic case with multiple compartments.
- Each compartment contains one yellow pushpin head facing up, except for the bottom right corner which is empty.

Step 2:
Result: No
[EXTRACTED] No

--- Stage 3b | Filter | Q: Is there a yellow, round cap with a metal needle?... | /home/chikibriki/LoqicQA/dataset-ninja/mvtec-loco-ad/train/img/pushpins_242.png | gt=good ---
[PROMPT]
You are a strict industrial quality control inspector.
Your task is to inspect a pushpins and answer a specific constraint question.

[What a NORMAL pushpins looks like]
1. Components:
   - pushpin

2. Quantities:
   - pushpin: exactly 15

3. Spatial Arrangement:
   - pushpin: center

4. Visual Appearance and Fill Level:
   - pushpin: yellow, round cap with a metal needle
   Relative sizes:
     - pushpin: roughly equal to other components

5. Relational and Proportional Constraints:
   - The pushpins occupy the most space.
   - There are no fixed size ratios between components.

6. Symmetry and Connectivity:
   - Components (pushpins) do not need to be strictly separated or parallel/adjacent unless specified by external constraints like a board layout, which is not shown here.

7. Per-Slot Completeness:
   - Each slot must contain exactly one yellow pushpin head facing up; there should be no empty slots nor any slots with two or more items in them

Question to verify: Is there a yellow, round cap with a metal needle?

Look carefully at the image.
Step 1 — Observe: Describe what you see in the image that is directly relevant to this question. Be specific: count visible objects, note their location (left/right/center), and explicitly state if an expected component appears absent or is in the wrong position.
Step 2 — Conclude with exactly one of:
Result: Yes
Result: No
[RESPONSE]
Step 1: Observe
- The image shows a clear plastic container with multiple slots.
- Each slot contains one yellow pushpin head facing up, except for the top left and bottom right slots which are empty.

Step 2:
Result: Yes
[EXTRACTED] Yes

--- Stage 3b | Filter | Q: Is there a yellow, round cap with a metal needle?... | /home/chikibriki/LoqicQA/dataset-ninja/mvtec-loco-ad/train/img/pushpins_163.png | gt=good ---
[PROMPT]
You are a strict industrial quality control inspector.
Your task is to inspect a pushpins and answer a specific constraint question.

[What a NORMAL pushpins looks like]
1. Components:
   - pushpin

2. Quantities:
   - pushpin: exactly 15

3. Spatial Arrangement:
   - pushpin: center

4. Visual Appearance and Fill Level:
   - pushpin: yellow, round cap with a metal needle
   Relative sizes:
     - pushpin: roughly equal to other components

5. Relational and Proportional Constraints:
   - The pushpins occupy the most space.
   - There are no fixed size ratios between components.

6. Symmetry and Connectivity:
   - Components (pushpins) do not need to be strictly separated or parallel/adjacent unless specified by external constraints like a board layout, which is not shown here.

7. Per-Slot Completeness:
   - Each slot must contain exactly one yellow pushpin head facing up; there should be no empty slots nor any slots with two or more items in them

Question to verify: Is there a yellow, round cap with a metal needle?

Look carefully at the image.
Step 1 — Observe: Describe what you see in the image that is directly relevant to this question. Be specific: count visible objects, note their location (left/right/center), and explicitly state if an expected component appears absent or is in the wrong position.
Step 2 — Conclude with exactly one of:
Result: Yes
Result: No
[RESPONSE]
Step 1: Observe
- There are a total of 15 slots in the container.
- Each slot contains one yellow pushpin head facing up, with its metal needle pointing downwards.

Step 2: Conclude 
Result: Yes
[EXTRACTED] Yes

--- Stage 3b | Filter | Q: Is there a yellow, round cap with a metal needle?... | /home/chikibriki/LoqicQA/dataset-ninja/mvtec-loco-ad/train/img/pushpins_320.png | gt=good ---
[PROMPT]
You are a strict industrial quality control inspector.
Your task is to inspect a pushpins and answer a specific constraint question.

[What a NORMAL pushpins looks like]
1. Components:
   - pushpin

2. Quantities:
   - pushpin: exactly 15

3. Spatial Arrangement:
   - pushpin: center

4. Visual Appearance and Fill Level:
   - pushpin: yellow, round cap with a metal needle
   Relative sizes:
     - pushpin: roughly equal to other components

5. Relational and Proportional Constraints:
   - The pushpins occupy the most space.
   - There are no fixed size ratios between components.

6. Symmetry and Connectivity:
   - Components (pushpins) do not need to be strictly separated or parallel/adjacent unless specified by external constraints like a board layout, which is not shown here.

7. Per-Slot Completeness:
   - Each slot must contain exactly one yellow pushpin head facing up; there should be no empty slots nor any slots with two or more items in them

Question to verify: Is there a yellow, round cap with a metal needle?

Look carefully at the image.
Step 1 — Observe: Describe what you see in the image that is directly relevant to this question. Be specific: count visible objects, note their location (left/right/center), and explicitly state if an expected component appears absent or is in the wrong position.
Step 2 — Conclude with exactly one of:
Result: Yes
Result: No
[RESPONSE]
Step 1: Observe
- The image shows a clear plastic container with multiple compartments.
- Each compartment contains one yellow pushpin head facing up, except for the bottom right corner where there is an empty slot.

Step 2:
Result: No
[EXTRACTED] No

--- Stage 3b | Filter | Q: Is there a yellow, round cap with a metal needle?... | /home/chikibriki/LoqicQA/dataset-ninja/mvtec-loco-ad/train/img/pushpins_259.png | gt=good ---
[PROMPT]
You are a strict industrial quality control inspector.
Your task is to inspect a pushpins and answer a specific constraint question.

[What a NORMAL pushpins looks like]
1. Components:
   - pushpin

2. Quantities:
   - pushpin: exactly 15

3. Spatial Arrangement:
   - pushpin: center

4. Visual Appearance and Fill Level:
   - pushpin: yellow, round cap with a metal needle
   Relative sizes:
     - pushpin: roughly equal to other components

5. Relational and Proportional Constraints:
   - The pushpins occupy the most space.
   - There are no fixed size ratios between components.

6. Symmetry and Connectivity:
   - Components (pushpins) do not need to be strictly separated or parallel/adjacent unless specified by external constraints like a board layout, which is not shown here.

7. Per-Slot Completeness:
   - Each slot must contain exactly one yellow pushpin head facing up; there should be no empty slots nor any slots with two or more items in them

Question to verify: Is there a yellow, round cap with a metal needle?

Look carefully at the image.
Step 1 — Observe: Describe what you see in the image that is directly relevant to this question. Be specific: count visible objects, note their location (left/right/center), and explicitly state if an expected component appears absent or is in the wrong position.
Step 2 — Conclude with exactly one of:
Result: Yes
Result: No
[RESPONSE]
Step 1: Observe
- The image shows a plastic case with multiple slots.
- Each slot contains one yellow pushpin head facing up, except for the top right and bottom left slots which are empty.

Step 2:
Result: Yes
[EXTRACTED] Yes
[FILTER RESULT] 'Is there a yellow, round cap with a metal needle?' acc=0.80 → KEEP

--- Stage 3b | Filter | Q: Is the pushpin roughly equal to other components?... | /home/chikibriki/LoqicQA/dataset-ninja/mvtec-loco-ad/train/img/pushpins_127.png | gt=good ---
[PROMPT]
You are a strict industrial quality control inspector.
Your task is to inspect a pushpins and answer a specific constraint question.

[What a NORMAL pushpins looks like]
1. Components:
   - pushpin

2. Quantities:
   - pushpin: exactly 15

3. Spatial Arrangement:
   - pushpin: center

4. Visual Appearance and Fill Level:
   - pushpin: yellow, round cap with a metal needle
   Relative sizes:
     - pushpin: roughly equal to other components

5. Relational and Proportional Constraints:
   - The pushpins occupy the most space.
   - There are no fixed size ratios between components.

6. Symmetry and Connectivity:
   - Components (pushpins) do not need to be strictly separated or parallel/adjacent unless specified by external constraints like a board layout, which is not shown here.

7. Per-Slot Completeness:
   - Each slot must contain exactly one yellow pushpin head facing up; there should be no empty slots nor any slots with two or more items in them

Question to verify: Is the pushpin roughly equal to other components?

Look carefully at the image.
Step 1 — Observe: Describe what you see in the image that is directly relevant to this question. Be specific: count visible objects, note their location (left/right/center), and explicitly state if an expected component appears absent or is in the wrong position.
Step 2 — Conclude with exactly one of:
Result: Yes
Result: No
[RESPONSE]
Step 1: Observe
- There are a total of 15 pushpins visible in the image.
- Each slot contains exactly one yellow pushpin head facing up, with no empty slots or extra items.

Step 2:
Result: Yes
[EXTRACTED] Yes

--- Stage 3b | Filter | Q: Is the pushpin roughly equal to other components?... | /home/chikibriki/LoqicQA/dataset-ninja/mvtec-loco-ad/train/img/pushpins_074.png | gt=good ---
[PROMPT]
You are a strict industrial quality control inspector.
Your task is to inspect a pushpins and answer a specific constraint question.

[What a NORMAL pushpins looks like]
1. Components:
   - pushpin

2. Quantities:
   - pushpin: exactly 15

3. Spatial Arrangement:
   - pushpin: center

4. Visual Appearance and Fill Level:
   - pushpin: yellow, round cap with a metal needle
   Relative sizes:
     - pushpin: roughly equal to other components

5. Relational and Proportional Constraints:
   - The pushpins occupy the most space.
   - There are no fixed size ratios between components.

6. Symmetry and Connectivity:
   - Components (pushpins) do not need to be strictly separated or parallel/adjacent unless specified by external constraints like a board layout, which is not shown here.

7. Per-Slot Completeness:
   - Each slot must contain exactly one yellow pushpin head facing up; there should be no empty slots nor any slots with two or more items in them

Question to verify: Is the pushpin roughly equal to other components?

Look carefully at the image.
Step 1 — Observe: Describe what you see in the image that is directly relevant to this question. Be specific: count visible objects, note their location (left/right/center), and explicitly state if an expected component appears absent or is in the wrong position.
Step 2 — Conclude with exactly one of:
Result: Yes
Result: No
[RESPONSE]
Step 1: Observe
- There are a total of 15 pushpins visible in the image.
- Each slot contains exactly one yellow pushpin head facing up, with no empty slots or extra items.

Step 2:
Result: Yes
[EXTRACTED] Yes

--- Stage 3b | Filter | Q: Is the pushpin roughly equal to other components?... | /home/chikibriki/LoqicQA/dataset-ninja/mvtec-loco-ad/train/img/pushpins_181.png | gt=good ---
[PROMPT]
You are a strict industrial quality control inspector.
Your task is to inspect a pushpins and answer a specific constraint question.

[What a NORMAL pushpins looks like]
1. Components:
   - pushpin

2. Quantities:
   - pushpin: exactly 15

3. Spatial Arrangement:
   - pushpin: center

4. Visual Appearance and Fill Level:
   - pushpin: yellow, round cap with a metal needle
   Relative sizes:
     - pushpin: roughly equal to other components

5. Relational and Proportional Constraints:
   - The pushpins occupy the most space.
   - There are no fixed size ratios between components.

6. Symmetry and Connectivity:
   - Components (pushpins) do not need to be strictly separated or parallel/adjacent unless specified by external constraints like a board layout, which is not shown here.

7. Per-Slot Completeness:
   - Each slot must contain exactly one yellow pushpin head facing up; there should be no empty slots nor any slots with two or more items in them

Question to verify: Is the pushpin roughly equal to other components?

Look carefully at the image.
Step 1 — Observe: Describe what you see in the image that is directly relevant to this question. Be specific: count visible objects, note their location (left/right/center), and explicitly state if an expected component appears absent or is in the wrong position.
Step 2 — Conclude with exactly one of:
Result: Yes
Result: No
[RESPONSE]
Step 1: Observe
- There are a total of 15 pushpins visible in the image.
- Each slot contains exactly one yellow pushpin head facing up, with no empty slots or extra items.

Step 2:
Result: Yes
[EXTRACTED] Yes

--- Stage 3b | Filter | Q: Is the pushpin roughly equal to other components?... | /home/chikibriki/LoqicQA/dataset-ninja/mvtec-loco-ad/train/img/pushpins_028.png | gt=good ---
[PROMPT]
You are a strict industrial quality control inspector.
Your task is to inspect a pushpins and answer a specific constraint question.

[What a NORMAL pushpins looks like]
1. Components:
   - pushpin

2. Quantities:
   - pushpin: exactly 15

3. Spatial Arrangement:
   - pushpin: center

4. Visual Appearance and Fill Level:
   - pushpin: yellow, round cap with a metal needle
   Relative sizes:
     - pushpin: roughly equal to other components

5. Relational and Proportional Constraints:
   - The pushpins occupy the most space.
   - There are no fixed size ratios between components.

6. Symmetry and Connectivity:
   - Components (pushpins) do not need to be strictly separated or parallel/adjacent unless specified by external constraints like a board layout, which is not shown here.

7. Per-Slot Completeness:
   - Each slot must contain exactly one yellow pushpin head facing up; there should be no empty slots nor any slots with two or more items in them

Question to verify: Is the pushpin roughly equal to other components?

Look carefully at the image.
Step 1 — Observe: Describe what you see in the image that is directly relevant to this question. Be specific: count visible objects, note their location (left/right/center), and explicitly state if an expected component appears absent or is in the wrong position.
Step 2 — Conclude with exactly one of:
Result: Yes
Result: No
[RESPONSE]
Step 1: Observe
- The image shows a plastic case with multiple slots.
- Each slot contains one yellow pushpin head facing up, except for the center-left and bottom-center slots which are empty.

Step 2:
Result: No
[EXTRACTED] No

--- Stage 3b | Filter | Q: Is the pushpin roughly equal to other components?... | /home/chikibriki/LoqicQA/dataset-ninja/mvtec-loco-ad/train/img/pushpins_169.png | gt=good ---
[PROMPT]
You are a strict industrial quality control inspector.
Your task is to inspect a pushpins and answer a specific constraint question.

[What a NORMAL pushpins looks like]
1. Components:
   - pushpin

2. Quantities:
   - pushpin: exactly 15

3. Spatial Arrangement:
   - pushpin: center

4. Visual Appearance and Fill Level:
   - pushpin: yellow, round cap with a metal needle
   Relative sizes:
     - pushpin: roughly equal to other components

5. Relational and Proportional Constraints:
   - The pushpins occupy the most space.
   - There are no fixed size ratios between components.

6. Symmetry and Connectivity:
   - Components (pushpins) do not need to be strictly separated or parallel/adjacent unless specified by external constraints like a board layout, which is not shown here.

7. Per-Slot Completeness:
   - Each slot must contain exactly one yellow pushpin head facing up; there should be no empty slots nor any slots with two or more items in them

Question to verify: Is the pushpin roughly equal to other components?

Look carefully at the image.
Step 1 — Observe: Describe what you see in the image that is directly relevant to this question. Be specific: count visible objects, note their location (left/right/center), and explicitly state if an expected component appears absent or is in the wrong position.
Step 2 — Conclude with exactly one of:
Result: Yes
Result: No
[RESPONSE]
Step 1: Observe
- The image shows a set of pushpins in individual slots.
- There are exactly 15 visible yellow pushpins, each with the head facing up and metal needle pointing downwards. 
- All pushpins appear to be roughly equal in size relative to other components.

Step 2:
Result: Yes
[EXTRACTED] Yes

--- Stage 3b | Filter | Q: Is the pushpin roughly equal to other components?... | /home/chikibriki/LoqicQA/dataset-ninja/mvtec-loco-ad/train/img/pushpins_153.png | gt=good ---
[PROMPT]
You are a strict industrial quality control inspector.
Your task is to inspect a pushpins and answer a specific constraint question.

[What a NORMAL pushpins looks like]
1. Components:
   - pushpin

2. Quantities:
   - pushpin: exactly 15

3. Spatial Arrangement:
   - pushpin: center

4. Visual Appearance and Fill Level:
   - pushpin: yellow, round cap with a metal needle
   Relative sizes:
     - pushpin: roughly equal to other components

5. Relational and Proportional Constraints:
   - The pushpins occupy the most space.
   - There are no fixed size ratios between components.

6. Symmetry and Connectivity:
   - Components (pushpins) do not need to be strictly separated or parallel/adjacent unless specified by external constraints like a board layout, which is not shown here.

7. Per-Slot Completeness:
   - Each slot must contain exactly one yellow pushpin head facing up; there should be no empty slots nor any slots with two or more items in them

Question to verify: Is the pushpin roughly equal to other components?

Look carefully at the image.
Step 1 — Observe: Describe what you see in the image that is directly relevant to this question. Be specific: count visible objects, note their location (left/right/center), and explicitly state if an expected component appears absent or is in the wrong position.
Step 2 — Conclude with exactly one of:
Result: Yes
Result: No
[RESPONSE]
Step 1: Observe
- The image shows a plastic case with multiple slots, each containing one yellow pushpin.
- Each slot has exactly one pushpin head facing up as required by the per-slot completeness constraint.

Step 2:
Result: Yes
[EXTRACTED] Yes

--- Stage 3b | Filter | Q: Is the pushpin roughly equal to other components?... | /home/chikibriki/LoqicQA/dataset-ninja/mvtec-loco-ad/train/img/pushpins_250.png | gt=good ---
[PROMPT]
You are a strict industrial quality control inspector.
Your task is to inspect a pushpins and answer a specific constraint question.

[What a NORMAL pushpins looks like]
1. Components:
   - pushpin

2. Quantities:
   - pushpin: exactly 15

3. Spatial Arrangement:
   - pushpin: center

4. Visual Appearance and Fill Level:
   - pushpin: yellow, round cap with a metal needle
   Relative sizes:
     - pushpin: roughly equal to other components

5. Relational and Proportional Constraints:
   - The pushpins occupy the most space.
   - There are no fixed size ratios between components.

6. Symmetry and Connectivity:
   - Components (pushpins) do not need to be strictly separated or parallel/adjacent unless specified by external constraints like a board layout, which is not shown here.

7. Per-Slot Completeness:
   - Each slot must contain exactly one yellow pushpin head facing up; there should be no empty slots nor any slots with two or more items in them

Question to verify: Is the pushpin roughly equal to other components?

Look carefully at the image.
Step 1 — Observe: Describe what you see in the image that is directly relevant to this question. Be specific: count visible objects, note their location (left/right/center), and explicitly state if an expected component appears absent or is in the wrong position.
Step 2 — Conclude with exactly one of:
Result: Yes
Result: No
[RESPONSE]
Step 1: Observe
- The image shows a clear plastic case with multiple slots.
- Each slot contains one yellow pushpin head facing up, except for the top left and bottom right corners which are empty.

Step 2:
Result: No
[EXTRACTED] No

--- Stage 3b | Filter | Q: Is the pushpin roughly equal to other components?... | /home/chikibriki/LoqicQA/dataset-ninja/mvtec-loco-ad/train/img/pushpins_200.png | gt=good ---
[PROMPT]
You are a strict industrial quality control inspector.
Your task is to inspect a pushpins and answer a specific constraint question.

[What a NORMAL pushpins looks like]
1. Components:
   - pushpin

2. Quantities:
   - pushpin: exactly 15

3. Spatial Arrangement:
   - pushpin: center

4. Visual Appearance and Fill Level:
   - pushpin: yellow, round cap with a metal needle
   Relative sizes:
     - pushpin: roughly equal to other components

5. Relational and Proportional Constraints:
   - The pushpins occupy the most space.
   - There are no fixed size ratios between components.

6. Symmetry and Connectivity:
   - Components (pushpins) do not need to be strictly separated or parallel/adjacent unless specified by external constraints like a board layout, which is not shown here.

7. Per-Slot Completeness:
   - Each slot must contain exactly one yellow pushpin head facing up; there should be no empty slots nor any slots with two or more items in them

Question to verify: Is the pushpin roughly equal to other components?

Look carefully at the image.
Step 1 — Observe: Describe what you see in the image that is directly relevant to this question. Be specific: count visible objects, note their location (left/right/center), and explicitly state if an expected component appears absent or is in the wrong position.
Step 2 — Conclude with exactly one of:
Result: Yes
Result: No
[RESPONSE]
Step 1: Observe
- There are a total of 15 pushpins visible in the image.
- Each slot contains exactly one yellow pushpin head facing up, with no empty slots or extra items.

Step 2: Conclude 
Result: Yes
[EXTRACTED] Yes

--- Stage 3b | Filter | Q: Is the pushpin roughly equal to other components?... | /home/chikibriki/LoqicQA/dataset-ninja/mvtec-loco-ad/train/img/pushpins_150.png | gt=good ---
[PROMPT]
You are a strict industrial quality control inspector.
Your task is to inspect a pushpins and answer a specific constraint question.

[What a NORMAL pushpins looks like]
1. Components:
   - pushpin

2. Quantities:
   - pushpin: exactly 15

3. Spatial Arrangement:
   - pushpin: center

4. Visual Appearance and Fill Level:
   - pushpin: yellow, round cap with a metal needle
   Relative sizes:
     - pushpin: roughly equal to other components

5. Relational and Proportional Constraints:
   - The pushpins occupy the most space.
   - There are no fixed size ratios between components.

6. Symmetry and Connectivity:
   - Components (pushpins) do not need to be strictly separated or parallel/adjacent unless specified by external constraints like a board layout, which is not shown here.

7. Per-Slot Completeness:
   - Each slot must contain exactly one yellow pushpin head facing up; there should be no empty slots nor any slots with two or more items in them

Question to verify: Is the pushpin roughly equal to other components?

Look carefully at the image.
Step 1 — Observe: Describe what you see in the image that is directly relevant to this question. Be specific: count visible objects, note their location (left/right/center), and explicitly state if an expected component appears absent or is in the wrong position.
Step 2 — Conclude with exactly one of:
Result: Yes
Result: No
[RESPONSE]
Step 1: Observe
- There are a total of 15 pushpins visible in the image.
- Each slot contains exactly one yellow pushpin head facing up, with no empty slots or extra items.

The visual appearance and fill level indicate that each component (pushpin) is consistent:
- The pushpins have round caps colored yellow on top. 
- They all appear to be roughly equal in size relative to other components as described by their uniformity across different rows and columns within the grid layout.

Step 2: Conclude

Result: Yes
[EXTRACTED] Yes

--- Stage 3b | Filter | Q: Is the pushpin roughly equal to other components?... | /home/chikibriki/LoqicQA/dataset-ninja/mvtec-loco-ad/train/img/pushpins_087.png | gt=good ---
[PROMPT]
You are a strict industrial quality control inspector.
Your task is to inspect a pushpins and answer a specific constraint question.

[What a NORMAL pushpins looks like]
1. Components:
   - pushpin

2. Quantities:
   - pushpin: exactly 15

3. Spatial Arrangement:
   - pushpin: center

4. Visual Appearance and Fill Level:
   - pushpin: yellow, round cap with a metal needle
   Relative sizes:
     - pushpin: roughly equal to other components

5. Relational and Proportional Constraints:
   - The pushpins occupy the most space.
   - There are no fixed size ratios between components.

6. Symmetry and Connectivity:
   - Components (pushpins) do not need to be strictly separated or parallel/adjacent unless specified by external constraints like a board layout, which is not shown here.

7. Per-Slot Completeness:
   - Each slot must contain exactly one yellow pushpin head facing up; there should be no empty slots nor any slots with two or more items in them

Question to verify: Is the pushpin roughly equal to other components?

Look carefully at the image.
Step 1 — Observe: Describe what you see in the image that is directly relevant to this question. Be specific: count visible objects, note their location (left/right/center), and explicitly state if an expected component appears absent or is in the wrong position.
Step 2 — Conclude with exactly one of:
Result: Yes
Result: No
[RESPONSE]
Step 1: Observe
- The image shows a plastic case with multiple slots, each containing one yellow pushpin.
- Each slot has exactly one pushpin head facing up as required by the per-slot completeness constraint.

Step 2:
Result: Yes
[EXTRACTED] Yes

--- Stage 3b | Filter | Q: Is the pushpin roughly equal to other components?... | /home/chikibriki/LoqicQA/dataset-ninja/mvtec-loco-ad/train/img/pushpins_246.png | gt=good ---
[PROMPT]
You are a strict industrial quality control inspector.
Your task is to inspect a pushpins and answer a specific constraint question.

[What a NORMAL pushpins looks like]
1. Components:
   - pushpin

2. Quantities:
   - pushpin: exactly 15

3. Spatial Arrangement:
   - pushpin: center

4. Visual Appearance and Fill Level:
   - pushpin: yellow, round cap with a metal needle
   Relative sizes:
     - pushpin: roughly equal to other components

5. Relational and Proportional Constraints:
   - The pushpins occupy the most space.
   - There are no fixed size ratios between components.

6. Symmetry and Connectivity:
   - Components (pushpins) do not need to be strictly separated or parallel/adjacent unless specified by external constraints like a board layout, which is not shown here.

7. Per-Slot Completeness:
   - Each slot must contain exactly one yellow pushpin head facing up; there should be no empty slots nor any slots with two or more items in them

Question to verify: Is the pushpin roughly equal to other components?

Look carefully at the image.
Step 1 — Observe: Describe what you see in the image that is directly relevant to this question. Be specific: count visible objects, note their location (left/right/center), and explicitly state if an expected component appears absent or is in the wrong position.
Step 2 — Conclude with exactly one of:
Result: Yes
Result: No
[RESPONSE]
Step 1: Observe
- The image shows a plastic case with multiple slots, each containing one yellow pushpin.
- Each slot is filled correctly; there are no empty slots or extra items in any of the slots.

Step 2:
Result: Yes
[EXTRACTED] Yes

--- Stage 3b | Filter | Q: Is the pushpin roughly equal to other components?... | /home/chikibriki/LoqicQA/dataset-ninja/mvtec-loco-ad/train/img/pushpins_242.png | gt=good ---
[PROMPT]
You are a strict industrial quality control inspector.
Your task is to inspect a pushpins and answer a specific constraint question.

[What a NORMAL pushpins looks like]
1. Components:
   - pushpin

2. Quantities:
   - pushpin: exactly 15

3. Spatial Arrangement:
   - pushpin: center

4. Visual Appearance and Fill Level:
   - pushpin: yellow, round cap with a metal needle
   Relative sizes:
     - pushpin: roughly equal to other components

5. Relational and Proportional Constraints:
   - The pushpins occupy the most space.
   - There are no fixed size ratios between components.

6. Symmetry and Connectivity:
   - Components (pushpins) do not need to be strictly separated or parallel/adjacent unless specified by external constraints like a board layout, which is not shown here.

7. Per-Slot Completeness:
   - Each slot must contain exactly one yellow pushpin head facing up; there should be no empty slots nor any slots with two or more items in them

Question to verify: Is the pushpin roughly equal to other components?

Look carefully at the image.
Step 1 — Observe: Describe what you see in the image that is directly relevant to this question. Be specific: count visible objects, note their location (left/right/center), and explicitly state if an expected component appears absent or is in the wrong position.
Step 2 — Conclude with exactly one of:
Result: Yes
Result: No
[RESPONSE]
Step 1: Observe
- There are a total of 15 pushpins visible in the image.
- The pushpins appear to be evenly distributed across all slots, with no empty or double-filled slots.

Each slot contains exactly one yellow pushpin head facing up. All components (pushpins) have their heads centered and oriented correctly within each compartmentalized section according to visual appearance constraints provided for this inspection task.

Step 2: Conclude

Result: Yes
[EXTRACTED] Yes

--- Stage 3b | Filter | Q: Is the pushpin roughly equal to other components?... | /home/chikibriki/LoqicQA/dataset-ninja/mvtec-loco-ad/train/img/pushpins_163.png | gt=good ---
[PROMPT]
You are a strict industrial quality control inspector.
Your task is to inspect a pushpins and answer a specific constraint question.

[What a NORMAL pushpins looks like]
1. Components:
   - pushpin

2. Quantities:
   - pushpin: exactly 15

3. Spatial Arrangement:
   - pushpin: center

4. Visual Appearance and Fill Level:
   - pushpin: yellow, round cap with a metal needle
   Relative sizes:
     - pushpin: roughly equal to other components

5. Relational and Proportional Constraints:
   - The pushpins occupy the most space.
   - There are no fixed size ratios between components.

6. Symmetry and Connectivity:
   - Components (pushpins) do not need to be strictly separated or parallel/adjacent unless specified by external constraints like a board layout, which is not shown here.

7. Per-Slot Completeness:
   - Each slot must contain exactly one yellow pushpin head facing up; there should be no empty slots nor any slots with two or more items in them

Question to verify: Is the pushpin roughly equal to other components?

Look carefully at the image.
Step 1 — Observe: Describe what you see in the image that is directly relevant to this question. Be specific: count visible objects, note their location (left/right/center), and explicitly state if an expected component appears absent or is in the wrong position.
Step 2 — Conclude with exactly one of:
Result: Yes
Result: No
[RESPONSE]
Step 1: Observe
- There are a total of 15 pushpins visible in the image.
- Each slot contains exactly one yellow pushpin head facing up, with no empty slots or extra items.

The visual appearance and fill level indicate that each component (pushpin) is roughly equal to other components as described. The spatial arrangement centers around these pushpins without any apparent deviations from their expected size relative to others within this context.

Step 2:
Result: Yes
[EXTRACTED] Yes

--- Stage 3b | Filter | Q: Is the pushpin roughly equal to other components?... | /home/chikibriki/LoqicQA/dataset-ninja/mvtec-loco-ad/train/img/pushpins_320.png | gt=good ---
[PROMPT]
You are a strict industrial quality control inspector.
Your task is to inspect a pushpins and answer a specific constraint question.

[What a NORMAL pushpins looks like]
1. Components:
   - pushpin

2. Quantities:
   - pushpin: exactly 15

3. Spatial Arrangement:
   - pushpin: center

4. Visual Appearance and Fill Level:
   - pushpin: yellow, round cap with a metal needle
   Relative sizes:
     - pushpin: roughly equal to other components

5. Relational and Proportional Constraints:
   - The pushpins occupy the most space.
   - There are no fixed size ratios between components.

6. Symmetry and Connectivity:
   - Components (pushpins) do not need to be strictly separated or parallel/adjacent unless specified by external constraints like a board layout, which is not shown here.

7. Per-Slot Completeness:
   - Each slot must contain exactly one yellow pushpin head facing up; there should be no empty slots nor any slots with two or more items in them

Question to verify: Is the pushpin roughly equal to other components?

Look carefully at the image.
Step 1 — Observe: Describe what you see in the image that is directly relevant to this question. Be specific: count visible objects, note their location (left/right/center), and explicitly state if an expected component appears absent or is in the wrong position.
Step 2 — Conclude with exactly one of:
Result: Yes
Result: No
[RESPONSE]
Step 1: Observe
- The image shows a container with multiple slots, each containing one yellow pushpin.
- Each slot has exactly one pushpin head facing up as required by the per-slot completeness constraint.

Step 2:
Result: Yes
[EXTRACTED] Yes

--- Stage 3b | Filter | Q: Is the pushpin roughly equal to other components?... | /home/chikibriki/LoqicQA/dataset-ninja/mvtec-loco-ad/train/img/pushpins_259.png | gt=good ---
[PROMPT]
You are a strict industrial quality control inspector.
Your task is to inspect a pushpins and answer a specific constraint question.

[What a NORMAL pushpins looks like]
1. Components:
   - pushpin

2. Quantities:
   - pushpin: exactly 15

3. Spatial Arrangement:
   - pushpin: center

4. Visual Appearance and Fill Level:
   - pushpin: yellow, round cap with a metal needle
   Relative sizes:
     - pushpin: roughly equal to other components

5. Relational and Proportional Constraints:
   - The pushpins occupy the most space.
   - There are no fixed size ratios between components.

6. Symmetry and Connectivity:
   - Components (pushpins) do not need to be strictly separated or parallel/adjacent unless specified by external constraints like a board layout, which is not shown here.

7. Per-Slot Completeness:
   - Each slot must contain exactly one yellow pushpin head facing up; there should be no empty slots nor any slots with two or more items in them

Question to verify: Is the pushpin roughly equal to other components?

Look carefully at the image.
Step 1 — Observe: Describe what you see in the image that is directly relevant to this question. Be specific: count visible objects, note their location (left/right/center), and explicitly state if an expected component appears absent or is in the wrong position.
Step 2 — Conclude with exactly one of:
Result: Yes
Result: No
[RESPONSE]
Step 1: Observe
- There are a total of 15 pushpins visible in the image.
- The pushpins appear to be evenly distributed across all slots, with no empty or double-filled slots.

Each slot contains exactly one yellow pushpin head facing up. All components (pushpins) have their heads and needles oriented correctly according to visual appearance constraints provided for normal pushpins.

Step 2: Conclude

Result: Yes
[EXTRACTED] Yes
[FILTER RESULT] 'Is the pushpin roughly equal to other components?' acc=0.87 → KEEP

--- Stage 3b | Filter | Q: Is the pushpin occupying most of its allocated space?... | /home/chikibriki/LoqicQA/dataset-ninja/mvtec-loco-ad/train/img/pushpins_127.png | gt=good ---
[PROMPT]
You are a strict industrial quality control inspector.
Your task is to inspect a pushpins and answer a specific constraint question.

[What a NORMAL pushpins looks like]
1. Components:
   - pushpin

2. Quantities:
   - pushpin: exactly 15

3. Spatial Arrangement:
   - pushpin: center

4. Visual Appearance and Fill Level:
   - pushpin: yellow, round cap with a metal needle
   Relative sizes:
     - pushpin: roughly equal to other components

5. Relational and Proportional Constraints:
   - The pushpins occupy the most space.
   - There are no fixed size ratios between components.

6. Symmetry and Connectivity:
   - Components (pushpins) do not need to be strictly separated or parallel/adjacent unless specified by external constraints like a board layout, which is not shown here.

7. Per-Slot Completeness:
   - Each slot must contain exactly one yellow pushpin head facing up; there should be no empty slots nor any slots with two or more items in them

Question to verify: Is the pushpin occupying most of its allocated space?

Look carefully at the image.
Step 1 — Observe: Describe what you see in the image that is directly relevant to this question. Be specific: count visible objects, note their location (left/right/center), and explicitly state if an expected component appears absent or is in the wrong position.
Step 2 — Conclude with exactly one of:
Result: Yes
Result: No
[RESPONSE]
Step 1: Observe
- The image shows a plastic case with multiple slots, each containing one yellow pushpin.
- Each slot is filled correctly; there are no empty slots or extra items in any of the slots.

Step 2:
Result: Yes
[EXTRACTED] Yes

--- Stage 3b | Filter | Q: Is the pushpin occupying most of its allocated space?... | /home/chikibriki/LoqicQA/dataset-ninja/mvtec-loco-ad/train/img/pushpins_074.png | gt=good ---
[PROMPT]
You are a strict industrial quality control inspector.
Your task is to inspect a pushpins and answer a specific constraint question.

[What a NORMAL pushpins looks like]
1. Components:
   - pushpin

2. Quantities:
   - pushpin: exactly 15

3. Spatial Arrangement:
   - pushpin: center

4. Visual Appearance and Fill Level:
   - pushpin: yellow, round cap with a metal needle
   Relative sizes:
     - pushpin: roughly equal to other components

5. Relational and Proportional Constraints:
   - The pushpins occupy the most space.
   - There are no fixed size ratios between components.

6. Symmetry and Connectivity:
   - Components (pushpins) do not need to be strictly separated or parallel/adjacent unless specified by external constraints like a board layout, which is not shown here.

7. Per-Slot Completeness:
   - Each slot must contain exactly one yellow pushpin head facing up; there should be no empty slots nor any slots with two or more items in them

Question to verify: Is the pushpin occupying most of its allocated space?

Look carefully at the image.
Step 1 — Observe: Describe what you see in the image that is directly relevant to this question. Be specific: count visible objects, note their location (left/right/center), and explicitly state if an expected component appears absent or is in the wrong position.
Step 2 — Conclude with exactly one of:
Result: Yes
Result: No
[RESPONSE]
Step 1: Observe
- The image shows a set of pushpins in individual slots.
- There are exactly 15 visible yellow pushpins, each with its head facing up and metal needle pointing downwards. 
- Each slot appears to contain one pushpin without any empty or double-filled slots.

Step 2:
Result: Yes
[EXTRACTED] Yes

--- Stage 3b | Filter | Q: Is the pushpin occupying most of its allocated space?... | /home/chikibriki/LoqicQA/dataset-ninja/mvtec-loco-ad/train/img/pushpins_181.png | gt=good ---
[PROMPT]
You are a strict industrial quality control inspector.
Your task is to inspect a pushpins and answer a specific constraint question.

[What a NORMAL pushpins looks like]
1. Components:
   - pushpin

2. Quantities:
   - pushpin: exactly 15

3. Spatial Arrangement:
   - pushpin: center

4. Visual Appearance and Fill Level:
   - pushpin: yellow, round cap with a metal needle
   Relative sizes:
     - pushpin: roughly equal to other components

5. Relational and Proportional Constraints:
   - The pushpins occupy the most space.
   - There are no fixed size ratios between components.

6. Symmetry and Connectivity:
   - Components (pushpins) do not need to be strictly separated or parallel/adjacent unless specified by external constraints like a board layout, which is not shown here.

7. Per-Slot Completeness:
   - Each slot must contain exactly one yellow pushpin head facing up; there should be no empty slots nor any slots with two or more items in them

Question to verify: Is the pushpin occupying most of its allocated space?

Look carefully at the image.
Step 1 — Observe: Describe what you see in the image that is directly relevant to this question. Be specific: count visible objects, note their location (left/right/center), and explicitly state if an expected component appears absent or is in the wrong position.
Step 2 — Conclude with exactly one of:
Result: Yes
Result: No
[RESPONSE]
Step 1: Observe
- There are a total of 15 slots in the container.
- Each slot contains one yellow pushpin head facing up, with no empty slots or extra items.

Step 2: Conclude 
Result: Yes
[EXTRACTED] Yes

--- Stage 3b | Filter | Q: Is the pushpin occupying most of its allocated space?... | /home/chikibriki/LoqicQA/dataset-ninja/mvtec-loco-ad/train/img/pushpins_028.png | gt=good ---
[PROMPT]
You are a strict industrial quality control inspector.
Your task is to inspect a pushpins and answer a specific constraint question.

[What a NORMAL pushpins looks like]
1. Components:
   - pushpin

2. Quantities:
   - pushpin: exactly 15

3. Spatial Arrangement:
   - pushpin: center

4. Visual Appearance and Fill Level:
   - pushpin: yellow, round cap with a metal needle
   Relative sizes:
     - pushpin: roughly equal to other components

5. Relational and Proportional Constraints:
   - The pushpins occupy the most space.
   - There are no fixed size ratios between components.

6. Symmetry and Connectivity:
   - Components (pushpins) do not need to be strictly separated or parallel/adjacent unless specified by external constraints like a board layout, which is not shown here.

7. Per-Slot Completeness:
   - Each slot must contain exactly one yellow pushpin head facing up; there should be no empty slots nor any slots with two or more items in them

Question to verify: Is the pushpin occupying most of its allocated space?

Look carefully at the image.
Step 1 — Observe: Describe what you see in the image that is directly relevant to this question. Be specific: count visible objects, note their location (left/right/center), and explicitly state if an expected component appears absent or is in the wrong position.
Step 2 — Conclude with exactly one of:
Result: Yes
Result: No
[RESPONSE]
Step 1: Observe
- The image shows a plastic tray with multiple slots.
- Each slot contains one yellow pushpin head facing up, except for the center-left and bottom-right slots which are empty.

Step 2:
Result: No
[EXTRACTED] No

--- Stage 3b | Filter | Q: Is the pushpin occupying most of its allocated space?... | /home/chikibriki/LoqicQA/dataset-ninja/mvtec-loco-ad/train/img/pushpins_169.png | gt=good ---
[PROMPT]
You are a strict industrial quality control inspector.
Your task is to inspect a pushpins and answer a specific constraint question.

[What a NORMAL pushpins looks like]
1. Components:
   - pushpin

2. Quantities:
   - pushpin: exactly 15

3. Spatial Arrangement:
   - pushpin: center

4. Visual Appearance and Fill Level:
   - pushpin: yellow, round cap with a metal needle
   Relative sizes:
     - pushpin: roughly equal to other components

5. Relational and Proportional Constraints:
   - The pushpins occupy the most space.
   - There are no fixed size ratios between components.

6. Symmetry and Connectivity:
   - Components (pushpins) do not need to be strictly separated or parallel/adjacent unless specified by external constraints like a board layout, which is not shown here.

7. Per-Slot Completeness:
   - Each slot must contain exactly one yellow pushpin head facing up; there should be no empty slots nor any slots with two or more items in them

Question to verify: Is the pushpin occupying most of its allocated space?

Look carefully at the image.
Step 1 — Observe: Describe what you see in the image that is directly relevant to this question. Be specific: count visible objects, note their location (left/right/center), and explicitly state if an expected component appears absent or is in the wrong position.
Step 2 — Conclude with exactly one of:
Result: Yes
Result: No
[RESPONSE]
Step 1: Observe
- The image shows a plastic case with multiple slots, each containing one yellow pushpin.
- Each slot is filled correctly; there are no empty slots or extra items in any of the slots.

Step 2:
Result: Yes
[EXTRACTED] Yes

--- Stage 3b | Filter | Q: Is the pushpin occupying most of its allocated space?... | /home/chikibriki/LoqicQA/dataset-ninja/mvtec-loco-ad/train/img/pushpins_153.png | gt=good ---
[PROMPT]
You are a strict industrial quality control inspector.
Your task is to inspect a pushpins and answer a specific constraint question.

[What a NORMAL pushpins looks like]
1. Components:
   - pushpin

2. Quantities:
   - pushpin: exactly 15

3. Spatial Arrangement:
   - pushpin: center

4. Visual Appearance and Fill Level:
   - pushpin: yellow, round cap with a metal needle
   Relative sizes:
     - pushpin: roughly equal to other components

5. Relational and Proportional Constraints:
   - The pushpins occupy the most space.
   - There are no fixed size ratios between components.

6. Symmetry and Connectivity:
   - Components (pushpins) do not need to be strictly separated or parallel/adjacent unless specified by external constraints like a board layout, which is not shown here.

7. Per-Slot Completeness:
   - Each slot must contain exactly one yellow pushpin head facing up; there should be no empty slots nor any slots with two or more items in them

Question to verify: Is the pushpin occupying most of its allocated space?

Look carefully at the image.
Step 1 — Observe: Describe what you see in the image that is directly relevant to this question. Be specific: count visible objects, note their location (left/right/center), and explicitly state if an expected component appears absent or is in the wrong position.
Step 2 — Conclude with exactly one of:
Result: Yes
Result: No
[RESPONSE]
Step 1: Observe
- The image shows a plastic case with multiple slots, each containing one yellow pushpin.
- Each slot is filled correctly; there are no empty slots or extra items in any of the slots.

Step 2:
Result: Yes
[EXTRACTED] Yes

--- Stage 3b | Filter | Q: Is the pushpin occupying most of its allocated space?... | /home/chikibriki/LoqicQA/dataset-ninja/mvtec-loco-ad/train/img/pushpins_250.png | gt=good ---
[PROMPT]
You are a strict industrial quality control inspector.
Your task is to inspect a pushpins and answer a specific constraint question.

[What a NORMAL pushpins looks like]
1. Components:
   - pushpin

2. Quantities:
   - pushpin: exactly 15

3. Spatial Arrangement:
   - pushpin: center

4. Visual Appearance and Fill Level:
   - pushpin: yellow, round cap with a metal needle
   Relative sizes:
     - pushpin: roughly equal to other components

5. Relational and Proportional Constraints:
   - The pushpins occupy the most space.
   - There are no fixed size ratios between components.

6. Symmetry and Connectivity:
   - Components (pushpins) do not need to be strictly separated or parallel/adjacent unless specified by external constraints like a board layout, which is not shown here.

7. Per-Slot Completeness:
   - Each slot must contain exactly one yellow pushpin head facing up; there should be no empty slots nor any slots with two or more items in them

Question to verify: Is the pushpin occupying most of its allocated space?

Look carefully at the image.
Step 1 — Observe: Describe what you see in the image that is directly relevant to this question. Be specific: count visible objects, note their location (left/right/center), and explicitly state if an expected component appears absent or is in the wrong position.
Step 2 — Conclude with exactly one of:
Result: Yes
Result: No
[RESPONSE]
Step 1: Observe
- The image shows a plastic case with multiple compartments.
- Each compartment contains one yellow pushpin head facing up, except for the top left and bottom right compartments which are empty.

Step 2:
Result: No
[EXTRACTED] No

--- Stage 3b | Filter | Q: Is the pushpin occupying most of its allocated space?... | /home/chikibriki/LoqicQA/dataset-ninja/mvtec-loco-ad/train/img/pushpins_200.png | gt=good ---
[PROMPT]
You are a strict industrial quality control inspector.
Your task is to inspect a pushpins and answer a specific constraint question.

[What a NORMAL pushpins looks like]
1. Components:
   - pushpin

2. Quantities:
   - pushpin: exactly 15

3. Spatial Arrangement:
   - pushpin: center

4. Visual Appearance and Fill Level:
   - pushpin: yellow, round cap with a metal needle
   Relative sizes:
     - pushpin: roughly equal to other components

5. Relational and Proportional Constraints:
   - The pushpins occupy the most space.
   - There are no fixed size ratios between components.

6. Symmetry and Connectivity:
   - Components (pushpins) do not need to be strictly separated or parallel/adjacent unless specified by external constraints like a board layout, which is not shown here.

7. Per-Slot Completeness:
   - Each slot must contain exactly one yellow pushpin head facing up; there should be no empty slots nor any slots with two or more items in them

Question to verify: Is the pushpin occupying most of its allocated space?

Look carefully at the image.
Step 1 — Observe: Describe what you see in the image that is directly relevant to this question. Be specific: count visible objects, note their location (left/right/center), and explicitly state if an expected component appears absent or is in the wrong position.
Step 2 — Conclude with exactly one of:
Result: Yes
Result: No
[RESPONSE]
Step 1: Observe
- The image shows a set of pushpins in individual slots.
- There are exactly 15 visible yellow pushpins, each with round caps and metal needles. 
- Each slot contains one pushpin head facing up.

Step 2:
Result: Yes
[EXTRACTED] Yes

--- Stage 3b | Filter | Q: Is the pushpin occupying most of its allocated space?... | /home/chikibriki/LoqicQA/dataset-ninja/mvtec-loco-ad/train/img/pushpins_150.png | gt=good ---
[PROMPT]
You are a strict industrial quality control inspector.
Your task is to inspect a pushpins and answer a specific constraint question.

[What a NORMAL pushpins looks like]
1. Components:
   - pushpin

2. Quantities:
   - pushpin: exactly 15

3. Spatial Arrangement:
   - pushpin: center

4. Visual Appearance and Fill Level:
   - pushpin: yellow, round cap with a metal needle
   Relative sizes:
     - pushpin: roughly equal to other components

5. Relational and Proportional Constraints:
   - The pushpins occupy the most space.
   - There are no fixed size ratios between components.

6. Symmetry and Connectivity:
   - Components (pushpins) do not need to be strictly separated or parallel/adjacent unless specified by external constraints like a board layout, which is not shown here.

7. Per-Slot Completeness:
   - Each slot must contain exactly one yellow pushpin head facing up; there should be no empty slots nor any slots with two or more items in them

Question to verify: Is the pushpin occupying most of its allocated space?

Look carefully at the image.
Step 1 — Observe: Describe what you see in the image that is directly relevant to this question. Be specific: count visible objects, note their location (left/right/center), and explicitly state if an expected component appears absent or is in the wrong position.
Step 2 — Conclude with exactly one of:
Result: Yes
Result: No
[RESPONSE]
Step 1: Observe
- The image shows a plastic case with multiple slots, each containing one yellow pushpin.
- Each slot is filled correctly; there are no empty slots or extra items in any of the slots.

Step 2:
Result: Yes
[EXTRACTED] Yes

--- Stage 3b | Filter | Q: Is the pushpin occupying most of its allocated space?... | /home/chikibriki/LoqicQA/dataset-ninja/mvtec-loco-ad/train/img/pushpins_087.png | gt=good ---
[PROMPT]
You are a strict industrial quality control inspector.
Your task is to inspect a pushpins and answer a specific constraint question.

[What a NORMAL pushpins looks like]
1. Components:
   - pushpin

2. Quantities:
   - pushpin: exactly 15

3. Spatial Arrangement:
   - pushpin: center

4. Visual Appearance and Fill Level:
   - pushpin: yellow, round cap with a metal needle
   Relative sizes:
     - pushpin: roughly equal to other components

5. Relational and Proportional Constraints:
   - The pushpins occupy the most space.
   - There are no fixed size ratios between components.

6. Symmetry and Connectivity:
   - Components (pushpins) do not need to be strictly separated or parallel/adjacent unless specified by external constraints like a board layout, which is not shown here.

7. Per-Slot Completeness:
   - Each slot must contain exactly one yellow pushpin head facing up; there should be no empty slots nor any slots with two or more items in them

Question to verify: Is the pushpin occupying most of its allocated space?

Look carefully at the image.
Step 1 — Observe: Describe what you see in the image that is directly relevant to this question. Be specific: count visible objects, note their location (left/right/center), and explicitly state if an expected component appears absent or is in the wrong position.
Step 2 — Conclude with exactly one of:
Result: Yes
Result: No
[RESPONSE]
Step 1: Observe
- There are a total of 15 slots in the image.
- Each slot contains one yellow pushpin head facing up, with no empty slots or extra items.

Step 2: Conclude 
Result: Yes
[EXTRACTED] Yes

--- Stage 3b | Filter | Q: Is the pushpin occupying most of its allocated space?... | /home/chikibriki/LoqicQA/dataset-ninja/mvtec-loco-ad/train/img/pushpins_246.png | gt=good ---
[PROMPT]
You are a strict industrial quality control inspector.
Your task is to inspect a pushpins and answer a specific constraint question.

[What a NORMAL pushpins looks like]
1. Components:
   - pushpin

2. Quantities:
   - pushpin: exactly 15

3. Spatial Arrangement:
   - pushpin: center

4. Visual Appearance and Fill Level:
   - pushpin: yellow, round cap with a metal needle
   Relative sizes:
     - pushpin: roughly equal to other components

5. Relational and Proportional Constraints:
   - The pushpins occupy the most space.
   - There are no fixed size ratios between components.

6. Symmetry and Connectivity:
   - Components (pushpins) do not need to be strictly separated or parallel/adjacent unless specified by external constraints like a board layout, which is not shown here.

7. Per-Slot Completeness:
   - Each slot must contain exactly one yellow pushpin head facing up; there should be no empty slots nor any slots with two or more items in them

Question to verify: Is the pushpin occupying most of its allocated space?

Look carefully at the image.
Step 1 — Observe: Describe what you see in the image that is directly relevant to this question. Be specific: count visible objects, note their location (left/right/center), and explicitly state if an expected component appears absent or is in the wrong position.
Step 2 — Conclude with exactly one of:
Result: Yes
Result: No
[RESPONSE]
Step 1: Observe
- The image shows a plastic case with multiple slots.
- Each slot contains one yellow pushpin head facing up, except for the bottom left and middle right slots which are empty.

Step 2:
Result: No
[EXTRACTED] No

--- Stage 3b | Filter | Q: Is the pushpin occupying most of its allocated space?... | /home/chikibriki/LoqicQA/dataset-ninja/mvtec-loco-ad/train/img/pushpins_242.png | gt=good ---
[PROMPT]
You are a strict industrial quality control inspector.
Your task is to inspect a pushpins and answer a specific constraint question.

[What a NORMAL pushpins looks like]
1. Components:
   - pushpin

2. Quantities:
   - pushpin: exactly 15

3. Spatial Arrangement:
   - pushpin: center

4. Visual Appearance and Fill Level:
   - pushpin: yellow, round cap with a metal needle
   Relative sizes:
     - pushpin: roughly equal to other components

5. Relational and Proportional Constraints:
   - The pushpins occupy the most space.
   - There are no fixed size ratios between components.

6. Symmetry and Connectivity:
   - Components (pushpins) do not need to be strictly separated or parallel/adjacent unless specified by external constraints like a board layout, which is not shown here.

7. Per-Slot Completeness:
   - Each slot must contain exactly one yellow pushpin head facing up; there should be no empty slots nor any slots with two or more items in them

Question to verify: Is the pushpin occupying most of its allocated space?

Look carefully at the image.
Step 1 — Observe: Describe what you see in the image that is directly relevant to this question. Be specific: count visible objects, note their location (left/right/center), and explicitly state if an expected component appears absent or is in the wrong position.
Step 2 — Conclude with exactly one of:
Result: Yes
Result: No
[RESPONSE]
Step 1: Observe
- There are a total of 15 slots.
- Each slot contains one yellow pushpin head facing up, with the metal needle pointing downwards.

Step 2:
Result: Yes
[EXTRACTED] Yes

--- Stage 3b | Filter | Q: Is the pushpin occupying most of its allocated space?... | /home/chikibriki/LoqicQA/dataset-ninja/mvtec-loco-ad/train/img/pushpins_163.png | gt=good ---
[PROMPT]
You are a strict industrial quality control inspector.
Your task is to inspect a pushpins and answer a specific constraint question.

[What a NORMAL pushpins looks like]
1. Components:
   - pushpin

2. Quantities:
   - pushpin: exactly 15

3. Spatial Arrangement:
   - pushpin: center

4. Visual Appearance and Fill Level:
   - pushpin: yellow, round cap with a metal needle
   Relative sizes:
     - pushpin: roughly equal to other components

5. Relational and Proportional Constraints:
   - The pushpins occupy the most space.
   - There are no fixed size ratios between components.

6. Symmetry and Connectivity:
   - Components (pushpins) do not need to be strictly separated or parallel/adjacent unless specified by external constraints like a board layout, which is not shown here.

7. Per-Slot Completeness:
   - Each slot must contain exactly one yellow pushpin head facing up; there should be no empty slots nor any slots with two or more items in them

Question to verify: Is the pushpin occupying most of its allocated space?

Look carefully at the image.
Step 1 — Observe: Describe what you see in the image that is directly relevant to this question. Be specific: count visible objects, note their location (left/right/center), and explicitly state if an expected component appears absent or is in the wrong position.
Step 2 — Conclude with exactly one of:
Result: Yes
Result: No
[RESPONSE]
Step 1: Observe
- There are a total of 15 slots in the image.
- Each slot contains one yellow pushpin head facing up, with no empty slots or extra items.

Step 2:
Result: Yes
[EXTRACTED] Yes

--- Stage 3b | Filter | Q: Is the pushpin occupying most of its allocated space?... | /home/chikibriki/LoqicQA/dataset-ninja/mvtec-loco-ad/train/img/pushpins_320.png | gt=good ---
[PROMPT]
You are a strict industrial quality control inspector.
Your task is to inspect a pushpins and answer a specific constraint question.

[What a NORMAL pushpins looks like]
1. Components:
   - pushpin

2. Quantities:
   - pushpin: exactly 15

3. Spatial Arrangement:
   - pushpin: center

4. Visual Appearance and Fill Level:
   - pushpin: yellow, round cap with a metal needle
   Relative sizes:
     - pushpin: roughly equal to other components

5. Relational and Proportional Constraints:
   - The pushpins occupy the most space.
   - There are no fixed size ratios between components.

6. Symmetry and Connectivity:
   - Components (pushpins) do not need to be strictly separated or parallel/adjacent unless specified by external constraints like a board layout, which is not shown here.

7. Per-Slot Completeness:
   - Each slot must contain exactly one yellow pushpin head facing up; there should be no empty slots nor any slots with two or more items in them

Question to verify: Is the pushpin occupying most of its allocated space?

Look carefully at the image.
Step 1 — Observe: Describe what you see in the image that is directly relevant to this question. Be specific: count visible objects, note their location (left/right/center), and explicitly state if an expected component appears absent or is in the wrong position.
Step 2 — Conclude with exactly one of:
Result: Yes
Result: No
[RESPONSE]
Step 1: Observe
- There are a total of 15 pushpins visible in the image.
- Each slot contains exactly one yellow pushpin head facing up, with no empty slots or multiple items per slot.

Step 2:
Result: Yes
[EXTRACTED] Yes

--- Stage 3b | Filter | Q: Is the pushpin occupying most of its allocated space?... | /home/chikibriki/LoqicQA/dataset-ninja/mvtec-loco-ad/train/img/pushpins_259.png | gt=good ---
[PROMPT]
You are a strict industrial quality control inspector.
Your task is to inspect a pushpins and answer a specific constraint question.

[What a NORMAL pushpins looks like]
1. Components:
   - pushpin

2. Quantities:
   - pushpin: exactly 15

3. Spatial Arrangement:
   - pushpin: center

4. Visual Appearance and Fill Level:
   - pushpin: yellow, round cap with a metal needle
   Relative sizes:
     - pushpin: roughly equal to other components

5. Relational and Proportional Constraints:
   - The pushpins occupy the most space.
   - There are no fixed size ratios between components.

6. Symmetry and Connectivity:
   - Components (pushpins) do not need to be strictly separated or parallel/adjacent unless specified by external constraints like a board layout, which is not shown here.

7. Per-Slot Completeness:
   - Each slot must contain exactly one yellow pushpin head facing up; there should be no empty slots nor any slots with two or more items in them

Question to verify: Is the pushpin occupying most of its allocated space?

Look carefully at the image.
Step 1 — Observe: Describe what you see in the image that is directly relevant to this question. Be specific: count visible objects, note their location (left/right/center), and explicitly state if an expected component appears absent or is in the wrong position.
Step 2 — Conclude with exactly one of:
Result: Yes
Result: No
[RESPONSE]
Step 1: Observe
- There are a total of 15 slots in the container.
- Each slot contains one pushpin head facing up, except for two empty slots on either side (top left and bottom right).
- The visible pushpins appear to be yellow with round caps.

Step 2:
Result: No
[EXTRACTED] No
[FILTER RESULT] 'Is the pushpin occupying most of its allocated space?' acc=0.73 → DROP

--- Stage 3b | Filter | Q: Is there a fixed size ratio between the components of this p... | /home/chikibriki/LoqicQA/dataset-ninja/mvtec-loco-ad/train/img/pushpins_127.png | gt=good ---
[PROMPT]
You are a strict industrial quality control inspector.
Your task is to inspect a pushpins and answer a specific constraint question.

[What a NORMAL pushpins looks like]
1. Components:
   - pushpin

2. Quantities:
   - pushpin: exactly 15

3. Spatial Arrangement:
   - pushpin: center

4. Visual Appearance and Fill Level:
   - pushpin: yellow, round cap with a metal needle
   Relative sizes:
     - pushpin: roughly equal to other components

5. Relational and Proportional Constraints:
   - The pushpins occupy the most space.
   - There are no fixed size ratios between components.

6. Symmetry and Connectivity:
   - Components (pushpins) do not need to be strictly separated or parallel/adjacent unless specified by external constraints like a board layout, which is not shown here.

7. Per-Slot Completeness:
   - Each slot must contain exactly one yellow pushpin head facing up; there should be no empty slots nor any slots with two or more items in them

Question to verify: Is there a fixed size ratio between the components of this pushpin?

Look carefully at the image.
Step 1 — Observe: Describe what you see in the image that is directly relevant to this question. Be specific: count visible objects, note their location (left/right/center), and explicitly state if an expected component appears absent or is in the wrong position.
Step 2 — Conclude with exactly one of:
Result: Yes
Result: No
[RESPONSE]
Step 1: Observe
- There are a total of 15 pushpins visible in the image.
- Each slot contains exactly one yellow pushpin head facing up, with no empty slots or multiple items per slot.

The components (pushpin heads and needles) appear to be roughly equal in size. The visual appearance is consistent across all pushpins; each has a round cap on top connected by a metal needle below it.

Step 2: Conclude

Result: No
[EXTRACTED] No

--- Stage 3b | Filter | Q: Is there a fixed size ratio between the components of this p... | /home/chikibriki/LoqicQA/dataset-ninja/mvtec-loco-ad/train/img/pushpins_074.png | gt=good ---
[PROMPT]
You are a strict industrial quality control inspector.
Your task is to inspect a pushpins and answer a specific constraint question.

[What a NORMAL pushpins looks like]
1. Components:
   - pushpin

2. Quantities:
   - pushpin: exactly 15

3. Spatial Arrangement:
   - pushpin: center

4. Visual Appearance and Fill Level:
   - pushpin: yellow, round cap with a metal needle
   Relative sizes:
     - pushpin: roughly equal to other components

5. Relational and Proportional Constraints:
   - The pushpins occupy the most space.
   - There are no fixed size ratios between components.

6. Symmetry and Connectivity:
   - Components (pushpins) do not need to be strictly separated or parallel/adjacent unless specified by external constraints like a board layout, which is not shown here.

7. Per-Slot Completeness:
   - Each slot must contain exactly one yellow pushpin head facing up; there should be no empty slots nor any slots with two or more items in them

Question to verify: Is there a fixed size ratio between the components of this pushpin?

Look carefully at the image.
Step 1 — Observe: Describe what you see in the image that is directly relevant to this question. Be specific: count visible objects, note their location (left/right/center), and explicitly state if an expected component appears absent or is in the wrong position.
Step 2 — Conclude with exactly one of:
Result: Yes
Result: No
[RESPONSE]
Step 1: Observation
- The image shows a set of pushpins arranged in individual slots.
- There are exactly 15 visible yellow pushpins, each with the head facing up and metal needle pointing downwards. 
- Each slot appears to contain one pushpin without any empty or double-filled slots.

Step 2: Conclusion

Result: No
[EXTRACTED] No

--- Stage 3b | Filter | Q: Is there a fixed size ratio between the components of this p... | /home/chikibriki/LoqicQA/dataset-ninja/mvtec-loco-ad/train/img/pushpins_181.png | gt=good ---
[PROMPT]
You are a strict industrial quality control inspector.
Your task is to inspect a pushpins and answer a specific constraint question.

[What a NORMAL pushpins looks like]
1. Components:
   - pushpin

2. Quantities:
   - pushpin: exactly 15

3. Spatial Arrangement:
   - pushpin: center

4. Visual Appearance and Fill Level:
   - pushpin: yellow, round cap with a metal needle
   Relative sizes:
     - pushpin: roughly equal to other components

5. Relational and Proportional Constraints:
   - The pushpins occupy the most space.
   - There are no fixed size ratios between components.

6. Symmetry and Connectivity:
   - Components (pushpins) do not need to be strictly separated or parallel/adjacent unless specified by external constraints like a board layout, which is not shown here.

7. Per-Slot Completeness:
   - Each slot must contain exactly one yellow pushpin head facing up; there should be no empty slots nor any slots with two or more items in them

Question to verify: Is there a fixed size ratio between the components of this pushpin?

Look carefully at the image.
Step 1 — Observe: Describe what you see in the image that is directly relevant to this question. Be specific: count visible objects, note their location (left/right/center), and explicitly state if an expected component appears absent or is in the wrong position.
Step 2 — Conclude with exactly one of:
Result: Yes
Result: No
[RESPONSE]
Step 1: Observe
- There are a total of 15 pushpins visible in the image.
- Each slot contains exactly one yellow pushpin head facing up, with no empty slots or extra items.

The components (pushpin heads and metal needles) appear to be roughly equal in size. The visual appearance is consistent across all pushpins; each has a round cap that appears uniformly sized relative to its needle length.

Step 2: Conclude

Result: No
[EXTRACTED] No

--- Stage 3b | Filter | Q: Is there a fixed size ratio between the components of this p... | /home/chikibriki/LoqicQA/dataset-ninja/mvtec-loco-ad/train/img/pushpins_028.png | gt=good ---
[PROMPT]
You are a strict industrial quality control inspector.
Your task is to inspect a pushpins and answer a specific constraint question.

[What a NORMAL pushpins looks like]
1. Components:
   - pushpin

2. Quantities:
   - pushpin: exactly 15

3. Spatial Arrangement:
   - pushpin: center

4. Visual Appearance and Fill Level:
   - pushpin: yellow, round cap with a metal needle
   Relative sizes:
     - pushpin: roughly equal to other components

5. Relational and Proportional Constraints:
   - The pushpins occupy the most space.
   - There are no fixed size ratios between components.

6. Symmetry and Connectivity:
   - Components (pushpins) do not need to be strictly separated or parallel/adjacent unless specified by external constraints like a board layout, which is not shown here.

7. Per-Slot Completeness:
   - Each slot must contain exactly one yellow pushpin head facing up; there should be no empty slots nor any slots with two or more items in them

Question to verify: Is there a fixed size ratio between the components of this pushpin?

Look carefully at the image.
Step 1 — Observe: Describe what you see in the image that is directly relevant to this question. Be specific: count visible objects, note their location (left/right/center), and explicitly state if an expected component appears absent or is in the wrong position.
Step 2 — Conclude with exactly one of:
Result: Yes
Result: No
[RESPONSE]
Step 1: Observe
- The image shows a set of pushpins in individual slots.
- There are exactly 15 visible yellow pushpins, each with the round cap facing up and metal needle pointing downwards. 
- All components (pushpin heads) appear to be uniformly sized.

Step 2:
Result: No
[EXTRACTED] No

--- Stage 3b | Filter | Q: Is there a fixed size ratio between the components of this p... | /home/chikibriki/LoqicQA/dataset-ninja/mvtec-loco-ad/train/img/pushpins_169.png | gt=good ---
[PROMPT]
You are a strict industrial quality control inspector.
Your task is to inspect a pushpins and answer a specific constraint question.

[What a NORMAL pushpins looks like]
1. Components:
   - pushpin

2. Quantities:
   - pushpin: exactly 15

3. Spatial Arrangement:
   - pushpin: center

4. Visual Appearance and Fill Level:
   - pushpin: yellow, round cap with a metal needle
   Relative sizes:
     - pushpin: roughly equal to other components

5. Relational and Proportional Constraints:
   - The pushpins occupy the most space.
   - There are no fixed size ratios between components.

6. Symmetry and Connectivity:
   - Components (pushpins) do not need to be strictly separated or parallel/adjacent unless specified by external constraints like a board layout, which is not shown here.

7. Per-Slot Completeness:
   - Each slot must contain exactly one yellow pushpin head facing up; there should be no empty slots nor any slots with two or more items in them

Question to verify: Is there a fixed size ratio between the components of this pushpin?

Look carefully at the image.
Step 1 — Observe: Describe what you see in the image that is directly relevant to this question. Be specific: count visible objects, note their location (left/right/center), and explicitly state if an expected component appears absent or is in the wrong position.
Step 2 — Conclude with exactly one of:
Result: Yes
Result: No
[RESPONSE]
Step 1: Observe
- The image shows a set of pushpins in individual slots.
- There are exactly 15 yellow pushpins, each with the head facing up and metal needle visible through it. 
- All components (pushpin heads) appear to be roughly equal in size relative to their needles.

Step 2:
Result: No
[EXTRACTED] No

--- Stage 3b | Filter | Q: Is there a fixed size ratio between the components of this p... | /home/chikibriki/LoqicQA/dataset-ninja/mvtec-loco-ad/train/img/pushpins_153.png | gt=good ---
[PROMPT]
You are a strict industrial quality control inspector.
Your task is to inspect a pushpins and answer a specific constraint question.

[What a NORMAL pushpins looks like]
1. Components:
   - pushpin

2. Quantities:
   - pushpin: exactly 15

3. Spatial Arrangement:
   - pushpin: center

4. Visual Appearance and Fill Level:
   - pushpin: yellow, round cap with a metal needle
   Relative sizes:
     - pushpin: roughly equal to other components

5. Relational and Proportional Constraints:
   - The pushpins occupy the most space.
   - There are no fixed size ratios between components.

6. Symmetry and Connectivity:
   - Components (pushpins) do not need to be strictly separated or parallel/adjacent unless specified by external constraints like a board layout, which is not shown here.

7. Per-Slot Completeness:
   - Each slot must contain exactly one yellow pushpin head facing up; there should be no empty slots nor any slots with two or more items in them

Question to verify: Is there a fixed size ratio between the components of this pushpin?

Look carefully at the image.
Step 1 — Observe: Describe what you see in the image that is directly relevant to this question. Be specific: count visible objects, note their location (left/right/center), and explicitly state if an expected component appears absent or is in the wrong position.
Step 2 — Conclude with exactly one of:
Result: Yes
Result: No
[RESPONSE]
Step 1: Observe
- The image shows a set of pushpins in their packaging.
- There are exactly 15 yellow pushpins, each with round caps and metal needles. 
- Each slot contains one pushpin head facing up as expected.

Step 2: Conclude

Result: No
[EXTRACTED] No

--- Stage 3b | Filter | Q: Is there a fixed size ratio between the components of this p... | /home/chikibriki/LoqicQA/dataset-ninja/mvtec-loco-ad/train/img/pushpins_250.png | gt=good ---
[PROMPT]
You are a strict industrial quality control inspector.
Your task is to inspect a pushpins and answer a specific constraint question.

[What a NORMAL pushpins looks like]
1. Components:
   - pushpin

2. Quantities:
   - pushpin: exactly 15

3. Spatial Arrangement:
   - pushpin: center

4. Visual Appearance and Fill Level:
   - pushpin: yellow, round cap with a metal needle
   Relative sizes:
     - pushpin: roughly equal to other components

5. Relational and Proportional Constraints:
   - The pushpins occupy the most space.
   - There are no fixed size ratios between components.

6. Symmetry and Connectivity:
   - Components (pushpins) do not need to be strictly separated or parallel/adjacent unless specified by external constraints like a board layout, which is not shown here.

7. Per-Slot Completeness:
   - Each slot must contain exactly one yellow pushpin head facing up; there should be no empty slots nor any slots with two or more items in them

Question to verify: Is there a fixed size ratio between the components of this pushpin?

Look carefully at the image.
Step 1 — Observe: Describe what you see in the image that is directly relevant to this question. Be specific: count visible objects, note their location (left/right/center), and explicitly state if an expected component appears absent or is in the wrong position.
Step 2 — Conclude with exactly one of:
Result: Yes
Result: No
[RESPONSE]
Step 1: Observation
- The image shows a set of pushpins in their packaging.
- There are exactly 15 yellow pushpins visible, each with one round cap and metal needle facing up as expected.

Step 2: Conclusion

Result: No
[EXTRACTED] No

--- Stage 3b | Filter | Q: Is there a fixed size ratio between the components of this p... | /home/chikibriki/LoqicQA/dataset-ninja/mvtec-loco-ad/train/img/pushpins_200.png | gt=good ---
[PROMPT]
You are a strict industrial quality control inspector.
Your task is to inspect a pushpins and answer a specific constraint question.

[What a NORMAL pushpins looks like]
1. Components:
   - pushpin

2. Quantities:
   - pushpin: exactly 15

3. Spatial Arrangement:
   - pushpin: center

4. Visual Appearance and Fill Level:
   - pushpin: yellow, round cap with a metal needle
   Relative sizes:
     - pushpin: roughly equal to other components

5. Relational and Proportional Constraints:
   - The pushpins occupy the most space.
   - There are no fixed size ratios between components.

6. Symmetry and Connectivity:
   - Components (pushpins) do not need to be strictly separated or parallel/adjacent unless specified by external constraints like a board layout, which is not shown here.

7. Per-Slot Completeness:
   - Each slot must contain exactly one yellow pushpin head facing up; there should be no empty slots nor any slots with two or more items in them

Question to verify: Is there a fixed size ratio between the components of this pushpin?

Look carefully at the image.
Step 1 — Observe: Describe what you see in the image that is directly relevant to this question. Be specific: count visible objects, note their location (left/right/center), and explicitly state if an expected component appears absent or is in the wrong position.
Step 2 — Conclude with exactly one of:
Result: Yes
Result: No
[RESPONSE]
Step 1: Observe
- There are a total of 15 pushpins visible in the image.
- Each slot contains exactly one yellow pushpin head facing up, with no empty slots or extra items present.

Step 2:
Result: No
[EXTRACTED] No

--- Stage 3b | Filter | Q: Is there a fixed size ratio between the components of this p... | /home/chikibriki/LoqicQA/dataset-ninja/mvtec-loco-ad/train/img/pushpins_150.png | gt=good ---
[PROMPT]
You are a strict industrial quality control inspector.
Your task is to inspect a pushpins and answer a specific constraint question.

[What a NORMAL pushpins looks like]
1. Components:
   - pushpin

2. Quantities:
   - pushpin: exactly 15

3. Spatial Arrangement:
   - pushpin: center

4. Visual Appearance and Fill Level:
   - pushpin: yellow, round cap with a metal needle
   Relative sizes:
     - pushpin: roughly equal to other components

5. Relational and Proportional Constraints:
   - The pushpins occupy the most space.
   - There are no fixed size ratios between components.

6. Symmetry and Connectivity:
   - Components (pushpins) do not need to be strictly separated or parallel/adjacent unless specified by external constraints like a board layout, which is not shown here.

7. Per-Slot Completeness:
   - Each slot must contain exactly one yellow pushpin head facing up; there should be no empty slots nor any slots with two or more items in them

Question to verify: Is there a fixed size ratio between the components of this pushpin?

Look carefully at the image.
Step 1 — Observe: Describe what you see in the image that is directly relevant to this question. Be specific: count visible objects, note their location (left/right/center), and explicitly state if an expected component appears absent or is in the wrong position.
Step 2 — Conclude with exactly one of:
Result: Yes
Result: No
[RESPONSE]
Step 1: Observe
- There are a total of 15 pushpins visible in the image.
- Each slot contains exactly one yellow pushpin head facing up, with no empty slots or multiple items per slot.

The components (pushpin heads and needles) appear to be roughly equal in size. The visual appearance is consistent across all pushpins; each has a round cap on top connected by metal needle below it without any noticeable variation that would suggest different sizes between these parts for this specific set shown here.


Step 2:
Result: No
[EXTRACTED] No

--- Stage 3b | Filter | Q: Is there a fixed size ratio between the components of this p... | /home/chikibriki/LoqicQA/dataset-ninja/mvtec-loco-ad/train/img/pushpins_087.png | gt=good ---
[PROMPT]
You are a strict industrial quality control inspector.
Your task is to inspect a pushpins and answer a specific constraint question.

[What a NORMAL pushpins looks like]
1. Components:
   - pushpin

2. Quantities:
   - pushpin: exactly 15

3. Spatial Arrangement:
   - pushpin: center

4. Visual Appearance and Fill Level:
   - pushpin: yellow, round cap with a metal needle
   Relative sizes:
     - pushpin: roughly equal to other components

5. Relational and Proportional Constraints:
   - The pushpins occupy the most space.
   - There are no fixed size ratios between components.

6. Symmetry and Connectivity:
   - Components (pushpins) do not need to be strictly separated or parallel/adjacent unless specified by external constraints like a board layout, which is not shown here.

7. Per-Slot Completeness:
   - Each slot must contain exactly one yellow pushpin head facing up; there should be no empty slots nor any slots with two or more items in them

Question to verify: Is there a fixed size ratio between the components of this pushpin?

Look carefully at the image.
Step 1 — Observe: Describe what you see in the image that is directly relevant to this question. Be specific: count visible objects, note their location (left/right/center), and explicitly state if an expected component appears absent or is in the wrong position.
Step 2 — Conclude with exactly one of:
Result: Yes
Result: No
[RESPONSE]
Step 1: Observe
- The image shows a set of pushpins in individual slots.
- There are exactly 15 yellow pushpins, each with round caps and metal needles. 
- Each slot contains one pushpin head facing up as expected.

Step 2: Conclude

Result: No
[EXTRACTED] No

--- Stage 3b | Filter | Q: Is there a fixed size ratio between the components of this p... | /home/chikibriki/LoqicQA/dataset-ninja/mvtec-loco-ad/train/img/pushpins_246.png | gt=good ---
[PROMPT]
You are a strict industrial quality control inspector.
Your task is to inspect a pushpins and answer a specific constraint question.

[What a NORMAL pushpins looks like]
1. Components:
   - pushpin

2. Quantities:
   - pushpin: exactly 15

3. Spatial Arrangement:
   - pushpin: center

4. Visual Appearance and Fill Level:
   - pushpin: yellow, round cap with a metal needle
   Relative sizes:
     - pushpin: roughly equal to other components

5. Relational and Proportional Constraints:
   - The pushpins occupy the most space.
   - There are no fixed size ratios between components.

6. Symmetry and Connectivity:
   - Components (pushpins) do not need to be strictly separated or parallel/adjacent unless specified by external constraints like a board layout, which is not shown here.

7. Per-Slot Completeness:
   - Each slot must contain exactly one yellow pushpin head facing up; there should be no empty slots nor any slots with two or more items in them

Question to verify: Is there a fixed size ratio between the components of this pushpin?

Look carefully at the image.
Step 1 — Observe: Describe what you see in the image that is directly relevant to this question. Be specific: count visible objects, note their location (left/right/center), and explicitly state if an expected component appears absent or is in the wrong position.
Step 2 — Conclude with exactly one of:
Result: Yes
Result: No
[RESPONSE]
Step 1: Observe
- The image shows a plastic case with multiple slots, each containing one yellow pushpin.
- Each slot has exactly one head facing up as expected. 
- There are no empty slots or extra items in any of the slots.

Step 2:
Result: No
[EXTRACTED] No

--- Stage 3b | Filter | Q: Is there a fixed size ratio between the components of this p... | /home/chikibriki/LoqicQA/dataset-ninja/mvtec-loco-ad/train/img/pushpins_242.png | gt=good ---
[PROMPT]
You are a strict industrial quality control inspector.
Your task is to inspect a pushpins and answer a specific constraint question.

[What a NORMAL pushpins looks like]
1. Components:
   - pushpin

2. Quantities:
   - pushpin: exactly 15

3. Spatial Arrangement:
   - pushpin: center

4. Visual Appearance and Fill Level:
   - pushpin: yellow, round cap with a metal needle
   Relative sizes:
     - pushpin: roughly equal to other components

5. Relational and Proportional Constraints:
   - The pushpins occupy the most space.
   - There are no fixed size ratios between components.

6. Symmetry and Connectivity:
   - Components (pushpins) do not need to be strictly separated or parallel/adjacent unless specified by external constraints like a board layout, which is not shown here.

7. Per-Slot Completeness:
   - Each slot must contain exactly one yellow pushpin head facing up; there should be no empty slots nor any slots with two or more items in them

Question to verify: Is there a fixed size ratio between the components of this pushpin?

Look carefully at the image.
Step 1 — Observe: Describe what you see in the image that is directly relevant to this question. Be specific: count visible objects, note their location (left/right/center), and explicitly state if an expected component appears absent or is in the wrong position.
Step 2 — Conclude with exactly one of:
Result: Yes
Result: No
[RESPONSE]
Step 1: Observe
- There are a total of 15 pushpins visible in the image.
- Each slot contains exactly one yellow pushpin head facing up, with no empty slots or extra items.

The components (pushpin heads and metal needles) appear to be roughly equal in size. The visual appearance is consistent across all pushpins—yellow cap on top followed by the sharp needle below it.

Step 2: Conclude

Result: No
[EXTRACTED] No

--- Stage 3b | Filter | Q: Is there a fixed size ratio between the components of this p... | /home/chikibriki/LoqicQA/dataset-ninja/mvtec-loco-ad/train/img/pushpins_163.png | gt=good ---
[PROMPT]
You are a strict industrial quality control inspector.
Your task is to inspect a pushpins and answer a specific constraint question.

[What a NORMAL pushpins looks like]
1. Components:
   - pushpin

2. Quantities:
   - pushpin: exactly 15

3. Spatial Arrangement:
   - pushpin: center

4. Visual Appearance and Fill Level:
   - pushpin: yellow, round cap with a metal needle
   Relative sizes:
     - pushpin: roughly equal to other components

5. Relational and Proportional Constraints:
   - The pushpins occupy the most space.
   - There are no fixed size ratios between components.

6. Symmetry and Connectivity:
   - Components (pushpins) do not need to be strictly separated or parallel/adjacent unless specified by external constraints like a board layout, which is not shown here.

7. Per-Slot Completeness:
   - Each slot must contain exactly one yellow pushpin head facing up; there should be no empty slots nor any slots with two or more items in them

Question to verify: Is there a fixed size ratio between the components of this pushpin?

Look carefully at the image.
Step 1 — Observe: Describe what you see in the image that is directly relevant to this question. Be specific: count visible objects, note their location (left/right/center), and explicitly state if an expected component appears absent or is in the wrong position.
Step 2 — Conclude with exactly one of:
Result: Yes
Result: No
[RESPONSE]
Step 1: Observe
- The image shows a set of pushpins in their packaging.
- There are exactly 15 visible slots, each containing one yellow pushpin head facing up with the metal needle pointing downwards.

Step 2:
Result: No
[EXTRACTED] No

--- Stage 3b | Filter | Q: Is there a fixed size ratio between the components of this p... | /home/chikibriki/LoqicQA/dataset-ninja/mvtec-loco-ad/train/img/pushpins_320.png | gt=good ---
[PROMPT]
You are a strict industrial quality control inspector.
Your task is to inspect a pushpins and answer a specific constraint question.

[What a NORMAL pushpins looks like]
1. Components:
   - pushpin

2. Quantities:
   - pushpin: exactly 15

3. Spatial Arrangement:
   - pushpin: center

4. Visual Appearance and Fill Level:
   - pushpin: yellow, round cap with a metal needle
   Relative sizes:
     - pushpin: roughly equal to other components

5. Relational and Proportional Constraints:
   - The pushpins occupy the most space.
   - There are no fixed size ratios between components.

6. Symmetry and Connectivity:
   - Components (pushpins) do not need to be strictly separated or parallel/adjacent unless specified by external constraints like a board layout, which is not shown here.

7. Per-Slot Completeness:
   - Each slot must contain exactly one yellow pushpin head facing up; there should be no empty slots nor any slots with two or more items in them

Question to verify: Is there a fixed size ratio between the components of this pushpin?

Look carefully at the image.
Step 1 — Observe: Describe what you see in the image that is directly relevant to this question. Be specific: count visible objects, note their location (left/right/center), and explicitly state if an expected component appears absent or is in the wrong position.
Step 2 — Conclude with exactly one of:
Result: Yes
Result: No
[RESPONSE]
Step 1: Observe
- The image shows a container with multiple slots, each containing one yellow pushpin.
- Each slot has exactly one pushpin head facing up as required by the per-slot completeness constraint.

Step 2:
Result: No
[EXTRACTED] No

--- Stage 3b | Filter | Q: Is there a fixed size ratio between the components of this p... | /home/chikibriki/LoqicQA/dataset-ninja/mvtec-loco-ad/train/img/pushpins_259.png | gt=good ---
[PROMPT]
You are a strict industrial quality control inspector.
Your task is to inspect a pushpins and answer a specific constraint question.

[What a NORMAL pushpins looks like]
1. Components:
   - pushpin

2. Quantities:
   - pushpin: exactly 15

3. Spatial Arrangement:
   - pushpin: center

4. Visual Appearance and Fill Level:
   - pushpin: yellow, round cap with a metal needle
   Relative sizes:
     - pushpin: roughly equal to other components

5. Relational and Proportional Constraints:
   - The pushpins occupy the most space.
   - There are no fixed size ratios between components.

6. Symmetry and Connectivity:
   - Components (pushpins) do not need to be strictly separated or parallel/adjacent unless specified by external constraints like a board layout, which is not shown here.

7. Per-Slot Completeness:
   - Each slot must contain exactly one yellow pushpin head facing up; there should be no empty slots nor any slots with two or more items in them

Question to verify: Is there a fixed size ratio between the components of this pushpin?

Look carefully at the image.
Step 1 — Observe: Describe what you see in the image that is directly relevant to this question. Be specific: count visible objects, note their location (left/right/center), and explicitly state if an expected component appears absent or is in the wrong position.
Step 2 — Conclude with exactly one of:
Result: Yes
Result: No
[RESPONSE]
Step 1: Observe
- The image shows a set of pushpins in individual slots.
- There are exactly 15 yellow pushpins, each with a round cap and metal needle. 
- Each slot contains one pushpin head facing up as expected.

Step 2: Conclude

Result: No
[EXTRACTED] No
[FILTER RESULT] 'Is there a fixed size ratio between the components of this pushpin?' acc=0.00 → DROP

--- Stage 3b | Filter | Q: Are the pushpins in the image strictly separated or parallel... | /home/chikibriki/LoqicQA/dataset-ninja/mvtec-loco-ad/train/img/pushpins_127.png | gt=good ---
[PROMPT]
You are a strict industrial quality control inspector.
Your task is to inspect a pushpins and answer a specific constraint question.

[What a NORMAL pushpins looks like]
1. Components:
   - pushpin

2. Quantities:
   - pushpin: exactly 15

3. Spatial Arrangement:
   - pushpin: center

4. Visual Appearance and Fill Level:
   - pushpin: yellow, round cap with a metal needle
   Relative sizes:
     - pushpin: roughly equal to other components

5. Relational and Proportional Constraints:
   - The pushpins occupy the most space.
   - There are no fixed size ratios between components.

6. Symmetry and Connectivity:
   - Components (pushpins) do not need to be strictly separated or parallel/adjacent unless specified by external constraints like a board layout, which is not shown here.

7. Per-Slot Completeness:
   - Each slot must contain exactly one yellow pushpin head facing up; there should be no empty slots nor any slots with two or more items in them

Question to verify: Are the pushpins in the image strictly separated or parallel/adjacent?

Look carefully at the image.
Step 1 — Observe: Describe what you see in the image that is directly relevant to this question. Be specific: count visible objects, note their location (left/right/center), and explicitly state if an expected component appears absent or is in the wrong position.
Step 2 — Conclude with exactly one of:
Result: Yes
Result: No
[RESPONSE]
Step 1: Observe
- The image shows a set of pushpins in individual slots.
- There are exactly 15 visible yellow pushpins, each with its head facing up and metal needle pointing downwards.

Step 2:
Result: Yes
[EXTRACTED] Yes

--- Stage 3b | Filter | Q: Are the pushpins in the image strictly separated or parallel... | /home/chikibriki/LoqicQA/dataset-ninja/mvtec-loco-ad/train/img/pushpins_074.png | gt=good ---
[PROMPT]
You are a strict industrial quality control inspector.
Your task is to inspect a pushpins and answer a specific constraint question.

[What a NORMAL pushpins looks like]
1. Components:
   - pushpin

2. Quantities:
   - pushpin: exactly 15

3. Spatial Arrangement:
   - pushpin: center

4. Visual Appearance and Fill Level:
   - pushpin: yellow, round cap with a metal needle
   Relative sizes:
     - pushpin: roughly equal to other components

5. Relational and Proportional Constraints:
   - The pushpins occupy the most space.
   - There are no fixed size ratios between components.

6. Symmetry and Connectivity:
   - Components (pushpins) do not need to be strictly separated or parallel/adjacent unless specified by external constraints like a board layout, which is not shown here.

7. Per-Slot Completeness:
   - Each slot must contain exactly one yellow pushpin head facing up; there should be no empty slots nor any slots with two or more items in them

Question to verify: Are the pushpins in the image strictly separated or parallel/adjacent?

Look carefully at the image.
Step 1 — Observe: Describe what you see in the image that is directly relevant to this question. Be specific: count visible objects, note their location (left/right/center), and explicitly state if an expected component appears absent or is in the wrong position.
Step 2 — Conclude with exactly one of:
Result: Yes
Result: No
[RESPONSE]
Step 1: Observe
- The image shows a set of pushpins arranged in individual slots.
- There are exactly 15 visible yellow pushpins, each with its head facing up and metal needle pointing downwards. 
- Each slot contains one pushpin; there is no empty slot or any slot containing more than one item.

Step 2: Conclude

Result: Yes
[EXTRACTED] Yes

--- Stage 3b | Filter | Q: Are the pushpins in the image strictly separated or parallel... | /home/chikibriki/LoqicQA/dataset-ninja/mvtec-loco-ad/train/img/pushpins_181.png | gt=good ---
[PROMPT]
You are a strict industrial quality control inspector.
Your task is to inspect a pushpins and answer a specific constraint question.

[What a NORMAL pushpins looks like]
1. Components:
   - pushpin

2. Quantities:
   - pushpin: exactly 15

3. Spatial Arrangement:
   - pushpin: center

4. Visual Appearance and Fill Level:
   - pushpin: yellow, round cap with a metal needle
   Relative sizes:
     - pushpin: roughly equal to other components

5. Relational and Proportional Constraints:
   - The pushpins occupy the most space.
   - There are no fixed size ratios between components.

6. Symmetry and Connectivity:
   - Components (pushpins) do not need to be strictly separated or parallel/adjacent unless specified by external constraints like a board layout, which is not shown here.

7. Per-Slot Completeness:
   - Each slot must contain exactly one yellow pushpin head facing up; there should be no empty slots nor any slots with two or more items in them

Question to verify: Are the pushpins in the image strictly separated or parallel/adjacent?

Look carefully at the image.
Step 1 — Observe: Describe what you see in the image that is directly relevant to this question. Be specific: count visible objects, note their location (left/right/center), and explicitly state if an expected component appears absent or is in the wrong position.
Step 2 — Conclude with exactly one of:
Result: Yes
Result: No
[RESPONSE]
Step 1: Observe
- The image shows a plastic case with multiple slots, each containing one yellow pushpin.
- Each slot has exactly one pushpin head facing up as required by the per-slot completeness constraint.

Step 2:
Result: Yes
[EXTRACTED] Yes

--- Stage 3b | Filter | Q: Are the pushpins in the image strictly separated or parallel... | /home/chikibriki/LoqicQA/dataset-ninja/mvtec-loco-ad/train/img/pushpins_028.png | gt=good ---
[PROMPT]
You are a strict industrial quality control inspector.
Your task is to inspect a pushpins and answer a specific constraint question.

[What a NORMAL pushpins looks like]
1. Components:
   - pushpin

2. Quantities:
   - pushpin: exactly 15

3. Spatial Arrangement:
   - pushpin: center

4. Visual Appearance and Fill Level:
   - pushpin: yellow, round cap with a metal needle
   Relative sizes:
     - pushpin: roughly equal to other components

5. Relational and Proportional Constraints:
   - The pushpins occupy the most space.
   - There are no fixed size ratios between components.

6. Symmetry and Connectivity:
   - Components (pushpins) do not need to be strictly separated or parallel/adjacent unless specified by external constraints like a board layout, which is not shown here.

7. Per-Slot Completeness:
   - Each slot must contain exactly one yellow pushpin head facing up; there should be no empty slots nor any slots with two or more items in them

Question to verify: Are the pushpins in the image strictly separated or parallel/adjacent?

Look carefully at the image.
Step 1 — Observe: Describe what you see in the image that is directly relevant to this question. Be specific: count visible objects, note their location (left/right/center), and explicitly state if an expected component appears absent or is in the wrong position.
Step 2 — Conclude with exactly one of:
Result: Yes
Result: No
[RESPONSE]
Step 1: Observe
- The image shows a set of pushpins arranged in individual slots.
- There are exactly 15 visible yellow pushpins, each with its head facing up and the metal needle pointing downwards. 
- Each slot contains one pushpin without any empty or double-filled slots.

Step 2: Conclude

Result: Yes
[EXTRACTED] Yes

--- Stage 3b | Filter | Q: Are the pushpins in the image strictly separated or parallel... | /home/chikibriki/LoqicQA/dataset-ninja/mvtec-loco-ad/train/img/pushpins_169.png | gt=good ---
[PROMPT]
You are a strict industrial quality control inspector.
Your task is to inspect a pushpins and answer a specific constraint question.

[What a NORMAL pushpins looks like]
1. Components:
   - pushpin

2. Quantities:
   - pushpin: exactly 15

3. Spatial Arrangement:
   - pushpin: center

4. Visual Appearance and Fill Level:
   - pushpin: yellow, round cap with a metal needle
   Relative sizes:
     - pushpin: roughly equal to other components

5. Relational and Proportional Constraints:
   - The pushpins occupy the most space.
   - There are no fixed size ratios between components.

6. Symmetry and Connectivity:
   - Components (pushpins) do not need to be strictly separated or parallel/adjacent unless specified by external constraints like a board layout, which is not shown here.

7. Per-Slot Completeness:
   - Each slot must contain exactly one yellow pushpin head facing up; there should be no empty slots nor any slots with two or more items in them

Question to verify: Are the pushpins in the image strictly separated or parallel/adjacent?

Look carefully at the image.
Step 1 — Observe: Describe what you see in the image that is directly relevant to this question. Be specific: count visible objects, note their location (left/right/center), and explicitly state if an expected component appears absent or is in the wrong position.
Step 2 — Conclude with exactly one of:
Result: Yes
Result: No
[RESPONSE]
Step 1: Observe
- The image shows a set of pushpins arranged in individual slots within what appears to be a case.
- There are exactly 15 visible yellow pushpins, each with the round cap facing up and metal needle pointing downwards. 
- Each slot contains one pushpin head; there is no empty slot or any slot containing more than one item.

Step 2: Conclude

Result: Yes
[EXTRACTED] Yes

--- Stage 3b | Filter | Q: Are the pushpins in the image strictly separated or parallel... | /home/chikibriki/LoqicQA/dataset-ninja/mvtec-loco-ad/train/img/pushpins_153.png | gt=good ---
[PROMPT]
You are a strict industrial quality control inspector.
Your task is to inspect a pushpins and answer a specific constraint question.

[What a NORMAL pushpins looks like]
1. Components:
   - pushpin

2. Quantities:
   - pushpin: exactly 15

3. Spatial Arrangement:
   - pushpin: center

4. Visual Appearance and Fill Level:
   - pushpin: yellow, round cap with a metal needle
   Relative sizes:
     - pushpin: roughly equal to other components

5. Relational and Proportional Constraints:
   - The pushpins occupy the most space.
   - There are no fixed size ratios between components.

6. Symmetry and Connectivity:
   - Components (pushpins) do not need to be strictly separated or parallel/adjacent unless specified by external constraints like a board layout, which is not shown here.

7. Per-Slot Completeness:
   - Each slot must contain exactly one yellow pushpin head facing up; there should be no empty slots nor any slots with two or more items in them

Question to verify: Are the pushpins in the image strictly separated or parallel/adjacent?

Look carefully at the image.
Step 1 — Observe: Describe what you see in the image that is directly relevant to this question. Be specific: count visible objects, note their location (left/right/center), and explicitly state if an expected component appears absent or is in the wrong position.
Step 2 — Conclude with exactly one of:
Result: Yes
Result: No
[RESPONSE]
Step 1: Observe
- The image shows a set of pushpins in individual slots within a container.
- There are exactly 15 visible yellow pushpins, each with its cap facing up and the needle pointing downwards. 
- Each slot contains one pushpin without any empty or double-filled slots.

Step 2:
Result: Yes
[EXTRACTED] Yes

--- Stage 3b | Filter | Q: Are the pushpins in the image strictly separated or parallel... | /home/chikibriki/LoqicQA/dataset-ninja/mvtec-loco-ad/train/img/pushpins_250.png | gt=good ---
[PROMPT]
You are a strict industrial quality control inspector.
Your task is to inspect a pushpins and answer a specific constraint question.

[What a NORMAL pushpins looks like]
1. Components:
   - pushpin

2. Quantities:
   - pushpin: exactly 15

3. Spatial Arrangement:
   - pushpin: center

4. Visual Appearance and Fill Level:
   - pushpin: yellow, round cap with a metal needle
   Relative sizes:
     - pushpin: roughly equal to other components

5. Relational and Proportional Constraints:
   - The pushpins occupy the most space.
   - There are no fixed size ratios between components.

6. Symmetry and Connectivity:
   - Components (pushpins) do not need to be strictly separated or parallel/adjacent unless specified by external constraints like a board layout, which is not shown here.

7. Per-Slot Completeness:
   - Each slot must contain exactly one yellow pushpin head facing up; there should be no empty slots nor any slots with two or more items in them

Question to verify: Are the pushpins in the image strictly separated or parallel/adjacent?

Look carefully at the image.
Step 1 — Observe: Describe what you see in the image that is directly relevant to this question. Be specific: count visible objects, note their location (left/right/center), and explicitly state if an expected component appears absent or is in the wrong position.
Step 2 — Conclude with exactly one of:
Result: Yes
Result: No
[RESPONSE]
Step 1: Observe
- The image shows a set of pushpins in individual slots.
- There are exactly 15 yellow pushpins, each with its cap facing up and the needle pointing downwards. 
- Each slot contains one pushpin without any empty or double-filled slots.

Step 2:
Result: Yes
[EXTRACTED] Yes

--- Stage 3b | Filter | Q: Are the pushpins in the image strictly separated or parallel... | /home/chikibriki/LoqicQA/dataset-ninja/mvtec-loco-ad/train/img/pushpins_200.png | gt=good ---
[PROMPT]
You are a strict industrial quality control inspector.
Your task is to inspect a pushpins and answer a specific constraint question.

[What a NORMAL pushpins looks like]
1. Components:
   - pushpin

2. Quantities:
   - pushpin: exactly 15

3. Spatial Arrangement:
   - pushpin: center

4. Visual Appearance and Fill Level:
   - pushpin: yellow, round cap with a metal needle
   Relative sizes:
     - pushpin: roughly equal to other components

5. Relational and Proportional Constraints:
   - The pushpins occupy the most space.
   - There are no fixed size ratios between components.

6. Symmetry and Connectivity:
   - Components (pushpins) do not need to be strictly separated or parallel/adjacent unless specified by external constraints like a board layout, which is not shown here.

7. Per-Slot Completeness:
   - Each slot must contain exactly one yellow pushpin head facing up; there should be no empty slots nor any slots with two or more items in them

Question to verify: Are the pushpins in the image strictly separated or parallel/adjacent?

Look carefully at the image.
Step 1 — Observe: Describe what you see in the image that is directly relevant to this question. Be specific: count visible objects, note their location (left/right/center), and explicitly state if an expected component appears absent or is in the wrong position.
Step 2 — Conclude with exactly one of:
Result: Yes
Result: No
[RESPONSE]
Step 1: Observe
- The image shows a set of pushpins in individual slots.
- There are exactly 15 visible yellow pushpins, each with its head facing up and metal needle pointing downwards.

Step 2:
Result: Yes
[EXTRACTED] Yes

--- Stage 3b | Filter | Q: Are the pushpins in the image strictly separated or parallel... | /home/chikibriki/LoqicQA/dataset-ninja/mvtec-loco-ad/train/img/pushpins_150.png | gt=good ---
[PROMPT]
You are a strict industrial quality control inspector.
Your task is to inspect a pushpins and answer a specific constraint question.

[What a NORMAL pushpins looks like]
1. Components:
   - pushpin

2. Quantities:
   - pushpin: exactly 15

3. Spatial Arrangement:
   - pushpin: center

4. Visual Appearance and Fill Level:
   - pushpin: yellow, round cap with a metal needle
   Relative sizes:
     - pushpin: roughly equal to other components

5. Relational and Proportional Constraints:
   - The pushpins occupy the most space.
   - There are no fixed size ratios between components.

6. Symmetry and Connectivity:
   - Components (pushpins) do not need to be strictly separated or parallel/adjacent unless specified by external constraints like a board layout, which is not shown here.

7. Per-Slot Completeness:
   - Each slot must contain exactly one yellow pushpin head facing up; there should be no empty slots nor any slots with two or more items in them

Question to verify: Are the pushpins in the image strictly separated or parallel/adjacent?

Look carefully at the image.
Step 1 — Observe: Describe what you see in the image that is directly relevant to this question. Be specific: count visible objects, note their location (left/right/center), and explicitly state if an expected component appears absent or is in the wrong position.
Step 2 — Conclude with exactly one of:
Result: Yes
Result: No
[RESPONSE]
Step 1: Observe
- The image shows a container with multiple slots, each containing one yellow pushpin.
- Each slot has exactly one pushpin head facing up and no empty or double-filled slots are visible.

Step 2:
Result: Yes
[EXTRACTED] Yes

--- Stage 3b | Filter | Q: Are the pushpins in the image strictly separated or parallel... | /home/chikibriki/LoqicQA/dataset-ninja/mvtec-loco-ad/train/img/pushpins_087.png | gt=good ---
[PROMPT]
You are a strict industrial quality control inspector.
Your task is to inspect a pushpins and answer a specific constraint question.

[What a NORMAL pushpins looks like]
1. Components:
   - pushpin

2. Quantities:
   - pushpin: exactly 15

3. Spatial Arrangement:
   - pushpin: center

4. Visual Appearance and Fill Level:
   - pushpin: yellow, round cap with a metal needle
   Relative sizes:
     - pushpin: roughly equal to other components

5. Relational and Proportional Constraints:
   - The pushpins occupy the most space.
   - There are no fixed size ratios between components.

6. Symmetry and Connectivity:
   - Components (pushpins) do not need to be strictly separated or parallel/adjacent unless specified by external constraints like a board layout, which is not shown here.

7. Per-Slot Completeness:
   - Each slot must contain exactly one yellow pushpin head facing up; there should be no empty slots nor any slots with two or more items in them

Question to verify: Are the pushpins in the image strictly separated or parallel/adjacent?

Look carefully at the image.
Step 1 — Observe: Describe what you see in the image that is directly relevant to this question. Be specific: count visible objects, note their location (left/right/center), and explicitly state if an expected component appears absent or is in the wrong position.
Step 2 — Conclude with exactly one of:
Result: Yes
Result: No
[RESPONSE]
Step 1: Observe
- The image shows a set of pushpins in individual slots.
- There are exactly 15 visible yellow pushpins, each with its head facing up and the metal needle pointing downwards. 
- Each slot appears to contain one pushpin without any empty or double-filled slots.

Step 2: Conclude

Result: Yes
[EXTRACTED] Yes

--- Stage 3b | Filter | Q: Are the pushpins in the image strictly separated or parallel... | /home/chikibriki/LoqicQA/dataset-ninja/mvtec-loco-ad/train/img/pushpins_246.png | gt=good ---
[PROMPT]
You are a strict industrial quality control inspector.
Your task is to inspect a pushpins and answer a specific constraint question.

[What a NORMAL pushpins looks like]
1. Components:
   - pushpin

2. Quantities:
   - pushpin: exactly 15

3. Spatial Arrangement:
   - pushpin: center

4. Visual Appearance and Fill Level:
   - pushpin: yellow, round cap with a metal needle
   Relative sizes:
     - pushpin: roughly equal to other components

5. Relational and Proportional Constraints:
   - The pushpins occupy the most space.
   - There are no fixed size ratios between components.

6. Symmetry and Connectivity:
   - Components (pushpins) do not need to be strictly separated or parallel/adjacent unless specified by external constraints like a board layout, which is not shown here.

7. Per-Slot Completeness:
   - Each slot must contain exactly one yellow pushpin head facing up; there should be no empty slots nor any slots with two or more items in them

Question to verify: Are the pushpins in the image strictly separated or parallel/adjacent?

Look carefully at the image.
Step 1 — Observe: Describe what you see in the image that is directly relevant to this question. Be specific: count visible objects, note their location (left/right/center), and explicitly state if an expected component appears absent or is in the wrong position.
Step 2 — Conclude with exactly one of:
Result: Yes
Result: No
[RESPONSE]
Step 1: Observe
- The image shows a set of pushpins in individual slots.
- There are exactly 15 visible yellow pushpins, each with its cap facing up and the needle pointing downwards. 
- Each slot appears to contain one pushpin without any empty or double-filled slots.

Step 2: Conclude

Result: Yes
[EXTRACTED] Yes

--- Stage 3b | Filter | Q: Are the pushpins in the image strictly separated or parallel... | /home/chikibriki/LoqicQA/dataset-ninja/mvtec-loco-ad/train/img/pushpins_242.png | gt=good ---
[PROMPT]
You are a strict industrial quality control inspector.
Your task is to inspect a pushpins and answer a specific constraint question.

[What a NORMAL pushpins looks like]
1. Components:
   - pushpin

2. Quantities:
   - pushpin: exactly 15

3. Spatial Arrangement:
   - pushpin: center

4. Visual Appearance and Fill Level:
   - pushpin: yellow, round cap with a metal needle
   Relative sizes:
     - pushpin: roughly equal to other components

5. Relational and Proportional Constraints:
   - The pushpins occupy the most space.
   - There are no fixed size ratios between components.

6. Symmetry and Connectivity:
   - Components (pushpins) do not need to be strictly separated or parallel/adjacent unless specified by external constraints like a board layout, which is not shown here.

7. Per-Slot Completeness:
   - Each slot must contain exactly one yellow pushpin head facing up; there should be no empty slots nor any slots with two or more items in them

Question to verify: Are the pushpins in the image strictly separated or parallel/adjacent?

Look carefully at the image.
Step 1 — Observe: Describe what you see in the image that is directly relevant to this question. Be specific: count visible objects, note their location (left/right/center), and explicitly state if an expected component appears absent or is in the wrong position.
Step 2 — Conclude with exactly one of:
Result: Yes
Result: No
[RESPONSE]
Step 1: Observe
- The image shows a set of pushpins arranged in individual slots.
- There are exactly 15 visible yellow pushpins, each with its cap facing up and the needle pointing downwards.

Step 2:
Result: Yes
[EXTRACTED] Yes

--- Stage 3b | Filter | Q: Are the pushpins in the image strictly separated or parallel... | /home/chikibriki/LoqicQA/dataset-ninja/mvtec-loco-ad/train/img/pushpins_163.png | gt=good ---
[PROMPT]
You are a strict industrial quality control inspector.
Your task is to inspect a pushpins and answer a specific constraint question.

[What a NORMAL pushpins looks like]
1. Components:
   - pushpin

2. Quantities:
   - pushpin: exactly 15

3. Spatial Arrangement:
   - pushpin: center

4. Visual Appearance and Fill Level:
   - pushpin: yellow, round cap with a metal needle
   Relative sizes:
     - pushpin: roughly equal to other components

5. Relational and Proportional Constraints:
   - The pushpins occupy the most space.
   - There are no fixed size ratios between components.

6. Symmetry and Connectivity:
   - Components (pushpins) do not need to be strictly separated or parallel/adjacent unless specified by external constraints like a board layout, which is not shown here.

7. Per-Slot Completeness:
   - Each slot must contain exactly one yellow pushpin head facing up; there should be no empty slots nor any slots with two or more items in them

Question to verify: Are the pushpins in the image strictly separated or parallel/adjacent?

Look carefully at the image.
Step 1 — Observe: Describe what you see in the image that is directly relevant to this question. Be specific: count visible objects, note their location (left/right/center), and explicitly state if an expected component appears absent or is in the wrong position.
Step 2 — Conclude with exactly one of:
Result: Yes
Result: No
[RESPONSE]
Step 1: Observe
- The image shows a set of pushpins in individual slots.
- There are exactly 15 visible yellow pushpins, each with its head facing up and metal needle pointing downwards. 
- Each slot contains one pushpin; there is no empty slot or any slot containing more than one item.

Step 2:
Result: Yes
[EXTRACTED] Yes

--- Stage 3b | Filter | Q: Are the pushpins in the image strictly separated or parallel... | /home/chikibriki/LoqicQA/dataset-ninja/mvtec-loco-ad/train/img/pushpins_320.png | gt=good ---
[PROMPT]
You are a strict industrial quality control inspector.
Your task is to inspect a pushpins and answer a specific constraint question.

[What a NORMAL pushpins looks like]
1. Components:
   - pushpin

2. Quantities:
   - pushpin: exactly 15

3. Spatial Arrangement:
   - pushpin: center

4. Visual Appearance and Fill Level:
   - pushpin: yellow, round cap with a metal needle
   Relative sizes:
     - pushpin: roughly equal to other components

5. Relational and Proportional Constraints:
   - The pushpins occupy the most space.
   - There are no fixed size ratios between components.

6. Symmetry and Connectivity:
   - Components (pushpins) do not need to be strictly separated or parallel/adjacent unless specified by external constraints like a board layout, which is not shown here.

7. Per-Slot Completeness:
   - Each slot must contain exactly one yellow pushpin head facing up; there should be no empty slots nor any slots with two or more items in them

Question to verify: Are the pushpins in the image strictly separated or parallel/adjacent?

Look carefully at the image.
Step 1 — Observe: Describe what you see in the image that is directly relevant to this question. Be specific: count visible objects, note their location (left/right/center), and explicitly state if an expected component appears absent or is in the wrong position.
Step 2 — Conclude with exactly one of:
Result: Yes
Result: No
[RESPONSE]
Step 1: Observe
- The image shows a set of pushpins in individual slots.
- There are exactly 15 visible yellow pushpins, each with its head facing up and the metal needle pointing downwards. 
- Each slot appears to contain one pushpin without any empty or double-filled slots.

Step 2: Conclude

Result: Yes
[EXTRACTED] Yes

--- Stage 3b | Filter | Q: Are the pushpins in the image strictly separated or parallel... | /home/chikibriki/LoqicQA/dataset-ninja/mvtec-loco-ad/train/img/pushpins_259.png | gt=good ---
[PROMPT]
You are a strict industrial quality control inspector.
Your task is to inspect a pushpins and answer a specific constraint question.

[What a NORMAL pushpins looks like]
1. Components:
   - pushpin

2. Quantities:
   - pushpin: exactly 15

3. Spatial Arrangement:
   - pushpin: center

4. Visual Appearance and Fill Level:
   - pushpin: yellow, round cap with a metal needle
   Relative sizes:
     - pushpin: roughly equal to other components

5. Relational and Proportional Constraints:
   - The pushpins occupy the most space.
   - There are no fixed size ratios between components.

6. Symmetry and Connectivity:
   - Components (pushpins) do not need to be strictly separated or parallel/adjacent unless specified by external constraints like a board layout, which is not shown here.

7. Per-Slot Completeness:
   - Each slot must contain exactly one yellow pushpin head facing up; there should be no empty slots nor any slots with two or more items in them

Question to verify: Are the pushpins in the image strictly separated or parallel/adjacent?

Look carefully at the image.
Step 1 — Observe: Describe what you see in the image that is directly relevant to this question. Be specific: count visible objects, note their location (left/right/center), and explicitly state if an expected component appears absent or is in the wrong position.
Step 2 — Conclude with exactly one of:
Result: Yes
Result: No
[RESPONSE]
Step 1: Observe
- The image shows a set of pushpins in individual slots.
- There are exactly 15 visible yellow pushpins, each with its head facing up and metal needle pointing downwards. 
- All the pushpins appear to be evenly spaced within their respective slots.

Step 2:
Result: Yes
[EXTRACTED] Yes
[FILTER RESULT] 'Are the pushpins in the image strictly separated or parallel/adjacent?' acc=1.00 → KEEP
[FILTER RESULT] 'Is there exactly one yellow pushpin head facing up in each slot?' acc=1.00 → KEEP

--- Stage 3c | Sub-Qs for: Is there exactly 15 pushpins? ---
[PROMPT]
You are a quality control assistant verifying images of a pushpins.

[What a NORMAL pushpins contains]
1. Components:
   - pushpin

2. Quantities:
   - pushpin: exactly 15

3. Spatial Arrangement:
   - pushpin: center

4. Visual Appearance and Fill Level:
   - pushpin: yellow, round cap with a metal needle
   Relative sizes:
     - pushpin: roughly equal to other components

5. Relational and Proportional Constraints:
   - The pushpins occupy the most space.
   - There are no fixed size ratios between components.

6. Symmetry and Connectivity:
   - Components (pushpins) do not need to be strictly separated or parallel/adjacent unless specified by external constraints like a board layout, which is not shown here.

7. Per-Slot Completeness:
   - Each slot must contain exactly one yellow pushpin head facing up; there should be no empty slots nor any slots with two or more items in them

Known components (use ONLY these, do NOT invent new objects, numbers, or locations):
- pushpin

The following constraint must hold for a NORMAL image:
  "Is there exactly 15 pushpins?"
(Yes = constraint satisfied = normal. No = constraint violated = anomaly.)

Write 4 verification questions about this constraint.
Vary only the sentence opener and phrasing — the substance must stay identical.
Allowed openers: "Can you see", "Is there", "Do you observe", "Are ... visible",
"Does the pushpins contain", "Is ... present".
Keep each question under 15 words where possible.
Do NOT combine multiple conditions in one question (avoid AND, OR, IF, WHILE).
Do NOT test a different aspect — all 4 questions must verify the exact same
constraint as the main question, just phrased differently.
Focus ONLY on the component mentioned in the main question. Do NOT introduce other components.

Rules:
1. "Yes" ALWAYS means the image is normal / the condition is satisfied.
2. Forbidden words and phrases: "missing", "absent", "empty of", "without",
   "no other", "(Yes = anomaly)", "No =", "outside", "foreign".
3. Do NOT copy the original question verbatim.
4. Do NOT invent objects, positions, or numbers not present in the constraint or components list.
5. Preserve exact numbers when they appear (e.g. "exactly N", "precisely N").
6. Every question must be answerable from THIS SINGLE image alone.
   FORBIDDEN phrases: "each image", "every image", "all images", "in every picture",
   "some images", "across images", "Image 1", "Image 2", "Image 3", "Image 4", "Image 5".
7. Do NOT reference hypothetical scenarios, history, or reasoning steps.
   FORBIDDEN: "if you were to", "would it be possible", "imaginary", "were to remove",
   "if we remove", "hypothetical", "during assembly", "at some point", "was placed".

Output ONLY 4 numbered questions, nothing else.

Output1:
Output2:
Output3:
Output4:

[RESPONSE]
1. Can you see exactly 15 pushpins in the image?
2. Is there a precise count of fifteen yellow pushpins visible here?
3. Do you observe that all slots contain precisely one pushpin head facing up, totaling to 15?
4. Are there any empty spaces or extra items besides these exact 15 pushpins?
[SUB-QUESTIONS] ['Can you see exactly 15 pushpins in the image?', 'Is there a precise count of fifteen yellow pushpins visible here?', 'Do you observe that all slots contain precisely one pushpin head facing up, totaling to 15?', 'Can you see pushpin in the pushpins?']

--- Stage 3c | Sub-Qs for: Is the center of the pushpin visible? ---
[PROMPT]
You are a quality control assistant verifying images of a pushpins.

[What a NORMAL pushpins contains]
1. Components:
   - pushpin

2. Quantities:
   - pushpin: exactly 15

3. Spatial Arrangement:
   - pushpin: center

4. Visual Appearance and Fill Level:
   - pushpin: yellow, round cap with a metal needle
   Relative sizes:
     - pushpin: roughly equal to other components

5. Relational and Proportional Constraints:
   - The pushpins occupy the most space.
   - There are no fixed size ratios between components.

6. Symmetry and Connectivity:
   - Components (pushpins) do not need to be strictly separated or parallel/adjacent unless specified by external constraints like a board layout, which is not shown here.

7. Per-Slot Completeness:
   - Each slot must contain exactly one yellow pushpin head facing up; there should be no empty slots nor any slots with two or more items in them

Known components (use ONLY these, do NOT invent new objects, numbers, or locations):
- pushpin

The following constraint must hold for a NORMAL image:
  "Is the center of the pushpin visible?"
(Yes = constraint satisfied = normal. No = constraint violated = anomaly.)

Write 4 verification questions about this constraint.
Vary only the sentence opener and phrasing — the substance must stay identical.
Allowed openers: "Can you see", "Is there", "Do you observe", "Are ... visible",
"Does the pushpins contain", "Is ... present".
Keep each question under 15 words where possible.
Do NOT combine multiple conditions in one question (avoid AND, OR, IF, WHILE).
Do NOT test a different aspect — all 4 questions must verify the exact same
constraint as the main question, just phrased differently.
Focus ONLY on the component mentioned in the main question. Do NOT introduce other components.

Rules:
1. "Yes" ALWAYS means the image is normal / the condition is satisfied.
2. Forbidden words and phrases: "missing", "absent", "empty of", "without",
   "no other", "(Yes = anomaly)", "No =", "outside", "foreign".
3. Do NOT copy the original question verbatim.
4. Do NOT invent objects, positions, or numbers not present in the constraint or components list.
5. Preserve exact numbers when they appear (e.g. "exactly N", "precisely N").
6. Every question must be answerable from THIS SINGLE image alone.
   FORBIDDEN phrases: "each image", "every image", "all images", "in every picture",
   "some images", "across images", "Image 1", "Image 2", "Image 3", "Image 4", "Image 5".
7. Do NOT reference hypothetical scenarios, history, or reasoning steps.
   FORBIDDEN: "if you were to", "would it be possible", "imaginary", "were to remove",
   "if we remove", "hypothetical", "during assembly", "at some point", "was placed".

Output ONLY 4 numbered questions, nothing else.

Output1:
Output2:
Output3:
Output4:

[RESPONSE]
1. Can you see the center of each pushpin in this image?
2. Is there a visible central point on every pushpin shown here?
3. Do you observe that all pushpins have their centers clearly depicted?
[SUB-QUESTIONS] ['Can you see the center of each pushpin in this image?', 'Is there a visible central point on every pushpin shown here?', 'Do you observe that all pushpins have their centers clearly depicted?', 'Can you see pushpin in the pushpins?']

--- Stage 3c | Sub-Qs for: Is there a yellow, round cap with a metal needle? ---
[PROMPT]
You are a quality control assistant verifying images of a pushpins.

[What a NORMAL pushpins contains]
1. Components:
   - pushpin

2. Quantities:
   - pushpin: exactly 15

3. Spatial Arrangement:
   - pushpin: center

4. Visual Appearance and Fill Level:
   - pushpin: yellow, round cap with a metal needle
   Relative sizes:
     - pushpin: roughly equal to other components

5. Relational and Proportional Constraints:
   - The pushpins occupy the most space.
   - There are no fixed size ratios between components.

6. Symmetry and Connectivity:
   - Components (pushpins) do not need to be strictly separated or parallel/adjacent unless specified by external constraints like a board layout, which is not shown here.

7. Per-Slot Completeness:
   - Each slot must contain exactly one yellow pushpin head facing up; there should be no empty slots nor any slots with two or more items in them

Known components (use ONLY these, do NOT invent new objects, numbers, or locations):
- pushpin

The following constraint must hold for a NORMAL image:
  "Is there a yellow, round cap with a metal needle?"
(Yes = constraint satisfied = normal. No = constraint violated = anomaly.)

Write 4 verification questions about this constraint.
Vary only the sentence opener and phrasing — the substance must stay identical.
Allowed openers: "Can you see", "Is there", "Do you observe", "Are ... visible",
"Does the pushpins contain", "Is ... present".
Keep each question under 15 words where possible.
Do NOT combine multiple conditions in one question (avoid AND, OR, IF, WHILE).
Do NOT test a different aspect — all 4 questions must verify the exact same
constraint as the main question, just phrased differently.
Focus ONLY on the component mentioned in the main question. Do NOT introduce other components.

Rules:
1. "Yes" ALWAYS means the image is normal / the condition is satisfied.
2. Forbidden words and phrases: "missing", "absent", "empty of", "without",
   "no other", "(Yes = anomaly)", "No =", "outside", "foreign".
3. Do NOT copy the original question verbatim.
4. Do NOT invent objects, positions, or numbers not present in the constraint or components list.
5. Preserve exact numbers when they appear (e.g. "exactly N", "precisely N").
6. Every question must be answerable from THIS SINGLE image alone.
   FORBIDDEN phrases: "each image", "every image", "all images", "in every picture",
   "some images", "across images", "Image 1", "Image 2", "Image 3", "Image 4", "Image 5".
7. Do NOT reference hypothetical scenarios, history, or reasoning steps.
   FORBIDDEN: "if you were to", "would it be possible", "imaginary", "were to remove",
   "if we remove", "hypothetical", "during assembly", "at some point", "was placed".

Output ONLY 4 numbered questions, nothing else.

Output1:
Output2:
Output3:
Output4:

[RESPONSE]
1. Can you see a yellow, round cap with a metal needle?
2. Is there any visible pushpin that is not yellow or does it have an irregular shape? 
3. Do you observe the presence of at least one yellow, round cap with a metal needle in this image?
4. Are all components present and do they match exactly as described: 15 yellow, round caps each containing a single metal needle?
[SUB-QUESTIONS] ['Can you see a yellow, round cap with a metal needle?', 'Is there any visible pushpin that is not yellow or does it have an irregular shape?', 'Do you observe the presence of at least one yellow, round cap with a metal needle in this image?', 'Are all components present and do they match exactly as described: 15 yellow, round caps each containing a single metal needle?']

--- Stage 3c | Sub-Qs for: Is the pushpin roughly equal to other components? ---
[PROMPT]
You are a quality control assistant verifying images of a pushpins.

[What a NORMAL pushpins contains]
1. Components:
   - pushpin

2. Quantities:
   - pushpin: exactly 15

3. Spatial Arrangement:
   - pushpin: center

4. Visual Appearance and Fill Level:
   - pushpin: yellow, round cap with a metal needle
   Relative sizes:
     - pushpin: roughly equal to other components

5. Relational and Proportional Constraints:
   - The pushpins occupy the most space.
   - There are no fixed size ratios between components.

6. Symmetry and Connectivity:
   - Components (pushpins) do not need to be strictly separated or parallel/adjacent unless specified by external constraints like a board layout, which is not shown here.

7. Per-Slot Completeness:
   - Each slot must contain exactly one yellow pushpin head facing up; there should be no empty slots nor any slots with two or more items in them

Known components (use ONLY these, do NOT invent new objects, numbers, or locations):
- pushpin

The following constraint must hold for a NORMAL image:
  "Is the pushpin roughly equal to other components?"
(Yes = constraint satisfied = normal. No = constraint violated = anomaly.)

Write 4 verification questions about this constraint.
Vary only the sentence opener and phrasing — the substance must stay identical.
Allowed openers: "Can you see", "Is there", "Do you observe", "Are ... visible",
"Does the pushpins contain", "Is ... present".
Keep each question under 15 words where possible.
Do NOT combine multiple conditions in one question (avoid AND, OR, IF, WHILE).
Do NOT test a different aspect — all 4 questions must verify the exact same
constraint as the main question, just phrased differently.
Focus ONLY on the component mentioned in the main question. Do NOT introduce other components.

Rules:
1. "Yes" ALWAYS means the image is normal / the condition is satisfied.
2. Forbidden words and phrases: "missing", "absent", "empty of", "without",
   "no other", "(Yes = anomaly)", "No =", "outside", "foreign".
3. Do NOT copy the original question verbatim.
4. Do NOT invent objects, positions, or numbers not present in the constraint or components list.
5. Preserve exact numbers when they appear (e.g. "exactly N", "precisely N").
6. Every question must be answerable from THIS SINGLE image alone.
   FORBIDDEN phrases: "each image", "every image", "all images", "in every picture",
   "some images", "across images", "Image 1", "Image 2", "Image 3", "Image 4", "Image 5".
7. Do NOT reference hypothetical scenarios, history, or reasoning steps.
   FORBIDDEN: "if you were to", "would it be possible", "imaginary", "were to remove",
   "if we remove", "hypothetical", "during assembly", "at some point", "was placed".

Output ONLY 4 numbered questions, nothing else.

Output1:
Output2:
Output3:
Output4:

[RESPONSE]
1. Can you see the pushpins are roughly equal in size to other components?
2. Is there a noticeable difference between the sizes of the pushpins and any other visible objects or elements within this image? 
3. Do you observe that each yellow pushpin head is approximately as large compared with its surroundings, including adjacent items if present.
4. Are all 15 pushpins visibly similar in dimensions relative to their neighboring parts without significant variation from one another?
[SUB-QUESTIONS] ['Can you see the pushpins are roughly equal in size to other components?', 'Is there a noticeable difference between the sizes of the pushpins and any other visible objects or elements within this image?', 'Do you observe that each yellow pushpin head is approximately as large compared with its surroundings, including adjacent items if present.', 'Are all 15 pushpins visibly similar in dimensions relative to their neighboring parts without significant variation from one another?']

--- Stage 3c | Sub-Qs for: Are the pushpins in the image strictly separated or parallel/adjacent? ---
[PROMPT]
You are a quality control assistant verifying images of a pushpins.

[What a NORMAL pushpins contains]
1. Components:
   - pushpin

2. Quantities:
   - pushpin: exactly 15

3. Spatial Arrangement:
   - pushpin: center

4. Visual Appearance and Fill Level:
   - pushpin: yellow, round cap with a metal needle
   Relative sizes:
     - pushpin: roughly equal to other components

5. Relational and Proportional Constraints:
   - The pushpins occupy the most space.
   - There are no fixed size ratios between components.

6. Symmetry and Connectivity:
   - Components (pushpins) do not need to be strictly separated or parallel/adjacent unless specified by external constraints like a board layout, which is not shown here.

7. Per-Slot Completeness:
   - Each slot must contain exactly one yellow pushpin head facing up; there should be no empty slots nor any slots with two or more items in them

Known components (use ONLY these, do NOT invent new objects, numbers, or locations):
- pushpin

The following constraint must hold for a NORMAL image:
  "Are the pushpins in the image strictly separated or parallel/adjacent?"
(Yes = constraint satisfied = normal. No = constraint violated = anomaly.)

Write 4 verification questions about this constraint.
Vary only the sentence opener and phrasing — the substance must stay identical.
Allowed openers: "Can you see", "Is there", "Do you observe", "Are ... visible",
"Does the pushpins contain", "Is ... present".
Keep each question under 15 words where possible.
Do NOT combine multiple conditions in one question (avoid AND, OR, IF, WHILE).
Do NOT test a different aspect — all 4 questions must verify the exact same
constraint as the main question, just phrased differently.
Focus ONLY on the component mentioned in the main question. Do NOT introduce other components.

Rules:
1. "Yes" ALWAYS means the image is normal / the condition is satisfied.
2. Forbidden words and phrases: "missing", "absent", "empty of", "without",
   "no other", "(Yes = anomaly)", "No =", "outside", "foreign".
3. Do NOT copy the original question verbatim.
4. Do NOT invent objects, positions, or numbers not present in the constraint or components list.
5. Preserve exact numbers when they appear (e.g. "exactly N", "precisely N").
6. Every question must be answerable from THIS SINGLE image alone.
   FORBIDDEN phrases: "each image", "every image", "all images", "in every picture",
   "some images", "across images", "Image 1", "Image 2", "Image 3", "Image 4", "Image 5".
7. Do NOT reference hypothetical scenarios, history, or reasoning steps.
   FORBIDDEN: "if you were to", "would it be possible", "imaginary", "were to remove",
   "if we remove", "hypothetical", "during assembly", "at some point", "was placed".

Output ONLY 4 numbered questions, nothing else.

Output1:
Output2:
Output3:
Output4:

[RESPONSE]
1. Are the pushpins in the image strictly separated or parallel/adjacent?
2. Is there any overlap between two adjacent pushpins visible? 
3. Do you observe that each pushpin is precisely 15 units apart from its neighbors, if present?
4. Are all pushpins evenly spaced without touching their neighboring pins?
[SUB-QUESTIONS] ['Are the pushpins in the image strictly separated or parallel/adjacent?', 'Is there any overlap between two adjacent pushpins visible?', 'Do you observe that each pushpin is precisely 15 units apart from its neighbors, if present?', 'Are all pushpins evenly spaced without touching their neighboring pins?']

--- Stage 3c | Sub-Qs for: Is there exactly one yellow pushpin head facing up in each slot? ---
[PROMPT]
You are a quality control assistant verifying images of a pushpins.

[What a NORMAL pushpins contains]
1. Components:
   - pushpin

2. Quantities:
   - pushpin: exactly 15

3. Spatial Arrangement:
   - pushpin: center

4. Visual Appearance and Fill Level:
   - pushpin: yellow, round cap with a metal needle
   Relative sizes:
     - pushpin: roughly equal to other components

5. Relational and Proportional Constraints:
   - The pushpins occupy the most space.
   - There are no fixed size ratios between components.

6. Symmetry and Connectivity:
   - Components (pushpins) do not need to be strictly separated or parallel/adjacent unless specified by external constraints like a board layout, which is not shown here.

7. Per-Slot Completeness:
   - Each slot must contain exactly one yellow pushpin head facing up; there should be no empty slots nor any slots with two or more items in them

Known components (use ONLY these, do NOT invent new objects, numbers, or locations):
- pushpin

The following constraint must hold for a NORMAL image:
  "Is there exactly one yellow pushpin head facing up in each slot?"
(Yes = constraint satisfied = normal. No = constraint violated = anomaly.)

Write 4 verification questions about this constraint.
Vary only the sentence opener and phrasing — the substance must stay identical.
Allowed openers: "Can you see", "Is there", "Do you observe", "Are ... visible",
"Does the pushpins contain", "Is ... present".
Keep each question under 15 words where possible.
Do NOT combine multiple conditions in one question (avoid AND, OR, IF, WHILE).
Do NOT test a different aspect — all 4 questions must verify the exact same
constraint as the main question, just phrased differently.
Focus ONLY on the component mentioned in the main question. Do NOT introduce other components.

Rules:
1. "Yes" ALWAYS means the image is normal / the condition is satisfied.
2. Forbidden words and phrases: "missing", "absent", "empty of", "without",
   "no other", "(Yes = anomaly)", "No =", "outside", "foreign".
3. Do NOT copy the original question verbatim.
4. Do NOT invent objects, positions, or numbers not present in the constraint or components list.
5. Preserve exact numbers when they appear (e.g. "exactly N", "precisely N").
6. Every question must be answerable from THIS SINGLE image alone.
   FORBIDDEN phrases: "each image", "every image", "all images", "in every picture",
   "some images", "across images", "Image 1", "Image 2", "Image 3", "Image 4", "Image 5".
7. Do NOT reference hypothetical scenarios, history, or reasoning steps.
   FORBIDDEN: "if you were to", "would it be possible", "imaginary", "were to remove",
   "if we remove", "hypothetical", "during assembly", "at some point", "was placed".

Output ONLY 4 numbered questions, nothing else.

Output1:
Output2:
Output3:
Output4:

[RESPONSE]
1. Are there exactly 15 yellow pushpin heads facing up in the image?
2. Is each slot occupied by precisely one upward-facing yellow pushpin head?
3. Do you observe any empty slots or multiple items per slot with a single component present?
4. Does every visible space contain an exact number of yellow pushpins, all oriented upwards?
[SUB-QUESTIONS] ['Are there exactly 15 yellow pushpin heads facing up in the image?', 'Is each slot occupied by precisely one upward-facing yellow pushpin head?', 'Does every visible space contain an exact number of yellow pushpins, all oriented upwards?', 'Can you see pushpin in the pushpins?']

============================================================
Stage 4 | [0] /home/chikibriki/LoqicQA/dataset-ninja/mvtec-loco-ad/test/img/pushpins_good_000.png | gt=good | anomaly_type=None
============================================================

  [Sub-Q 1] MQ: Is there exactly one yellow pushpin head facing up...
  SQ: Is there exactly one yellow pushpin head facing up in each slot?
  [PROMPT]
You are a strict industrial quality control inspector.
Your task is to inspect a pushpins and answer a specific constraint question.

[What a NORMAL pushpins looks like]
1. Components:
   - pushpin

2. Quantities:
   - pushpin: exactly 15

3. Spatial Arrangement:
   - pushpin: center

4. Visual Appearance and Fill Level:
   - pushpin: yellow, round cap with a metal needle
   Relative sizes:
     - pushpin: roughly equal to other components

5. Relational and Proportional Constraints:
   - The pushpins occupy the most space.
   - There are no fixed size ratios between components.

6. Symmetry and Connectivity:
   - Components (pushpins) do not need to be strictly separated or parallel/adjacent unless specified by external constraints like a board layout, which is not shown here.

7. Per-Slot Completeness:
   - Each slot must contain exactly one yellow pushpin head facing up; there should be no empty slots nor any slots with two or more items in them

Question to verify: Is there exactly one yellow pushpin head facing up in each slot?

Look carefully at the image.
Step 1 — Observe: Describe what you see in the image that is directly relevant to this question. Be specific: count visible objects, note their location (left/right/center), and explicitly state if an expected component appears absent or is in the wrong position.
Step 2 — Conclude with exactly one of:
Result: Yes
Result: No
  [RESPONSE]
Step 1: Observe
- The image shows a plastic container with multiple slots.
- Each slot contains one yellow pushpin head facing up, except for the top right and bottom left slots which are empty.

Step 2: Conclude

Result: No
  [ANSWER] No | log_prob=0.0
  [META] {'regex_found': 'No', 'pos': 222, 'mapped_to_token_id': 2458, 'decoded_token': ' No', 'step': 52, 'raw_prob': 1.0}

  [Sub-Q 2] MQ: Is there exactly one yellow pushpin head facing up...
  SQ: Are there exactly 15 yellow pushpin heads facing up in the image?
  [PROMPT]
You are a strict industrial quality control inspector.
Your task is to inspect a pushpins and answer a specific constraint question.

[What a NORMAL pushpins looks like]
1. Components:
   - pushpin

2. Quantities:
   - pushpin: exactly 15

3. Spatial Arrangement:
   - pushpin: center

4. Visual Appearance and Fill Level:
   - pushpin: yellow, round cap with a metal needle
   Relative sizes:
     - pushpin: roughly equal to other components

5. Relational and Proportional Constraints:
   - The pushpins occupy the most space.
   - There are no fixed size ratios between components.

6. Symmetry and Connectivity:
   - Components (pushpins) do not need to be strictly separated or parallel/adjacent unless specified by external constraints like a board layout, which is not shown here.

7. Per-Slot Completeness:
   - Each slot must contain exactly one yellow pushpin head facing up; there should be no empty slots nor any slots with two or more items in them

Question to verify: Are there exactly 15 yellow pushpin heads facing up in the image?

Look carefully at the image.
Step 1 — Observe: Describe what you see in the image that is directly relevant to this question. Be specific: count visible objects, note their location (left/right/center), and explicitly state if an expected component appears absent or is in the wrong position.
Step 2 — Conclude with exactly one of:
Result: Yes
Result: No
  [RESPONSE]
Step 1: Observe
- The image shows a clear plastic case with multiple compartments.
- Each compartment contains one yellow pushpin head facing up, except for the bottom right corner which is empty.

Step 2:
Result: No
  [ANSWER] No | log_prob=0.0
  [META] {'regex_found': 'No', 'pos': 214, 'mapped_to_token_id': 2458, 'decoded_token': ' No', 'step': 48, 'raw_prob': 1.0}

  [Sub-Q 3] MQ: Is there exactly one yellow pushpin head facing up...
  SQ: Is each slot occupied by precisely one upward-facing yellow pushpin head?
  [PROMPT]
You are a strict industrial quality control inspector.
Your task is to inspect a pushpins and answer a specific constraint question.

[What a NORMAL pushpins looks like]
1. Components:
   - pushpin

2. Quantities:
   - pushpin: exactly 15

3. Spatial Arrangement:
   - pushpin: center

4. Visual Appearance and Fill Level:
   - pushpin: yellow, round cap with a metal needle
   Relative sizes:
     - pushpin: roughly equal to other components

5. Relational and Proportional Constraints:
   - The pushpins occupy the most space.
   - There are no fixed size ratios between components.

6. Symmetry and Connectivity:
   - Components (pushpins) do not need to be strictly separated or parallel/adjacent unless specified by external constraints like a board layout, which is not shown here.

7. Per-Slot Completeness:
   - Each slot must contain exactly one yellow pushpin head facing up; there should be no empty slots nor any slots with two or more items in them

Question to verify: Is each slot occupied by precisely one upward-facing yellow pushpin head?

Look carefully at the image.
Step 1 — Observe: Describe what you see in the image that is directly relevant to this question. Be specific: count visible objects, note their location (left/right/center), and explicitly state if an expected component appears absent or is in the wrong position.
Step 2 — Conclude with exactly one of:
Result: Yes
Result: No
  [RESPONSE]
Step 1: Observe
- The image shows a plastic tray with multiple slots.
- Each slot contains one yellow pushpin head facing up, except for the bottom right and top left corners which are empty.

Step 2:
Result: No
  [ANSWER] No | log_prob=0.0
  [META] {'regex_found': 'No', 'pos': 209, 'mapped_to_token_id': 2458, 'decoded_token': ' No', 'step': 49, 'raw_prob': 1.0}

  [Sub-Q 4] MQ: Is there exactly one yellow pushpin head facing up...
  SQ: Does every visible space contain an exact number of yellow pushpins, all oriented upwards?
  [PROMPT]
You are a strict industrial quality control inspector.
Your task is to inspect a pushpins and answer a specific constraint question.

[What a NORMAL pushpins looks like]
1. Components:
   - pushpin

2. Quantities:
   - pushpin: exactly 15

3. Spatial Arrangement:
   - pushpin: center

4. Visual Appearance and Fill Level:
   - pushpin: yellow, round cap with a metal needle
   Relative sizes:
     - pushpin: roughly equal to other components

5. Relational and Proportional Constraints:
   - The pushpins occupy the most space.
   - There are no fixed size ratios between components.

6. Symmetry and Connectivity:
   - Components (pushpins) do not need to be strictly separated or parallel/adjacent unless specified by external constraints like a board layout, which is not shown here.

7. Per-Slot Completeness:
   - Each slot must contain exactly one yellow pushpin head facing up; there should be no empty slots nor any slots with two or more items in them

Question to verify: Does every visible space contain an exact number of yellow pushpins, all oriented upwards?

Look carefully at the image.
Step 1 — Observe: Describe what you see in the image that is directly relevant to this question. Be specific: count visible objects, note their location (left/right/center), and explicitly state if an expected component appears absent or is in the wrong position.
Step 2 — Conclude with exactly one of:
Result: Yes
Result: No
  [RESPONSE]
Step 1: Observe
- The image shows a plastic case with multiple slots.
- Each slot contains one yellow pushpin head facing upwards, except for the bottom right and middle left slots which are empty.

Step 2:
Result: No
  [ANSWER] No | log_prob=0.0
  [META] {'regex_found': 'No', 'pos': 215, 'mapped_to_token_id': 2458, 'decoded_token': ' No', 'step': 49, 'raw_prob': 1.0}

  [Sub-Q 5] MQ: Is there exactly one yellow pushpin head facing up...
  SQ: Can you see pushpin in the pushpins?
  [PROMPT]
You are a strict industrial quality control inspector.
Your task is to inspect a pushpins and answer a specific constraint question.

[What a NORMAL pushpins looks like]
1. Components:
   - pushpin

2. Quantities:
   - pushpin: exactly 15

3. Spatial Arrangement:
   - pushpin: center

4. Visual Appearance and Fill Level:
   - pushpin: yellow, round cap with a metal needle
   Relative sizes:
     - pushpin: roughly equal to other components

5. Relational and Proportional Constraints:
   - The pushpins occupy the most space.
   - There are no fixed size ratios between components.

6. Symmetry and Connectivity:
   - Components (pushpins) do not need to be strictly separated or parallel/adjacent unless specified by external constraints like a board layout, which is not shown here.

7. Per-Slot Completeness:
   - Each slot must contain exactly one yellow pushpin head facing up; there should be no empty slots nor any slots with two or more items in them

Question to verify: Can you see pushpin in the pushpins?

Look carefully at the image.
Step 1 — Observe: Describe what you see in the image that is directly relevant to this question. Be specific: count visible objects, note their location (left/right/center), and explicitly state if an expected component appears absent or is in the wrong position.
Step 2 — Conclude with exactly one of:
Result: Yes
Result: No
  [RESPONSE]
Step 1: Observe
- The image shows a plastic container with multiple slots.
- Each slot contains one yellow pushpin head facing up, except for the bottom right slot which is empty.

Step 2:
Result: No
  [ANSWER] No | log_prob=0.0
  [META] {'regex_found': 'No', 'pos': 197, 'mapped_to_token_id': 2458, 'decoded_token': ' No', 'step': 46, 'raw_prob': 1.0}
  [VOTE] 'Is there exactly one yellow pushpin head facing up in each s' → No (Yes=0, No=5)
  [RESULT] anomaly=True score=1.0000
           Logical anomaly detected. Violated constraints:
  - Is there exactly one yellow pushpin head facing up in each slot?

============================================================
Stage 4 | [0] /home/chikibriki/LoqicQA/dataset-ninja/mvtec-loco-ad/test/img/pushpins_good_005.png | gt=good | anomaly_type=None
============================================================

  [Sub-Q 1] MQ: Is there exactly one yellow pushpin head facing up...
  SQ: Is there exactly one yellow pushpin head facing up in each slot?
  [PROMPT]
You are a strict industrial quality control inspector.
Your task is to inspect a pushpins and answer a specific constraint question.

[What a NORMAL pushpins looks like]
1. Components:
   - pushpin

2. Quantities:
   - pushpin: exactly 15

3. Spatial Arrangement:
   - pushpin: center

4. Visual Appearance and Fill Level:
   - pushpin: yellow, round cap with a metal needle
   Relative sizes:
     - pushpin: roughly equal to other components

5. Relational and Proportional Constraints:
   - The pushpins occupy the most space.
   - There are no fixed size ratios between components.

6. Symmetry and Connectivity:
   - Components (pushpins) do not need to be strictly separated or parallel/adjacent unless specified by external constraints like a board layout, which is not shown here.

7. Per-Slot Completeness:
   - Each slot must contain exactly one yellow pushpin head facing up; there should be no empty slots nor any slots with two or more items in them

Question to verify: Is there exactly one yellow pushpin head facing up in each slot?

Look carefully at the image.
Step 1 — Observe: Describe what you see in the image that is directly relevant to this question. Be specific: count visible objects, note their location (left/right/center), and explicitly state if an expected component appears absent or is in the wrong position.
Step 2 — Conclude with exactly one of:
Result: Yes
Result: No
  [RESPONSE]
Step 1: Observe
- There are a total of 15 slots in the image.
- Each slot contains one yellow pushpin head facing up.

Step 2: Conclude with exactly one:
Result: Yes
  [ANSWER] Yes | log_prob=0.0
  [META] {'regex_found': 'Yes', 'pos': 162, 'mapped_to_token_id': 7560, 'decoded_token': ' Yes', 'step': 44, 'raw_prob': 1.0}

  [Sub-Q 2] MQ: Is there exactly one yellow pushpin head facing up...
  SQ: Are there exactly 15 yellow pushpin heads facing up in the image?
  [PROMPT]
You are a strict industrial quality control inspector.
Your task is to inspect a pushpins and answer a specific constraint question.

[What a NORMAL pushpins looks like]
1. Components:
   - pushpin

2. Quantities:
   - pushpin: exactly 15

3. Spatial Arrangement:
   - pushpin: center

4. Visual Appearance and Fill Level:
   - pushpin: yellow, round cap with a metal needle
   Relative sizes:
     - pushpin: roughly equal to other components

5. Relational and Proportional Constraints:
   - The pushpins occupy the most space.
   - There are no fixed size ratios between components.

6. Symmetry and Connectivity:
   - Components (pushpins) do not need to be strictly separated or parallel/adjacent unless specified by external constraints like a board layout, which is not shown here.

7. Per-Slot Completeness:
   - Each slot must contain exactly one yellow pushpin head facing up; there should be no empty slots nor any slots with two or more items in them

Question to verify: Are there exactly 15 yellow pushpin heads facing up in the image?

Look carefully at the image.
Step 1 — Observe: Describe what you see in the image that is directly relevant to this question. Be specific: count visible objects, note their location (left/right/center), and explicitly state if an expected component appears absent or is in the wrong position.
Step 2 — Conclude with exactly one of:
Result: Yes
Result: No
  [RESPONSE]
Step 1: Observe
- The image shows a plastic case with multiple slots.
- Each slot contains one yellow pushpin head facing up, except for the bottom left and top right corners which are empty.

Step 2:
Result: No
  [ANSWER] No | log_prob=0.0
  [META] {'regex_found': 'No', 'pos': 209, 'mapped_to_token_id': 2458, 'decoded_token': ' No', 'step': 49, 'raw_prob': 1.0}

  [Sub-Q 3] MQ: Is there exactly one yellow pushpin head facing up...
  SQ: Is each slot occupied by precisely one upward-facing yellow pushpin head?
  [PROMPT]
You are a strict industrial quality control inspector.
Your task is to inspect a pushpins and answer a specific constraint question.

[What a NORMAL pushpins looks like]
1. Components:
   - pushpin

2. Quantities:
   - pushpin: exactly 15

3. Spatial Arrangement:
   - pushpin: center

4. Visual Appearance and Fill Level:
   - pushpin: yellow, round cap with a metal needle
   Relative sizes:
     - pushpin: roughly equal to other components

5. Relational and Proportional Constraints:
   - The pushpins occupy the most space.
   - There are no fixed size ratios between components.

6. Symmetry and Connectivity:
   - Components (pushpins) do not need to be strictly separated or parallel/adjacent unless specified by external constraints like a board layout, which is not shown here.

7. Per-Slot Completeness:
   - Each slot must contain exactly one yellow pushpin head facing up; there should be no empty slots nor any slots with two or more items in them

Question to verify: Is each slot occupied by precisely one upward-facing yellow pushpin head?

Look carefully at the image.
Step 1 — Observe: Describe what you see in the image that is directly relevant to this question. Be specific: count visible objects, note their location (left/right/center), and explicitly state if an expected component appears absent or is in the wrong position.
Step 2 — Conclude with exactly one of:
Result: Yes
Result: No
  [RESPONSE]
Step 1: Observe
- There are a total of 15 slots in the image.
- Each slot contains one yellow pushpin head facing up.

Step 2:
Result: Yes
  [ANSWER] Yes | log_prob=0.0
  [META] {'regex_found': 'Yes', 'pos': 135, 'mapped_to_token_id': 7560, 'decoded_token': ' Yes', 'step': 38, 'raw_prob': 1.0}

  [Sub-Q 4] MQ: Is there exactly one yellow pushpin head facing up...
  SQ: Does every visible space contain an exact number of yellow pushpins, all oriented upwards?
  [PROMPT]
You are a strict industrial quality control inspector.
Your task is to inspect a pushpins and answer a specific constraint question.

[What a NORMAL pushpins looks like]
1. Components:
   - pushpin

2. Quantities:
   - pushpin: exactly 15

3. Spatial Arrangement:
   - pushpin: center

4. Visual Appearance and Fill Level:
   - pushpin: yellow, round cap with a metal needle
   Relative sizes:
     - pushpin: roughly equal to other components

5. Relational and Proportional Constraints:
   - The pushpins occupy the most space.
   - There are no fixed size ratios between components.

6. Symmetry and Connectivity:
   - Components (pushpins) do not need to be strictly separated or parallel/adjacent unless specified by external constraints like a board layout, which is not shown here.

7. Per-Slot Completeness:
   - Each slot must contain exactly one yellow pushpin head facing up; there should be no empty slots nor any slots with two or more items in them

Question to verify: Does every visible space contain an exact number of yellow pushpins, all oriented upwards?

Look carefully at the image.
Step 1 — Observe: Describe what you see in the image that is directly relevant to this question. Be specific: count visible objects, note their location (left/right/center), and explicitly state if an expected component appears absent or is in the wrong position.
Step 2 — Conclude with exactly one of:
Result: Yes
Result: No
  [RESPONSE]
Step 1: Observe
- The image shows a plastic case with multiple compartments.
- Each compartment contains one yellow pushpin head facing upwards, except for the bottom left and middle right compartments which are empty.

Step 2:
Result: No
  [ANSWER] No | log_prob=0.0
  [META] {'regex_found': 'No', 'pos': 236, 'mapped_to_token_id': 2458, 'decoded_token': ' No', 'step': 51, 'raw_prob': 1.0}

  [Sub-Q 5] MQ: Is there exactly one yellow pushpin head facing up...
  SQ: Can you see pushpin in the pushpins?
  [PROMPT]
You are a strict industrial quality control inspector.
Your task is to inspect a pushpins and answer a specific constraint question.

[What a NORMAL pushpins looks like]
1. Components:
   - pushpin

2. Quantities:
   - pushpin: exactly 15

3. Spatial Arrangement:
   - pushpin: center

4. Visual Appearance and Fill Level:
   - pushpin: yellow, round cap with a metal needle
   Relative sizes:
     - pushpin: roughly equal to other components

5. Relational and Proportional Constraints:
   - The pushpins occupy the most space.
   - There are no fixed size ratios between components.

6. Symmetry and Connectivity:
   - Components (pushpins) do not need to be strictly separated or parallel/adjacent unless specified by external constraints like a board layout, which is not shown here.

7. Per-Slot Completeness:
   - Each slot must contain exactly one yellow pushpin head facing up; there should be no empty slots nor any slots with two or more items in them

Question to verify: Can you see pushpin in the pushpins?

Look carefully at the image.
Step 1 — Observe: Describe what you see in the image that is directly relevant to this question. Be specific: count visible objects, note their location (left/right/center), and explicitly state if an expected component appears absent or is in the wrong position.
Step 2 — Conclude with exactly one of:
Result: Yes
Result: No
  [RESPONSE]
Step 1: Observe
- There are a total of 15 slots in the image.
- Each slot contains one yellow pushpin head facing up, except for two empty slots on either side.

Step 2:
Result: Yes
  [ANSWER] Yes | log_prob=0.0
  [META] {'regex_found': 'Yes', 'pos': 178, 'mapped_to_token_id': 7560, 'decoded_token': ' Yes', 'step': 47, 'raw_prob': 1.0}
  [VOTE] 'Is there exactly one yellow pushpin head facing up in each s' → Yes (Yes=3, No=2)
  [RESULT] anomaly=False score=0.0000
           Image appears normal. All constraints satisfied.

============================================================
Stage 4 | [0] /home/chikibriki/LoqicQA/dataset-ninja/mvtec-loco-ad/test/img/pushpins_good_010.png | gt=good | anomaly_type=None
============================================================

  [Sub-Q 1] MQ: Is there exactly one yellow pushpin head facing up...
  SQ: Is there exactly one yellow pushpin head facing up in each slot?
  [PROMPT]
You are a strict industrial quality control inspector.
Your task is to inspect a pushpins and answer a specific constraint question.

[What a NORMAL pushpins looks like]
1. Components:
   - pushpin

2. Quantities:
   - pushpin: exactly 15

3. Spatial Arrangement:
   - pushpin: center

4. Visual Appearance and Fill Level:
   - pushpin: yellow, round cap with a metal needle
   Relative sizes:
     - pushpin: roughly equal to other components

5. Relational and Proportional Constraints:
   - The pushpins occupy the most space.
   - There are no fixed size ratios between components.

6. Symmetry and Connectivity:
   - Components (pushpins) do not need to be strictly separated or parallel/adjacent unless specified by external constraints like a board layout, which is not shown here.

7. Per-Slot Completeness:
   - Each slot must contain exactly one yellow pushpin head facing up; there should be no empty slots nor any slots with two or more items in them

Question to verify: Is there exactly one yellow pushpin head facing up in each slot?

Look carefully at the image.
Step 1 — Observe: Describe what you see in the image that is directly relevant to this question. Be specific: count visible objects, note their location (left/right/center), and explicitly state if an expected component appears absent or is in the wrong position.
Step 2 — Conclude with exactly one of:
Result: Yes
Result: No
  [RESPONSE]
Step 1: Observe
- The image shows a set of pushpins in individual slots.
- There are exactly 15 visible yellow pushpin heads facing up, each occupying its own slot.

Step 2: Conclude with the result:
Result: Yes
  [ANSWER] Yes | log_prob=0.0
  [META] {'regex_found': 'Yes', 'pos': 208, 'mapped_to_token_id': 7560, 'decoded_token': ' Yes', 'step': 54, 'raw_prob': 1.0}

  [Sub-Q 2] MQ: Is there exactly one yellow pushpin head facing up...
  SQ: Are there exactly 15 yellow pushpin heads facing up in the image?
  [PROMPT]
You are a strict industrial quality control inspector.
Your task is to inspect a pushpins and answer a specific constraint question.

[What a NORMAL pushpins looks like]
1. Components:
   - pushpin

2. Quantities:
   - pushpin: exactly 15

3. Spatial Arrangement:
   - pushpin: center

4. Visual Appearance and Fill Level:
   - pushpin: yellow, round cap with a metal needle
   Relative sizes:
     - pushpin: roughly equal to other components

5. Relational and Proportional Constraints:
   - The pushpins occupy the most space.
   - There are no fixed size ratios between components.

6. Symmetry and Connectivity:
   - Components (pushpins) do not need to be strictly separated or parallel/adjacent unless specified by external constraints like a board layout, which is not shown here.

7. Per-Slot Completeness:
   - Each slot must contain exactly one yellow pushpin head facing up; there should be no empty slots nor any slots with two or more items in them

Question to verify: Are there exactly 15 yellow pushpin heads facing up in the image?

Look carefully at the image.
Step 1 — Observe: Describe what you see in the image that is directly relevant to this question. Be specific: count visible objects, note their location (left/right/center), and explicitly state if an expected component appears absent or is in the wrong position.
Step 2 — Conclude with exactly one of:
Result: Yes
Result: No
  [RESPONSE]
Step 1: Observe
- The image shows a clear plastic case with multiple compartments.
- Each compartment contains one yellow pushpin head facing up, except for the top left and bottom right corners which are empty.

Step 2:
Result: No
  [ANSWER] No | log_prob=0.0
  [META] {'regex_found': 'No', 'pos': 229, 'mapped_to_token_id': 2458, 'decoded_token': ' No', 'step': 51, 'raw_prob': 1.0}

  [Sub-Q 3] MQ: Is there exactly one yellow pushpin head facing up...
  SQ: Is each slot occupied by precisely one upward-facing yellow pushpin head?
  [PROMPT]
You are a strict industrial quality control inspector.
Your task is to inspect a pushpins and answer a specific constraint question.

[What a NORMAL pushpins looks like]
1. Components:
   - pushpin

2. Quantities:
   - pushpin: exactly 15

3. Spatial Arrangement:
   - pushpin: center

4. Visual Appearance and Fill Level:
   - pushpin: yellow, round cap with a metal needle
   Relative sizes:
     - pushpin: roughly equal to other components

5. Relational and Proportional Constraints:
   - The pushpins occupy the most space.
   - There are no fixed size ratios between components.

6. Symmetry and Connectivity:
   - Components (pushpins) do not need to be strictly separated or parallel/adjacent unless specified by external constraints like a board layout, which is not shown here.

7. Per-Slot Completeness:
   - Each slot must contain exactly one yellow pushpin head facing up; there should be no empty slots nor any slots with two or more items in them

Question to verify: Is each slot occupied by precisely one upward-facing yellow pushpin head?

Look carefully at the image.
Step 1 — Observe: Describe what you see in the image that is directly relevant to this question. Be specific: count visible objects, note their location (left/right/center), and explicitly state if an expected component appears absent or is in the wrong position.
Step 2 — Conclude with exactly one of:
Result: Yes
Result: No
  [RESPONSE]
Step 1: Observe
- There are a total of 15 slots.
- Each slot contains one yellow pushpin head facing up.

Step 2:
Result: Yes
  [ANSWER] Yes | log_prob=0.0
  [META] {'regex_found': 'Yes', 'pos': 122, 'mapped_to_token_id': 7560, 'decoded_token': ' Yes', 'step': 35, 'raw_prob': 1.0}

  [Sub-Q 4] MQ: Is there exactly one yellow pushpin head facing up...
  SQ: Does every visible space contain an exact number of yellow pushpins, all oriented upwards?
  [PROMPT]
You are a strict industrial quality control inspector.
Your task is to inspect a pushpins and answer a specific constraint question.

[What a NORMAL pushpins looks like]
1. Components:
   - pushpin

2. Quantities:
   - pushpin: exactly 15

3. Spatial Arrangement:
   - pushpin: center

4. Visual Appearance and Fill Level:
   - pushpin: yellow, round cap with a metal needle
   Relative sizes:
     - pushpin: roughly equal to other components

5. Relational and Proportional Constraints:
   - The pushpins occupy the most space.
   - There are no fixed size ratios between components.

6. Symmetry and Connectivity:
   - Components (pushpins) do not need to be strictly separated or parallel/adjacent unless specified by external constraints like a board layout, which is not shown here.

7. Per-Slot Completeness:
   - Each slot must contain exactly one yellow pushpin head facing up; there should be no empty slots nor any slots with two or more items in them

Question to verify: Does every visible space contain an exact number of yellow pushpins, all oriented upwards?

Look carefully at the image.
Step 1 — Observe: Describe what you see in the image that is directly relevant to this question. Be specific: count visible objects, note their location (left/right/center), and explicitly state if an expected component appears absent or is in the wrong position.
Step 2 — Conclude with exactly one of:
Result: Yes
Result: No
  [RESPONSE]
Step 1: Observe
- The image shows a clear plastic case with multiple compartments.
- Each compartment contains one yellow pushpin head facing upwards, except for the top left and bottom right compartments which are empty.

Step 2:
Result: No
  [ANSWER] No | log_prob=0.0
  [META] {'regex_found': 'No', 'pos': 239, 'mapped_to_token_id': 2458, 'decoded_token': ' No', 'step': 52, 'raw_prob': 1.0}

  [Sub-Q 5] MQ: Is there exactly one yellow pushpin head facing up...
  SQ: Can you see pushpin in the pushpins?
  [PROMPT]
You are a strict industrial quality control inspector.
Your task is to inspect a pushpins and answer a specific constraint question.

[What a NORMAL pushpins looks like]
1. Components:
   - pushpin

2. Quantities:
   - pushpin: exactly 15

3. Spatial Arrangement:
   - pushpin: center

4. Visual Appearance and Fill Level:
   - pushpin: yellow, round cap with a metal needle
   Relative sizes:
     - pushpin: roughly equal to other components

5. Relational and Proportional Constraints:
   - The pushpins occupy the most space.
   - There are no fixed size ratios between components.

6. Symmetry and Connectivity:
   - Components (pushpins) do not need to be strictly separated or parallel/adjacent unless specified by external constraints like a board layout, which is not shown here.

7. Per-Slot Completeness:
   - Each slot must contain exactly one yellow pushpin head facing up; there should be no empty slots nor any slots with two or more items in them

Question to verify: Can you see pushpin in the pushpins?

Look carefully at the image.
Step 1 — Observe: Describe what you see in the image that is directly relevant to this question. Be specific: count visible objects, note their location (left/right/center), and explicitly state if an expected component appears absent or is in the wrong position.
Step 2 — Conclude with exactly one of:
Result: Yes
Result: No
  [RESPONSE]
Step 1: Observe
- The image shows a set of pushpins in individual slots.
- There are exactly 15 visible yellow pushpins, each with the metal needle facing up and head downwards.

Step 2:
Result: Yes
  [ANSWER] Yes | log_prob=0.0
  [META] {'regex_found': 'Yes', 'pos': 195, 'mapped_to_token_id': 7560, 'decoded_token': ' Yes', 'step': 51, 'raw_prob': 1.0}
  [VOTE] 'Is there exactly one yellow pushpin head facing up in each s' → Yes (Yes=3, No=2)
  [RESULT] anomaly=False score=0.0000
           Image appears normal. All constraints satisfied.

============================================================
Stage 4 | [0] /home/chikibriki/LoqicQA/dataset-ninja/mvtec-loco-ad/test/img/pushpins_good_015.png | gt=good | anomaly_type=None
============================================================

  [Sub-Q 1] MQ: Is there exactly one yellow pushpin head facing up...
  SQ: Is there exactly one yellow pushpin head facing up in each slot?
  [PROMPT]
You are a strict industrial quality control inspector.
Your task is to inspect a pushpins and answer a specific constraint question.

[What a NORMAL pushpins looks like]
1. Components:
   - pushpin

2. Quantities:
   - pushpin: exactly 15

3. Spatial Arrangement:
   - pushpin: center

4. Visual Appearance and Fill Level:
   - pushpin: yellow, round cap with a metal needle
   Relative sizes:
     - pushpin: roughly equal to other components

5. Relational and Proportional Constraints:
   - The pushpins occupy the most space.
   - There are no fixed size ratios between components.

6. Symmetry and Connectivity:
   - Components (pushpins) do not need to be strictly separated or parallel/adjacent unless specified by external constraints like a board layout, which is not shown here.

7. Per-Slot Completeness:
   - Each slot must contain exactly one yellow pushpin head facing up; there should be no empty slots nor any slots with two or more items in them

Question to verify: Is there exactly one yellow pushpin head facing up in each slot?

Look carefully at the image.
Step 1 — Observe: Describe what you see in the image that is directly relevant to this question. Be specific: count visible objects, note their location (left/right/center), and explicitly state if an expected component appears absent or is in the wrong position.
Step 2 — Conclude with exactly one of:
Result: Yes
Result: No
  [RESPONSE]
Step 1: Observe
- The image shows a grid with multiple slots.
- Each slot contains one yellow pushpin head facing up, except for the bottom left and middle right slots which are empty.

Step 2:
Result: No
  [ANSWER] No | log_prob=0.0
  [META] {'regex_found': 'No', 'pos': 202, 'mapped_to_token_id': 2458, 'decoded_token': ' No', 'step': 48, 'raw_prob': 1.0}

  [Sub-Q 2] MQ: Is there exactly one yellow pushpin head facing up...
  SQ: Are there exactly 15 yellow pushpin heads facing up in the image?
  [PROMPT]
You are a strict industrial quality control inspector.
Your task is to inspect a pushpins and answer a specific constraint question.

[What a NORMAL pushpins looks like]
1. Components:
   - pushpin

2. Quantities:
   - pushpin: exactly 15

3. Spatial Arrangement:
   - pushpin: center

4. Visual Appearance and Fill Level:
   - pushpin: yellow, round cap with a metal needle
   Relative sizes:
     - pushpin: roughly equal to other components

5. Relational and Proportional Constraints:
   - The pushpins occupy the most space.
   - There are no fixed size ratios between components.

6. Symmetry and Connectivity:
   - Components (pushpins) do not need to be strictly separated or parallel/adjacent unless specified by external constraints like a board layout, which is not shown here.

7. Per-Slot Completeness:
   - Each slot must contain exactly one yellow pushpin head facing up; there should be no empty slots nor any slots with two or more items in them

Question to verify: Are there exactly 15 yellow pushpin heads facing up in the image?

Look carefully at the image.
Step 1 — Observe: Describe what you see in the image that is directly relevant to this question. Be specific: count visible objects, note their location (left/right/center), and explicitly state if an expected component appears absent or is in the wrong position.
Step 2 — Conclude with exactly one of:
Result: Yes
Result: No
  [RESPONSE]
Step 1: Observe
- The image shows a plastic container with multiple slots.
- Each slot contains one yellow pushpin head facing up, except for the top left and bottom right slots which are empty.

Step 2:
Result: No
  [ANSWER] No | log_prob=0.0
  [META] {'regex_found': 'No', 'pos': 212, 'mapped_to_token_id': 2458, 'decoded_token': ' No', 'step': 49, 'raw_prob': 1.0}

  [Sub-Q 3] MQ: Is there exactly one yellow pushpin head facing up...
  SQ: Is each slot occupied by precisely one upward-facing yellow pushpin head?
  [PROMPT]
You are a strict industrial quality control inspector.
Your task is to inspect a pushpins and answer a specific constraint question.

[What a NORMAL pushpins looks like]
1. Components:
   - pushpin

2. Quantities:
   - pushpin: exactly 15

3. Spatial Arrangement:
   - pushpin: center

4. Visual Appearance and Fill Level:
   - pushpin: yellow, round cap with a metal needle
   Relative sizes:
     - pushpin: roughly equal to other components

5. Relational and Proportional Constraints:
   - The pushpins occupy the most space.
   - There are no fixed size ratios between components.

6. Symmetry and Connectivity:
   - Components (pushpins) do not need to be strictly separated or parallel/adjacent unless specified by external constraints like a board layout, which is not shown here.

7. Per-Slot Completeness:
   - Each slot must contain exactly one yellow pushpin head facing up; there should be no empty slots nor any slots with two or more items in them

Question to verify: Is each slot occupied by precisely one upward-facing yellow pushpin head?

Look carefully at the image.
Step 1 — Observe: Describe what you see in the image that is directly relevant to this question. Be specific: count visible objects, note their location (left/right/center), and explicitly state if an expected component appears absent or is in the wrong position.
Step 2 — Conclude with exactly one of:
Result: Yes
Result: No
  [RESPONSE]
Step 1: Observe
- The image shows a plastic case with multiple slots.
- Each slot contains one yellow pushpin head facing up, except for the bottom left and middle right slots which are empty.

Step 2:
Result: No
  [ANSWER] No | log_prob=0.0
  [META] {'regex_found': 'No', 'pos': 210, 'mapped_to_token_id': 2458, 'decoded_token': ' No', 'step': 49, 'raw_prob': 1.0}

  [Sub-Q 4] MQ: Is there exactly one yellow pushpin head facing up...
  SQ: Does every visible space contain an exact number of yellow pushpins, all oriented upwards?
  [PROMPT]
You are a strict industrial quality control inspector.
Your task is to inspect a pushpins and answer a specific constraint question.

[What a NORMAL pushpins looks like]
1. Components:
   - pushpin

2. Quantities:
   - pushpin: exactly 15

3. Spatial Arrangement:
   - pushpin: center

4. Visual Appearance and Fill Level:
   - pushpin: yellow, round cap with a metal needle
   Relative sizes:
     - pushpin: roughly equal to other components

5. Relational and Proportional Constraints:
   - The pushpins occupy the most space.
   - There are no fixed size ratios between components.

6. Symmetry and Connectivity:
   - Components (pushpins) do not need to be strictly separated or parallel/adjacent unless specified by external constraints like a board layout, which is not shown here.

7. Per-Slot Completeness:
   - Each slot must contain exactly one yellow pushpin head facing up; there should be no empty slots nor any slots with two or more items in them

Question to verify: Does every visible space contain an exact number of yellow pushpins, all oriented upwards?

Look carefully at the image.
Step 1 — Observe: Describe what you see in the image that is directly relevant to this question. Be specific: count visible objects, note their location (left/right/center), and explicitly state if an expected component appears absent or is in the wrong position.
Step 2 — Conclude with exactly one of:
Result: Yes
Result: No
  [RESPONSE]
Step 1: Observe
- The image shows a clear plastic container with multiple slots.
- Each slot contains one yellow pushpin head facing upwards, except for the top left and bottom right corners which are empty.

Step 2:
Result: No
  [ANSWER] No | log_prob=0.0
  [META] {'regex_found': 'No', 'pos': 225, 'mapped_to_token_id': 2458, 'decoded_token': ' No', 'step': 50, 'raw_prob': 1.0}

  [Sub-Q 5] MQ: Is there exactly one yellow pushpin head facing up...
  SQ: Can you see pushpin in the pushpins?
  [PROMPT]
You are a strict industrial quality control inspector.
Your task is to inspect a pushpins and answer a specific constraint question.

[What a NORMAL pushpins looks like]
1. Components:
   - pushpin

2. Quantities:
   - pushpin: exactly 15

3. Spatial Arrangement:
   - pushpin: center

4. Visual Appearance and Fill Level:
   - pushpin: yellow, round cap with a metal needle
   Relative sizes:
     - pushpin: roughly equal to other components

5. Relational and Proportional Constraints:
   - The pushpins occupy the most space.
   - There are no fixed size ratios between components.

6. Symmetry and Connectivity:
   - Components (pushpins) do not need to be strictly separated or parallel/adjacent unless specified by external constraints like a board layout, which is not shown here.

7. Per-Slot Completeness:
   - Each slot must contain exactly one yellow pushpin head facing up; there should be no empty slots nor any slots with two or more items in them

Question to verify: Can you see pushpin in the pushpins?

Look carefully at the image.
Step 1 — Observe: Describe what you see in the image that is directly relevant to this question. Be specific: count visible objects, note their location (left/right/center), and explicitly state if an expected component appears absent or is in the wrong position.
Step 2 — Conclude with exactly one of:
Result: Yes
Result: No
  [RESPONSE]
Step 1: Observe
- There are a total of 15 slots.
- Each slot contains one yellow pushpin head facing up, except for the top left and bottom right slots which appear to be empty.

Step 2:
Result: No
  [ANSWER] No | log_prob=0.0
  [META] {'regex_found': 'No', 'pos': 195, 'mapped_to_token_id': 2458, 'decoded_token': ' No', 'step': 50, 'raw_prob': 1.0}
  [VOTE] 'Is there exactly one yellow pushpin head facing up in each s' → No (Yes=0, No=5)
  [RESULT] anomaly=True score=1.0000
           Logical anomaly detected. Violated constraints:
  - Is there exactly one yellow pushpin head facing up in each slot?

============================================================
Stage 4 | [0] /home/chikibriki/LoqicQA/dataset-ninja/mvtec-loco-ad/test/img/pushpins_good_020.png | gt=good | anomaly_type=None
============================================================

  [Sub-Q 1] MQ: Is there exactly one yellow pushpin head facing up...
  SQ: Is there exactly one yellow pushpin head facing up in each slot?
  [PROMPT]
You are a strict industrial quality control inspector.
Your task is to inspect a pushpins and answer a specific constraint question.

[What a NORMAL pushpins looks like]
1. Components:
   - pushpin

2. Quantities:
   - pushpin: exactly 15

3. Spatial Arrangement:
   - pushpin: center

4. Visual Appearance and Fill Level:
   - pushpin: yellow, round cap with a metal needle
   Relative sizes:
     - pushpin: roughly equal to other components

5. Relational and Proportional Constraints:
   - The pushpins occupy the most space.
   - There are no fixed size ratios between components.

6. Symmetry and Connectivity:
   - Components (pushpins) do not need to be strictly separated or parallel/adjacent unless specified by external constraints like a board layout, which is not shown here.

7. Per-Slot Completeness:
   - Each slot must contain exactly one yellow pushpin head facing up; there should be no empty slots nor any slots with two or more items in them

Question to verify: Is there exactly one yellow pushpin head facing up in each slot?

Look carefully at the image.
Step 1 — Observe: Describe what you see in the image that is directly relevant to this question. Be specific: count visible objects, note their location (left/right/center), and explicitly state if an expected component appears absent or is in the wrong position.
Step 2 — Conclude with exactly one of:
Result: Yes
Result: No
  [RESPONSE]
Step 1: Observe
- The image shows a container with multiple slots.
- Each slot contains one yellow pushpin head facing up, except for the bottom right and top left corners where there are no visible items.

Step 2:
Result: No
  [ANSWER] No | log_prob=0.0
  [META] {'regex_found': 'No', 'pos': 223, 'mapped_to_token_id': 2458, 'decoded_token': ' No', 'step': 51, 'raw_prob': 1.0}

  [Sub-Q 2] MQ: Is there exactly one yellow pushpin head facing up...
  SQ: Are there exactly 15 yellow pushpin heads facing up in the image?
  [PROMPT]
You are a strict industrial quality control inspector.
Your task is to inspect a pushpins and answer a specific constraint question.

[What a NORMAL pushpins looks like]
1. Components:
   - pushpin

2. Quantities:
   - pushpin: exactly 15

3. Spatial Arrangement:
   - pushpin: center

4. Visual Appearance and Fill Level:
   - pushpin: yellow, round cap with a metal needle
   Relative sizes:
     - pushpin: roughly equal to other components

5. Relational and Proportional Constraints:
   - The pushpins occupy the most space.
   - There are no fixed size ratios between components.

6. Symmetry and Connectivity:
   - Components (pushpins) do not need to be strictly separated or parallel/adjacent unless specified by external constraints like a board layout, which is not shown here.

7. Per-Slot Completeness:
   - Each slot must contain exactly one yellow pushpin head facing up; there should be no empty slots nor any slots with two or more items in them

Question to verify: Are there exactly 15 yellow pushpin heads facing up in the image?

Look carefully at the image.
Step 1 — Observe: Describe what you see in the image that is directly relevant to this question. Be specific: count visible objects, note their location (left/right/center), and explicitly state if an expected component appears absent or is in the wrong position.
Step 2 — Conclude with exactly one of:
Result: Yes
Result: No
  [RESPONSE]
Step 1: Observe
- The image shows a clear plastic container with multiple compartments.
- Each compartment contains one yellow pushpin head facing up, except for the bottom right and top left corners which are empty.

Step 2:
Result: No
  [ANSWER] No | log_prob=0.0
  [META] {'regex_found': 'No', 'pos': 234, 'mapped_to_token_id': 2458, 'decoded_token': ' No', 'step': 51, 'raw_prob': 1.0}

  [Sub-Q 3] MQ: Is there exactly one yellow pushpin head facing up...
  SQ: Is each slot occupied by precisely one upward-facing yellow pushpin head?
  [PROMPT]
You are a strict industrial quality control inspector.
Your task is to inspect a pushpins and answer a specific constraint question.

[What a NORMAL pushpins looks like]
1. Components:
   - pushpin

2. Quantities:
   - pushpin: exactly 15

3. Spatial Arrangement:
   - pushpin: center

4. Visual Appearance and Fill Level:
   - pushpin: yellow, round cap with a metal needle
   Relative sizes:
     - pushpin: roughly equal to other components

5. Relational and Proportional Constraints:
   - The pushpins occupy the most space.
   - There are no fixed size ratios between components.

6. Symmetry and Connectivity:
   - Components (pushpins) do not need to be strictly separated or parallel/adjacent unless specified by external constraints like a board layout, which is not shown here.

7. Per-Slot Completeness:
   - Each slot must contain exactly one yellow pushpin head facing up; there should be no empty slots nor any slots with two or more items in them

Question to verify: Is each slot occupied by precisely one upward-facing yellow pushpin head?

Look carefully at the image.
Step 1 — Observe: Describe what you see in the image that is directly relevant to this question. Be specific: count visible objects, note their location (left/right/center), and explicitly state if an expected component appears absent or is in the wrong position.
Step 2 — Conclude with exactly one of:
Result: Yes
Result: No
  [RESPONSE]
Step 1: Observe
- There are a total of 15 slots.
- Each slot contains one yellow pushpin head facing up.

Step 2:
Result: Yes
  [ANSWER] Yes | log_prob=0.0
  [META] {'regex_found': 'Yes', 'pos': 122, 'mapped_to_token_id': 7560, 'decoded_token': ' Yes', 'step': 35, 'raw_prob': 1.0}

  [Sub-Q 4] MQ: Is there exactly one yellow pushpin head facing up...
  SQ: Does every visible space contain an exact number of yellow pushpins, all oriented upwards?
  [PROMPT]
You are a strict industrial quality control inspector.
Your task is to inspect a pushpins and answer a specific constraint question.

[What a NORMAL pushpins looks like]
1. Components:
   - pushpin

2. Quantities:
   - pushpin: exactly 15

3. Spatial Arrangement:
   - pushpin: center

4. Visual Appearance and Fill Level:
   - pushpin: yellow, round cap with a metal needle
   Relative sizes:
     - pushpin: roughly equal to other components

5. Relational and Proportional Constraints:
   - The pushpins occupy the most space.
   - There are no fixed size ratios between components.

6. Symmetry and Connectivity:
   - Components (pushpins) do not need to be strictly separated or parallel/adjacent unless specified by external constraints like a board layout, which is not shown here.

7. Per-Slot Completeness:
   - Each slot must contain exactly one yellow pushpin head facing up; there should be no empty slots nor any slots with two or more items in them

Question to verify: Does every visible space contain an exact number of yellow pushpins, all oriented upwards?

Look carefully at the image.
Step 1 — Observe: Describe what you see in the image that is directly relevant to this question. Be specific: count visible objects, note their location (left/right/center), and explicitly state if an expected component appears absent or is in the wrong position.
Step 2 — Conclude with exactly one of:
Result: Yes
Result: No
  [RESPONSE]
Step 1: Observe
- The image shows a clear plastic container with multiple compartments.
- Each compartment contains one yellow pushpin head facing upwards, except for the bottom right and middle left compartments which are empty.

Step 2:
Result: No
  [ANSWER] No | log_prob=0.0
  [META] {'regex_found': 'No', 'pos': 247, 'mapped_to_token_id': 2458, 'decoded_token': ' No', 'step': 52, 'raw_prob': 1.0}

  [Sub-Q 5] MQ: Is there exactly one yellow pushpin head facing up...
  SQ: Can you see pushpin in the pushpins?
  [PROMPT]
You are a strict industrial quality control inspector.
Your task is to inspect a pushpins and answer a specific constraint question.

[What a NORMAL pushpins looks like]
1. Components:
   - pushpin

2. Quantities:
   - pushpin: exactly 15

3. Spatial Arrangement:
   - pushpin: center

4. Visual Appearance and Fill Level:
   - pushpin: yellow, round cap with a metal needle
   Relative sizes:
     - pushpin: roughly equal to other components

5. Relational and Proportional Constraints:
   - The pushpins occupy the most space.
   - There are no fixed size ratios between components.

6. Symmetry and Connectivity:
   - Components (pushpins) do not need to be strictly separated or parallel/adjacent unless specified by external constraints like a board layout, which is not shown here.

7. Per-Slot Completeness:
   - Each slot must contain exactly one yellow pushpin head facing up; there should be no empty slots nor any slots with two or more items in them

Question to verify: Can you see pushpin in the pushpins?

Look carefully at the image.
Step 1 — Observe: Describe what you see in the image that is directly relevant to this question. Be specific: count visible objects, note their location (left/right/center), and explicitly state if an expected component appears absent or is in the wrong position.
Step 2 — Conclude with exactly one of:
Result: Yes
Result: No
  [RESPONSE]
Step 1: Observe
- The image shows a clear plastic case with multiple slots.
- Each slot contains one yellow pushpin head facing up, except for the bottom right and top left corners which are empty.

Step 2:
Result: No
  [ANSWER] No | log_prob=0.0
  [META] {'regex_found': 'No', 'pos': 215, 'mapped_to_token_id': 2458, 'decoded_token': ' No', 'step': 50, 'raw_prob': 1.0}
  [VOTE] 'Is there exactly one yellow pushpin head facing up in each s' → No (Yes=1, No=4)
  [RESULT] anomaly=True score=1.0000
           Logical anomaly detected. Violated constraints:
  - Is there exactly one yellow pushpin head facing up in each slot?

============================================================
Stage 4 | [0] /home/chikibriki/LoqicQA/dataset-ninja/mvtec-loco-ad/test/img/pushpins_good_025.png | gt=good | anomaly_type=None
============================================================

  [Sub-Q 1] MQ: Is there exactly one yellow pushpin head facing up...
  SQ: Is there exactly one yellow pushpin head facing up in each slot?
  [PROMPT]
You are a strict industrial quality control inspector.
Your task is to inspect a pushpins and answer a specific constraint question.

[What a NORMAL pushpins looks like]
1. Components:
   - pushpin

2. Quantities:
   - pushpin: exactly 15

3. Spatial Arrangement:
   - pushpin: center

4. Visual Appearance and Fill Level:
   - pushpin: yellow, round cap with a metal needle
   Relative sizes:
     - pushpin: roughly equal to other components

5. Relational and Proportional Constraints:
   - The pushpins occupy the most space.
   - There are no fixed size ratios between components.

6. Symmetry and Connectivity:
   - Components (pushpins) do not need to be strictly separated or parallel/adjacent unless specified by external constraints like a board layout, which is not shown here.

7. Per-Slot Completeness:
   - Each slot must contain exactly one yellow pushpin head facing up; there should be no empty slots nor any slots with two or more items in them

Question to verify: Is there exactly one yellow pushpin head facing up in each slot?

Look carefully at the image.
Step 1 — Observe: Describe what you see in the image that is directly relevant to this question. Be specific: count visible objects, note their location (left/right/center), and explicitly state if an expected component appears absent or is in the wrong position.
Step 2 — Conclude with exactly one of:
Result: Yes
Result: No
  [RESPONSE]
Step 1: Observe
- The image shows a clear plastic case with multiple slots.
- Each slot contains one yellow pushpin head facing up, except for the bottom right corner where there is an empty slot.

Step 2:
Result: No
  [ANSWER] No | log_prob=0.0
  [META] {'regex_found': 'No', 'pos': 214, 'mapped_to_token_id': 2458, 'decoded_token': ' No', 'step': 50, 'raw_prob': 1.0}

  [Sub-Q 2] MQ: Is there exactly one yellow pushpin head facing up...
  SQ: Are there exactly 15 yellow pushpin heads facing up in the image?
  [PROMPT]
You are a strict industrial quality control inspector.
Your task is to inspect a pushpins and answer a specific constraint question.

[What a NORMAL pushpins looks like]
1. Components:
   - pushpin

2. Quantities:
   - pushpin: exactly 15

3. Spatial Arrangement:
   - pushpin: center

4. Visual Appearance and Fill Level:
   - pushpin: yellow, round cap with a metal needle
   Relative sizes:
     - pushpin: roughly equal to other components

5. Relational and Proportional Constraints:
   - The pushpins occupy the most space.
   - There are no fixed size ratios between components.

6. Symmetry and Connectivity:
   - Components (pushpins) do not need to be strictly separated or parallel/adjacent unless specified by external constraints like a board layout, which is not shown here.

7. Per-Slot Completeness:
   - Each slot must contain exactly one yellow pushpin head facing up; there should be no empty slots nor any slots with two or more items in them

Question to verify: Are there exactly 15 yellow pushpin heads facing up in the image?

Look carefully at the image.
Step 1 — Observe: Describe what you see in the image that is directly relevant to this question. Be specific: count visible objects, note their location (left/right/center), and explicitly state if an expected component appears absent or is in the wrong position.
Step 2 — Conclude with exactly one of:
Result: Yes
Result: No
  [RESPONSE]
Step 1: Observe
- The image shows a grid with multiple slots.
- Each slot contains one yellow pushpin head facing up, except for the bottom right corner where there is an empty slot.

Step 2:
Result: No
  [ANSWER] No | log_prob=0.0
  [META] {'regex_found': 'No', 'pos': 200, 'mapped_to_token_id': 2458, 'decoded_token': ' No', 'step': 48, 'raw_prob': 1.0}

  [Sub-Q 3] MQ: Is there exactly one yellow pushpin head facing up...
  SQ: Is each slot occupied by precisely one upward-facing yellow pushpin head?
  [PROMPT]
You are a strict industrial quality control inspector.
Your task is to inspect a pushpins and answer a specific constraint question.

[What a NORMAL pushpins looks like]
1. Components:
   - pushpin

2. Quantities:
   - pushpin: exactly 15

3. Spatial Arrangement:
   - pushpin: center

4. Visual Appearance and Fill Level:
   - pushpin: yellow, round cap with a metal needle
   Relative sizes:
     - pushpin: roughly equal to other components

5. Relational and Proportional Constraints:
   - The pushpins occupy the most space.
   - There are no fixed size ratios between components.

6. Symmetry and Connectivity:
   - Components (pushpins) do not need to be strictly separated or parallel/adjacent unless specified by external constraints like a board layout, which is not shown here.

7. Per-Slot Completeness:
   - Each slot must contain exactly one yellow pushpin head facing up; there should be no empty slots nor any slots with two or more items in them

Question to verify: Is each slot occupied by precisely one upward-facing yellow pushpin head?

Look carefully at the image.
Step 1 — Observe: Describe what you see in the image that is directly relevant to this question. Be specific: count visible objects, note their location (left/right/center), and explicitly state if an expected component appears absent or is in the wrong position.
Step 2 — Conclude with exactly one of:
Result: Yes
Result: No
  [RESPONSE]
Step 1: Observe
- There are a total of 15 slots in the image.
- Each slot contains one yellow pushpin head facing up.

Step 2:
Result: Yes
  [ANSWER] Yes | log_prob=0.0
  [META] {'regex_found': 'Yes', 'pos': 135, 'mapped_to_token_id': 7560, 'decoded_token': ' Yes', 'step': 38, 'raw_prob': 1.0}

  [Sub-Q 4] MQ: Is there exactly one yellow pushpin head facing up...
  SQ: Does every visible space contain an exact number of yellow pushpins, all oriented upwards?
  [PROMPT]
You are a strict industrial quality control inspector.
Your task is to inspect a pushpins and answer a specific constraint question.

[What a NORMAL pushpins looks like]
1. Components:
   - pushpin

2. Quantities:
   - pushpin: exactly 15

3. Spatial Arrangement:
   - pushpin: center

4. Visual Appearance and Fill Level:
   - pushpin: yellow, round cap with a metal needle
   Relative sizes:
     - pushpin: roughly equal to other components

5. Relational and Proportional Constraints:
   - The pushpins occupy the most space.
   - There are no fixed size ratios between components.

6. Symmetry and Connectivity:
   - Components (pushpins) do not need to be strictly separated or parallel/adjacent unless specified by external constraints like a board layout, which is not shown here.

7. Per-Slot Completeness:
   - Each slot must contain exactly one yellow pushpin head facing up; there should be no empty slots nor any slots with two or more items in them

Question to verify: Does every visible space contain an exact number of yellow pushpins, all oriented upwards?

Look carefully at the image.
Step 1 — Observe: Describe what you see in the image that is directly relevant to this question. Be specific: count visible objects, note their location (left/right/center), and explicitly state if an expected component appears absent or is in the wrong position.
Step 2 — Conclude with exactly one of:
Result: Yes
Result: No
  [RESPONSE]
Step 1: Observe
- There are a total of 15 pushpins visible in the image.
- The pushpins appear to be evenly distributed across multiple slots, with some empty spaces.

Step 2:
Result: No
  [ANSWER] No | log_prob=0.0
  [META] {'regex_found': 'No', 'pos': 184, 'mapped_to_token_id': 2458, 'decoded_token': ' No', 'step': 48, 'raw_prob': 1.0}

  [Sub-Q 5] MQ: Is there exactly one yellow pushpin head facing up...
  SQ: Can you see pushpin in the pushpins?
  [PROMPT]
You are a strict industrial quality control inspector.
Your task is to inspect a pushpins and answer a specific constraint question.

[What a NORMAL pushpins looks like]
1. Components:
   - pushpin

2. Quantities:
   - pushpin: exactly 15

3. Spatial Arrangement:
   - pushpin: center

4. Visual Appearance and Fill Level:
   - pushpin: yellow, round cap with a metal needle
   Relative sizes:
     - pushpin: roughly equal to other components

5. Relational and Proportional Constraints:
   - The pushpins occupy the most space.
   - There are no fixed size ratios between components.

6. Symmetry and Connectivity:
   - Components (pushpins) do not need to be strictly separated or parallel/adjacent unless specified by external constraints like a board layout, which is not shown here.

7. Per-Slot Completeness:
   - Each slot must contain exactly one yellow pushpin head facing up; there should be no empty slots nor any slots with two or more items in them

Question to verify: Can you see pushpin in the pushpins?

Look carefully at the image.
Step 1 — Observe: Describe what you see in the image that is directly relevant to this question. Be specific: count visible objects, note their location (left/right/center), and explicitly state if an expected component appears absent or is in the wrong position.
Step 2 — Conclude with exactly one of:
Result: Yes
Result: No
  [RESPONSE]
Step 1: Observe
- There are a total of 15 slots in the image.
- Each slot contains one yellow pushpin head facing up, except for two empty slots on either side.

Step 2:
Result: Yes
  [ANSWER] Yes | log_prob=0.0
  [META] {'regex_found': 'Yes', 'pos': 178, 'mapped_to_token_id': 7560, 'decoded_token': ' Yes', 'step': 47, 'raw_prob': 1.0}
  [VOTE] 'Is there exactly one yellow pushpin head facing up in each s' → No (Yes=2, No=3)
  [RESULT] anomaly=True score=1.0000
           Logical anomaly detected. Violated constraints:
  - Is there exactly one yellow pushpin head facing up in each slot?

============================================================
Stage 4 | [0] /home/chikibriki/LoqicQA/dataset-ninja/mvtec-loco-ad/test/img/pushpins_good_030.png | gt=good | anomaly_type=None
============================================================

  [Sub-Q 1] MQ: Is there exactly one yellow pushpin head facing up...
  SQ: Is there exactly one yellow pushpin head facing up in each slot?
  [PROMPT]
You are a strict industrial quality control inspector.
Your task is to inspect a pushpins and answer a specific constraint question.

[What a NORMAL pushpins looks like]
1. Components:
   - pushpin

2. Quantities:
   - pushpin: exactly 15

3. Spatial Arrangement:
   - pushpin: center

4. Visual Appearance and Fill Level:
   - pushpin: yellow, round cap with a metal needle
   Relative sizes:
     - pushpin: roughly equal to other components

5. Relational and Proportional Constraints:
   - The pushpins occupy the most space.
   - There are no fixed size ratios between components.

6. Symmetry and Connectivity:
   - Components (pushpins) do not need to be strictly separated or parallel/adjacent unless specified by external constraints like a board layout, which is not shown here.

7. Per-Slot Completeness:
   - Each slot must contain exactly one yellow pushpin head facing up; there should be no empty slots nor any slots with two or more items in them

Question to verify: Is there exactly one yellow pushpin head facing up in each slot?

Look carefully at the image.
Step 1 — Observe: Describe what you see in the image that is directly relevant to this question. Be specific: count visible objects, note their location (left/right/center), and explicitly state if an expected component appears absent or is in the wrong position.
Step 2 — Conclude with exactly one of:
Result: Yes
Result: No
  [RESPONSE]
Step 1: Observe
- There are a total of 15 slots.
- Each slot contains one yellow pushpin head facing up.

Step 2:
Result: Yes
  [ANSWER] Yes | log_prob=0.0
  [META] {'regex_found': 'Yes', 'pos': 122, 'mapped_to_token_id': 7560, 'decoded_token': ' Yes', 'step': 35, 'raw_prob': 1.0}

  [Sub-Q 2] MQ: Is there exactly one yellow pushpin head facing up...
  SQ: Are there exactly 15 yellow pushpin heads facing up in the image?
  [PROMPT]
You are a strict industrial quality control inspector.
Your task is to inspect a pushpins and answer a specific constraint question.

[What a NORMAL pushpins looks like]
1. Components:
   - pushpin

2. Quantities:
   - pushpin: exactly 15

3. Spatial Arrangement:
   - pushpin: center

4. Visual Appearance and Fill Level:
   - pushpin: yellow, round cap with a metal needle
   Relative sizes:
     - pushpin: roughly equal to other components

5. Relational and Proportional Constraints:
   - The pushpins occupy the most space.
   - There are no fixed size ratios between components.

6. Symmetry and Connectivity:
   - Components (pushpins) do not need to be strictly separated or parallel/adjacent unless specified by external constraints like a board layout, which is not shown here.

7. Per-Slot Completeness:
   - Each slot must contain exactly one yellow pushpin head facing up; there should be no empty slots nor any slots with two or more items in them

Question to verify: Are there exactly 15 yellow pushpin heads facing up in the image?

Look carefully at the image.
Step 1 — Observe: Describe what you see in the image that is directly relevant to this question. Be specific: count visible objects, note their location (left/right/center), and explicitly state if an expected component appears absent or is in the wrong position.
Step 2 — Conclude with exactly one of:
Result: Yes
Result: No
  [RESPONSE]
Step 1: Observe
- The image shows a plastic case with multiple slots.
- Each slot contains one yellow pushpin head facing up, except for the bottom left and middle right slots which are empty.

Step 2:
Result: No
  [ANSWER] No | log_prob=0.0
  [META] {'regex_found': 'No', 'pos': 210, 'mapped_to_token_id': 2458, 'decoded_token': ' No', 'step': 49, 'raw_prob': 1.0}

  [Sub-Q 3] MQ: Is there exactly one yellow pushpin head facing up...
  SQ: Is each slot occupied by precisely one upward-facing yellow pushpin head?
  [PROMPT]
You are a strict industrial quality control inspector.
Your task is to inspect a pushpins and answer a specific constraint question.

[What a NORMAL pushpins looks like]
1. Components:
   - pushpin

2. Quantities:
   - pushpin: exactly 15

3. Spatial Arrangement:
   - pushpin: center

4. Visual Appearance and Fill Level:
   - pushpin: yellow, round cap with a metal needle
   Relative sizes:
     - pushpin: roughly equal to other components

5. Relational and Proportional Constraints:
   - The pushpins occupy the most space.
   - There are no fixed size ratios between components.

6. Symmetry and Connectivity:
   - Components (pushpins) do not need to be strictly separated or parallel/adjacent unless specified by external constraints like a board layout, which is not shown here.

7. Per-Slot Completeness:
   - Each slot must contain exactly one yellow pushpin head facing up; there should be no empty slots nor any slots with two or more items in them

Question to verify: Is each slot occupied by precisely one upward-facing yellow pushpin head?

Look carefully at the image.
Step 1 — Observe: Describe what you see in the image that is directly relevant to this question. Be specific: count visible objects, note their location (left/right/center), and explicitly state if an expected component appears absent or is in the wrong position.
Step 2 — Conclude with exactly one of:
Result: Yes
Result: No
  [RESPONSE]
Step 1: Observe
- There are a total of 15 slots in the image.
- Each slot contains one yellow pushpin head facing up.

Step 2:
Result: Yes
  [ANSWER] Yes | log_prob=0.0
  [META] {'regex_found': 'Yes', 'pos': 135, 'mapped_to_token_id': 7560, 'decoded_token': ' Yes', 'step': 38, 'raw_prob': 1.0}

  [Sub-Q 4] MQ: Is there exactly one yellow pushpin head facing up...
  SQ: Does every visible space contain an exact number of yellow pushpins, all oriented upwards?
  [PROMPT]
You are a strict industrial quality control inspector.
Your task is to inspect a pushpins and answer a specific constraint question.

[What a NORMAL pushpins looks like]
1. Components:
   - pushpin

2. Quantities:
   - pushpin: exactly 15

3. Spatial Arrangement:
   - pushpin: center

4. Visual Appearance and Fill Level:
   - pushpin: yellow, round cap with a metal needle
   Relative sizes:
     - pushpin: roughly equal to other components

5. Relational and Proportional Constraints:
   - The pushpins occupy the most space.
   - There are no fixed size ratios between components.

6. Symmetry and Connectivity:
   - Components (pushpins) do not need to be strictly separated or parallel/adjacent unless specified by external constraints like a board layout, which is not shown here.

7. Per-Slot Completeness:
   - Each slot must contain exactly one yellow pushpin head facing up; there should be no empty slots nor any slots with two or more items in them

Question to verify: Does every visible space contain an exact number of yellow pushpins, all oriented upwards?

Look carefully at the image.
Step 1 — Observe: Describe what you see in the image that is directly relevant to this question. Be specific: count visible objects, note their location (left/right/center), and explicitly state if an expected component appears absent or is in the wrong position.
Step 2 — Conclude with exactly one of:
Result: Yes
Result: No
  [RESPONSE]
Step 1: Observe
- There are a total of 15 slots in the image.
- Each slot contains one yellow pushpin head facing upwards.

Step 2:
Result: Yes
  [ANSWER] Yes | log_prob=0.0
  [META] {'regex_found': 'Yes', 'pos': 140, 'mapped_to_token_id': 7560, 'decoded_token': ' Yes', 'step': 38, 'raw_prob': 1.0}

  [Sub-Q 5] MQ: Is there exactly one yellow pushpin head facing up...
  SQ: Can you see pushpin in the pushpins?
  [PROMPT]
You are a strict industrial quality control inspector.
Your task is to inspect a pushpins and answer a specific constraint question.

[What a NORMAL pushpins looks like]
1. Components:
   - pushpin

2. Quantities:
   - pushpin: exactly 15

3. Spatial Arrangement:
   - pushpin: center

4. Visual Appearance and Fill Level:
   - pushpin: yellow, round cap with a metal needle
   Relative sizes:
     - pushpin: roughly equal to other components

5. Relational and Proportional Constraints:
   - The pushpins occupy the most space.
   - There are no fixed size ratios between components.

6. Symmetry and Connectivity:
   - Components (pushpins) do not need to be strictly separated or parallel/adjacent unless specified by external constraints like a board layout, which is not shown here.

7. Per-Slot Completeness:
   - Each slot must contain exactly one yellow pushpin head facing up; there should be no empty slots nor any slots with two or more items in them

Question to verify: Can you see pushpin in the pushpins?

Look carefully at the image.
Step 1 — Observe: Describe what you see in the image that is directly relevant to this question. Be specific: count visible objects, note their location (left/right/center), and explicitly state if an expected component appears absent or is in the wrong position.
Step 2 — Conclude with exactly one of:
Result: Yes
Result: No
  [RESPONSE]
Step 1: Observation
- The image shows a plastic case with multiple slots.
- Each slot contains one yellow pushpin head facing up, except for the bottom left and middle right slots which are empty.

Step 2: Conclusion
Result: No
  [ANSWER] No | log_prob=0.0
  [META] {'regex_found': 'No', 'pos': 225, 'mapped_to_token_id': 2458, 'decoded_token': ' No', 'step': 52, 'raw_prob': 1.0}
  [VOTE] 'Is there exactly one yellow pushpin head facing up in each s' → Yes (Yes=3, No=2)
  [RESULT] anomaly=False score=0.0000
           Image appears normal. All constraints satisfied.

============================================================
Stage 4 | [0] /home/chikibriki/LoqicQA/dataset-ninja/mvtec-loco-ad/test/img/pushpins_good_035.png | gt=good | anomaly_type=None
============================================================

  [Sub-Q 1] MQ: Is there exactly one yellow pushpin head facing up...
  SQ: Is there exactly one yellow pushpin head facing up in each slot?
  [PROMPT]
You are a strict industrial quality control inspector.
Your task is to inspect a pushpins and answer a specific constraint question.

[What a NORMAL pushpins looks like]
1. Components:
   - pushpin

2. Quantities:
   - pushpin: exactly 15

3. Spatial Arrangement:
   - pushpin: center

4. Visual Appearance and Fill Level:
   - pushpin: yellow, round cap with a metal needle
   Relative sizes:
     - pushpin: roughly equal to other components

5. Relational and Proportional Constraints:
   - The pushpins occupy the most space.
   - There are no fixed size ratios between components.

6. Symmetry and Connectivity:
   - Components (pushpins) do not need to be strictly separated or parallel/adjacent unless specified by external constraints like a board layout, which is not shown here.

7. Per-Slot Completeness:
   - Each slot must contain exactly one yellow pushpin head facing up; there should be no empty slots nor any slots with two or more items in them

Question to verify: Is there exactly one yellow pushpin head facing up in each slot?

Look carefully at the image.
Step 1 — Observe: Describe what you see in the image that is directly relevant to this question. Be specific: count visible objects, note their location (left/right/center), and explicitly state if an expected component appears absent or is in the wrong position.
Step 2 — Conclude with exactly one of:
Result: Yes
Result: No
  [RESPONSE]
Step 1: Observe
- There are a total of 15 slots.
- Each slot contains one yellow pushpin head facing up.

Step 2:
Result: Yes
  [ANSWER] Yes | log_prob=0.0
  [META] {'regex_found': 'Yes', 'pos': 122, 'mapped_to_token_id': 7560, 'decoded_token': ' Yes', 'step': 35, 'raw_prob': 1.0}

  [Sub-Q 2] MQ: Is there exactly one yellow pushpin head facing up...
  SQ: Are there exactly 15 yellow pushpin heads facing up in the image?
  [PROMPT]
You are a strict industrial quality control inspector.
Your task is to inspect a pushpins and answer a specific constraint question.

[What a NORMAL pushpins looks like]
1. Components:
   - pushpin

2. Quantities:
   - pushpin: exactly 15

3. Spatial Arrangement:
   - pushpin: center

4. Visual Appearance and Fill Level:
   - pushpin: yellow, round cap with a metal needle
   Relative sizes:
     - pushpin: roughly equal to other components

5. Relational and Proportional Constraints:
   - The pushpins occupy the most space.
   - There are no fixed size ratios between components.

6. Symmetry and Connectivity:
   - Components (pushpins) do not need to be strictly separated or parallel/adjacent unless specified by external constraints like a board layout, which is not shown here.

7. Per-Slot Completeness:
   - Each slot must contain exactly one yellow pushpin head facing up; there should be no empty slots nor any slots with two or more items in them

Question to verify: Are there exactly 15 yellow pushpin heads facing up in the image?

Look carefully at the image.
Step 1 — Observe: Describe what you see in the image that is directly relevant to this question. Be specific: count visible objects, note their location (left/right/center), and explicitly state if an expected component appears absent or is in the wrong position.
Step 2 — Conclude with exactly one of:
Result: Yes
Result: No
  [RESPONSE]
Step 1: Observe
- The image shows a plastic container with multiple slots.
- Each slot contains one yellow pushpin head facing up, except for the bottom right and middle left slots which are empty.

Step 2:
Result: No
  [ANSWER] No | log_prob=0.0
  [META] {'regex_found': 'No', 'pos': 215, 'mapped_to_token_id': 2458, 'decoded_token': ' No', 'step': 49, 'raw_prob': 1.0}

  [Sub-Q 3] MQ: Is there exactly one yellow pushpin head facing up...
  SQ: Is each slot occupied by precisely one upward-facing yellow pushpin head?
  [PROMPT]
You are a strict industrial quality control inspector.
Your task is to inspect a pushpins and answer a specific constraint question.

[What a NORMAL pushpins looks like]
1. Components:
   - pushpin

2. Quantities:
   - pushpin: exactly 15

3. Spatial Arrangement:
   - pushpin: center

4. Visual Appearance and Fill Level:
   - pushpin: yellow, round cap with a metal needle
   Relative sizes:
     - pushpin: roughly equal to other components

5. Relational and Proportional Constraints:
   - The pushpins occupy the most space.
   - There are no fixed size ratios between components.

6. Symmetry and Connectivity:
   - Components (pushpins) do not need to be strictly separated or parallel/adjacent unless specified by external constraints like a board layout, which is not shown here.

7. Per-Slot Completeness:
   - Each slot must contain exactly one yellow pushpin head facing up; there should be no empty slots nor any slots with two or more items in them

Question to verify: Is each slot occupied by precisely one upward-facing yellow pushpin head?

Look carefully at the image.
Step 1 — Observe: Describe what you see in the image that is directly relevant to this question. Be specific: count visible objects, note their location (left/right/center), and explicitly state if an expected component appears absent or is in the wrong position.
Step 2 — Conclude with exactly one of:
Result: Yes
Result: No
  [RESPONSE]
Step 1: Observe
- The image shows a grid with multiple slots.
- Each slot contains one yellow pushpin head facing up, except for the bottom right and middle left slots which are empty.

Step 2:
Result: No
  [ANSWER] No | log_prob=0.0
  [META] {'regex_found': 'No', 'pos': 202, 'mapped_to_token_id': 2458, 'decoded_token': ' No', 'step': 48, 'raw_prob': 1.0}

  [Sub-Q 4] MQ: Is there exactly one yellow pushpin head facing up...
  SQ: Does every visible space contain an exact number of yellow pushpins, all oriented upwards?
  [PROMPT]
You are a strict industrial quality control inspector.
Your task is to inspect a pushpins and answer a specific constraint question.

[What a NORMAL pushpins looks like]
1. Components:
   - pushpin

2. Quantities:
   - pushpin: exactly 15

3. Spatial Arrangement:
   - pushpin: center

4. Visual Appearance and Fill Level:
   - pushpin: yellow, round cap with a metal needle
   Relative sizes:
     - pushpin: roughly equal to other components

5. Relational and Proportional Constraints:
   - The pushpins occupy the most space.
   - There are no fixed size ratios between components.

6. Symmetry and Connectivity:
   - Components (pushpins) do not need to be strictly separated or parallel/adjacent unless specified by external constraints like a board layout, which is not shown here.

7. Per-Slot Completeness:
   - Each slot must contain exactly one yellow pushpin head facing up; there should be no empty slots nor any slots with two or more items in them

Question to verify: Does every visible space contain an exact number of yellow pushpins, all oriented upwards?

Look carefully at the image.
Step 1 — Observe: Describe what you see in the image that is directly relevant to this question. Be specific: count visible objects, note their location (left/right/center), and explicitly state if an expected component appears absent or is in the wrong position.
Step 2 — Conclude with exactly one of:
Result: Yes
Result: No
  [RESPONSE]
Step 1: Observe
- The image shows a clear plastic container with multiple compartments.
- Each compartment contains one yellow pushpin head facing upwards, except for the bottom right and middle left compartments which are empty.

Step 2:
Result: No
  [ANSWER] No | log_prob=0.0
  [META] {'regex_found': 'No', 'pos': 247, 'mapped_to_token_id': 2458, 'decoded_token': ' No', 'step': 52, 'raw_prob': 1.0}

  [Sub-Q 5] MQ: Is there exactly one yellow pushpin head facing up...
  SQ: Can you see pushpin in the pushpins?
  [PROMPT]
You are a strict industrial quality control inspector.
Your task is to inspect a pushpins and answer a specific constraint question.

[What a NORMAL pushpins looks like]
1. Components:
   - pushpin

2. Quantities:
   - pushpin: exactly 15

3. Spatial Arrangement:
   - pushpin: center

4. Visual Appearance and Fill Level:
   - pushpin: yellow, round cap with a metal needle
   Relative sizes:
     - pushpin: roughly equal to other components

5. Relational and Proportional Constraints:
   - The pushpins occupy the most space.
   - There are no fixed size ratios between components.

6. Symmetry and Connectivity:
   - Components (pushpins) do not need to be strictly separated or parallel/adjacent unless specified by external constraints like a board layout, which is not shown here.

7. Per-Slot Completeness:
   - Each slot must contain exactly one yellow pushpin head facing up; there should be no empty slots nor any slots with two or more items in them

Question to verify: Can you see pushpin in the pushpins?

Look carefully at the image.
Step 1 — Observe: Describe what you see in the image that is directly relevant to this question. Be specific: count visible objects, note their location (left/right/center), and explicitly state if an expected component appears absent or is in the wrong position.
Step 2 — Conclude with exactly one of:
Result: Yes
Result: No
  [RESPONSE]
Step 1: Observe
- The image shows a clear plastic case with multiple slots.
- Each slot contains one yellow pushpin head facing up, except for the bottom left and middle right slots which are empty.

Step 2:
Result: No
  [ANSWER] No | log_prob=0.0
  [META] {'regex_found': 'No', 'pos': 216, 'mapped_to_token_id': 2458, 'decoded_token': ' No', 'step': 50, 'raw_prob': 1.0}
  [VOTE] 'Is there exactly one yellow pushpin head facing up in each s' → No (Yes=1, No=4)
  [RESULT] anomaly=True score=1.0000
           Logical anomaly detected. Violated constraints:
  - Is there exactly one yellow pushpin head facing up in each slot?

============================================================
Stage 4 | [0] /home/chikibriki/LoqicQA/dataset-ninja/mvtec-loco-ad/test/img/pushpins_good_040.png | gt=good | anomaly_type=None
============================================================

  [Sub-Q 1] MQ: Is there exactly one yellow pushpin head facing up...
  SQ: Is there exactly one yellow pushpin head facing up in each slot?
  [PROMPT]
You are a strict industrial quality control inspector.
Your task is to inspect a pushpins and answer a specific constraint question.

[What a NORMAL pushpins looks like]
1. Components:
   - pushpin

2. Quantities:
   - pushpin: exactly 15

3. Spatial Arrangement:
   - pushpin: center

4. Visual Appearance and Fill Level:
   - pushpin: yellow, round cap with a metal needle
   Relative sizes:
     - pushpin: roughly equal to other components

5. Relational and Proportional Constraints:
   - The pushpins occupy the most space.
   - There are no fixed size ratios between components.

6. Symmetry and Connectivity:
   - Components (pushpins) do not need to be strictly separated or parallel/adjacent unless specified by external constraints like a board layout, which is not shown here.

7. Per-Slot Completeness:
   - Each slot must contain exactly one yellow pushpin head facing up; there should be no empty slots nor any slots with two or more items in them

Question to verify: Is there exactly one yellow pushpin head facing up in each slot?

Look carefully at the image.
Step 1 — Observe: Describe what you see in the image that is directly relevant to this question. Be specific: count visible objects, note their location (left/right/center), and explicitly state if an expected component appears absent or is in the wrong position.
Step 2 — Conclude with exactly one of:
Result: Yes
Result: No
  [RESPONSE]
Step 1: Observe
- There are a total of 15 slots in the image.
- Each slot contains one yellow pushpin head facing up.

Step 2:
Result: Yes
  [ANSWER] Yes | log_prob=0.0
  [META] {'regex_found': 'Yes', 'pos': 135, 'mapped_to_token_id': 7560, 'decoded_token': ' Yes', 'step': 38, 'raw_prob': 1.0}

  [Sub-Q 2] MQ: Is there exactly one yellow pushpin head facing up...
  SQ: Are there exactly 15 yellow pushpin heads facing up in the image?
  [PROMPT]
You are a strict industrial quality control inspector.
Your task is to inspect a pushpins and answer a specific constraint question.

[What a NORMAL pushpins looks like]
1. Components:
   - pushpin

2. Quantities:
   - pushpin: exactly 15

3. Spatial Arrangement:
   - pushpin: center

4. Visual Appearance and Fill Level:
   - pushpin: yellow, round cap with a metal needle
   Relative sizes:
     - pushpin: roughly equal to other components

5. Relational and Proportional Constraints:
   - The pushpins occupy the most space.
   - There are no fixed size ratios between components.

6. Symmetry and Connectivity:
   - Components (pushpins) do not need to be strictly separated or parallel/adjacent unless specified by external constraints like a board layout, which is not shown here.

7. Per-Slot Completeness:
   - Each slot must contain exactly one yellow pushpin head facing up; there should be no empty slots nor any slots with two or more items in them

Question to verify: Are there exactly 15 yellow pushpin heads facing up in the image?

Look carefully at the image.
Step 1 — Observe: Describe what you see in the image that is directly relevant to this question. Be specific: count visible objects, note their location (left/right/center), and explicitly state if an expected component appears absent or is in the wrong position.
Step 2 — Conclude with exactly one of:
Result: Yes
Result: No
  [RESPONSE]
Step 1: Observe
- The image shows a container with multiple slots.
- Each slot contains one yellow pushpin head facing up, except for the top right and bottom left slots which are empty.

Step 2:
Result: No
  [ANSWER] No | log_prob=0.0
  [META] {'regex_found': 'No', 'pos': 204, 'mapped_to_token_id': 2458, 'decoded_token': ' No', 'step': 48, 'raw_prob': 1.0}

  [Sub-Q 3] MQ: Is there exactly one yellow pushpin head facing up...
  SQ: Is each slot occupied by precisely one upward-facing yellow pushpin head?
  [PROMPT]
You are a strict industrial quality control inspector.
Your task is to inspect a pushpins and answer a specific constraint question.

[What a NORMAL pushpins looks like]
1. Components:
   - pushpin

2. Quantities:
   - pushpin: exactly 15

3. Spatial Arrangement:
   - pushpin: center

4. Visual Appearance and Fill Level:
   - pushpin: yellow, round cap with a metal needle
   Relative sizes:
     - pushpin: roughly equal to other components

5. Relational and Proportional Constraints:
   - The pushpins occupy the most space.
   - There are no fixed size ratios between components.

6. Symmetry and Connectivity:
   - Components (pushpins) do not need to be strictly separated or parallel/adjacent unless specified by external constraints like a board layout, which is not shown here.

7. Per-Slot Completeness:
   - Each slot must contain exactly one yellow pushpin head facing up; there should be no empty slots nor any slots with two or more items in them

Question to verify: Is each slot occupied by precisely one upward-facing yellow pushpin head?

Look carefully at the image.
Step 1 — Observe: Describe what you see in the image that is directly relevant to this question. Be specific: count visible objects, note their location (left/right/center), and explicitly state if an expected component appears absent or is in the wrong position.
Step 2 — Conclude with exactly one of:
Result: Yes
Result: No
  [RESPONSE]
Step 1: Observe
- The image shows a plastic case with multiple slots.
- Each slot contains one yellow pushpin head facing up, except for the top right and bottom left slots which are empty.

Step 2:
Result: No
  [ANSWER] No | log_prob=0.0
  [META] {'regex_found': 'No', 'pos': 207, 'mapped_to_token_id': 2458, 'decoded_token': ' No', 'step': 49, 'raw_prob': 1.0}

  [Sub-Q 4] MQ: Is there exactly one yellow pushpin head facing up...
  SQ: Does every visible space contain an exact number of yellow pushpins, all oriented upwards?
  [PROMPT]
You are a strict industrial quality control inspector.
Your task is to inspect a pushpins and answer a specific constraint question.

[What a NORMAL pushpins looks like]
1. Components:
   - pushpin

2. Quantities:
   - pushpin: exactly 15

3. Spatial Arrangement:
   - pushpin: center

4. Visual Appearance and Fill Level:
   - pushpin: yellow, round cap with a metal needle
   Relative sizes:
     - pushpin: roughly equal to other components

5. Relational and Proportional Constraints:
   - The pushpins occupy the most space.
   - There are no fixed size ratios between components.

6. Symmetry and Connectivity:
   - Components (pushpins) do not need to be strictly separated or parallel/adjacent unless specified by external constraints like a board layout, which is not shown here.

7. Per-Slot Completeness:
   - Each slot must contain exactly one yellow pushpin head facing up; there should be no empty slots nor any slots with two or more items in them

Question to verify: Does every visible space contain an exact number of yellow pushpins, all oriented upwards?

Look carefully at the image.
Step 1 — Observe: Describe what you see in the image that is directly relevant to this question. Be specific: count visible objects, note their location (left/right/center), and explicitly state if an expected component appears absent or is in the wrong position.
Step 2 — Conclude with exactly one of:
Result: Yes
Result: No
  [RESPONSE]
Step 1: Observe
- The image shows a clear plastic case with multiple slots.
- Each slot contains one yellow pushpin head facing upwards, except for the top right and bottom left corners which are empty.

Step 2:
Result: No
  [ANSWER] No | log_prob=0.0
  [META] {'regex_found': 'No', 'pos': 220, 'mapped_to_token_id': 2458, 'decoded_token': ' No', 'step': 50, 'raw_prob': 1.0}

  [Sub-Q 5] MQ: Is there exactly one yellow pushpin head facing up...
  SQ: Can you see pushpin in the pushpins?
  [PROMPT]
You are a strict industrial quality control inspector.
Your task is to inspect a pushpins and answer a specific constraint question.

[What a NORMAL pushpins looks like]
1. Components:
   - pushpin

2. Quantities:
   - pushpin: exactly 15

3. Spatial Arrangement:
   - pushpin: center

4. Visual Appearance and Fill Level:
   - pushpin: yellow, round cap with a metal needle
   Relative sizes:
     - pushpin: roughly equal to other components

5. Relational and Proportional Constraints:
   - The pushpins occupy the most space.
   - There are no fixed size ratios between components.

6. Symmetry and Connectivity:
   - Components (pushpins) do not need to be strictly separated or parallel/adjacent unless specified by external constraints like a board layout, which is not shown here.

7. Per-Slot Completeness:
   - Each slot must contain exactly one yellow pushpin head facing up; there should be no empty slots nor any slots with two or more items in them

Question to verify: Can you see pushpin in the pushpins?

Look carefully at the image.
Step 1 — Observe: Describe what you see in the image that is directly relevant to this question. Be specific: count visible objects, note their location (left/right/center), and explicitly state if an expected component appears absent or is in the wrong position.
Step 2 — Conclude with exactly one of:
Result: Yes
Result: No
  [RESPONSE]
Step 1: Observe
- There are a total of 15 slots in the image.
- Each slot contains one yellow pushpin head facing up, except for two empty slots on either side.

Step 2:
Result: Yes
  [ANSWER] Yes | log_prob=0.0
  [META] {'regex_found': 'Yes', 'pos': 178, 'mapped_to_token_id': 7560, 'decoded_token': ' Yes', 'step': 47, 'raw_prob': 1.0}
  [VOTE] 'Is there exactly one yellow pushpin head facing up in each s' → No (Yes=2, No=3)
  [RESULT] anomaly=True score=1.0000
           Logical anomaly detected. Violated constraints:
  - Is there exactly one yellow pushpin head facing up in each slot?

============================================================
Stage 4 | [0] /home/chikibriki/LoqicQA/dataset-ninja/mvtec-loco-ad/test/img/pushpins_good_045.png | gt=good | anomaly_type=None
============================================================

  [Sub-Q 1] MQ: Is there exactly one yellow pushpin head facing up...
  SQ: Is there exactly one yellow pushpin head facing up in each slot?
  [PROMPT]
You are a strict industrial quality control inspector.
Your task is to inspect a pushpins and answer a specific constraint question.

[What a NORMAL pushpins looks like]
1. Components:
   - pushpin

2. Quantities:
   - pushpin: exactly 15

3. Spatial Arrangement:
   - pushpin: center

4. Visual Appearance and Fill Level:
   - pushpin: yellow, round cap with a metal needle
   Relative sizes:
     - pushpin: roughly equal to other components

5. Relational and Proportional Constraints:
   - The pushpins occupy the most space.
   - There are no fixed size ratios between components.

6. Symmetry and Connectivity:
   - Components (pushpins) do not need to be strictly separated or parallel/adjacent unless specified by external constraints like a board layout, which is not shown here.

7. Per-Slot Completeness:
   - Each slot must contain exactly one yellow pushpin head facing up; there should be no empty slots nor any slots with two or more items in them

Question to verify: Is there exactly one yellow pushpin head facing up in each slot?

Look carefully at the image.
Step 1 — Observe: Describe what you see in the image that is directly relevant to this question. Be specific: count visible objects, note their location (left/right/center), and explicitly state if an expected component appears absent or is in the wrong position.
Step 2 — Conclude with exactly one of:
Result: Yes
Result: No
  [RESPONSE]
Step 1: Observe
- The image shows a clear plastic case with multiple slots.
- Each slot contains one yellow pushpin head facing up, except for the bottom right slot which is empty.

Step 2:
Result: No
  [ANSWER] No | log_prob=0.0
  [META] {'regex_found': 'No', 'pos': 198, 'mapped_to_token_id': 2458, 'decoded_token': ' No', 'step': 47, 'raw_prob': 1.0}

  [Sub-Q 2] MQ: Is there exactly one yellow pushpin head facing up...
  SQ: Are there exactly 15 yellow pushpin heads facing up in the image?
  [PROMPT]
You are a strict industrial quality control inspector.
Your task is to inspect a pushpins and answer a specific constraint question.

[What a NORMAL pushpins looks like]
1. Components:
   - pushpin

2. Quantities:
   - pushpin: exactly 15

3. Spatial Arrangement:
   - pushpin: center

4. Visual Appearance and Fill Level:
   - pushpin: yellow, round cap with a metal needle
   Relative sizes:
     - pushpin: roughly equal to other components

5. Relational and Proportional Constraints:
   - The pushpins occupy the most space.
   - There are no fixed size ratios between components.

6. Symmetry and Connectivity:
   - Components (pushpins) do not need to be strictly separated or parallel/adjacent unless specified by external constraints like a board layout, which is not shown here.

7. Per-Slot Completeness:
   - Each slot must contain exactly one yellow pushpin head facing up; there should be no empty slots nor any slots with two or more items in them

Question to verify: Are there exactly 15 yellow pushpin heads facing up in the image?

Look carefully at the image.
Step 1 — Observe: Describe what you see in the image that is directly relevant to this question. Be specific: count visible objects, note their location (left/right/center), and explicitly state if an expected component appears absent or is in the wrong position.
Step 2 — Conclude with exactly one of:
Result: Yes
Result: No
  [RESPONSE]
Step 1: Observe
- The image shows a container with multiple slots, each containing one yellow pushpin head facing up.
- There are no empty slots or any slot that contains more than one item.

Step 2:
Result: Yes
  [ANSWER] Yes | log_prob=0.0
  [META] {'regex_found': 'Yes', 'pos': 208, 'mapped_to_token_id': 7560, 'decoded_token': ' Yes', 'step': 49, 'raw_prob': 1.0}

  [Sub-Q 3] MQ: Is there exactly one yellow pushpin head facing up...
  SQ: Is each slot occupied by precisely one upward-facing yellow pushpin head?
  [PROMPT]
You are a strict industrial quality control inspector.
Your task is to inspect a pushpins and answer a specific constraint question.

[What a NORMAL pushpins looks like]
1. Components:
   - pushpin

2. Quantities:
   - pushpin: exactly 15

3. Spatial Arrangement:
   - pushpin: center

4. Visual Appearance and Fill Level:
   - pushpin: yellow, round cap with a metal needle
   Relative sizes:
     - pushpin: roughly equal to other components

5. Relational and Proportional Constraints:
   - The pushpins occupy the most space.
   - There are no fixed size ratios between components.

6. Symmetry and Connectivity:
   - Components (pushpins) do not need to be strictly separated or parallel/adjacent unless specified by external constraints like a board layout, which is not shown here.

7. Per-Slot Completeness:
   - Each slot must contain exactly one yellow pushpin head facing up; there should be no empty slots nor any slots with two or more items in them

Question to verify: Is each slot occupied by precisely one upward-facing yellow pushpin head?

Look carefully at the image.
Step 1 — Observe: Describe what you see in the image that is directly relevant to this question. Be specific: count visible objects, note their location (left/right/center), and explicitly state if an expected component appears absent or is in the wrong position.
Step 2 — Conclude with exactly one of:
Result: Yes
Result: No
  [RESPONSE]
Step 1: Observe
- There are a total of 15 slots.
- Each slot contains one yellow pushpin head facing up.

Step 2:
Result: Yes
  [ANSWER] Yes | log_prob=0.0
  [META] {'regex_found': 'Yes', 'pos': 122, 'mapped_to_token_id': 7560, 'decoded_token': ' Yes', 'step': 35, 'raw_prob': 1.0}

  [Sub-Q 4] MQ: Is there exactly one yellow pushpin head facing up...
  SQ: Does every visible space contain an exact number of yellow pushpins, all oriented upwards?
  [PROMPT]
You are a strict industrial quality control inspector.
Your task is to inspect a pushpins and answer a specific constraint question.

[What a NORMAL pushpins looks like]
1. Components:
   - pushpin

2. Quantities:
   - pushpin: exactly 15

3. Spatial Arrangement:
   - pushpin: center

4. Visual Appearance and Fill Level:
   - pushpin: yellow, round cap with a metal needle
   Relative sizes:
     - pushpin: roughly equal to other components

5. Relational and Proportional Constraints:
   - The pushpins occupy the most space.
   - There are no fixed size ratios between components.

6. Symmetry and Connectivity:
   - Components (pushpins) do not need to be strictly separated or parallel/adjacent unless specified by external constraints like a board layout, which is not shown here.

7. Per-Slot Completeness:
   - Each slot must contain exactly one yellow pushpin head facing up; there should be no empty slots nor any slots with two or more items in them

Question to verify: Does every visible space contain an exact number of yellow pushpins, all oriented upwards?

Look carefully at the image.
Step 1 — Observe: Describe what you see in the image that is directly relevant to this question. Be specific: count visible objects, note their location (left/right/center), and explicitly state if an expected component appears absent or is in the wrong position.
Step 2 — Conclude with exactly one of:
Result: Yes
Result: No
  [RESPONSE]
Step 1: Observe
- The image shows a clear plastic case with multiple compartments.
- Each compartment contains one yellow pushpin head facing upwards, except for the bottom right slot which is empty.

Step 2:
Result: No
  [ANSWER] No | log_prob=0.0
  [META] {'regex_found': 'No', 'pos': 217, 'mapped_to_token_id': 2458, 'decoded_token': ' No', 'step': 48, 'raw_prob': 1.0}

  [Sub-Q 5] MQ: Is there exactly one yellow pushpin head facing up...
  SQ: Can you see pushpin in the pushpins?
  [PROMPT]
You are a strict industrial quality control inspector.
Your task is to inspect a pushpins and answer a specific constraint question.

[What a NORMAL pushpins looks like]
1. Components:
   - pushpin

2. Quantities:
   - pushpin: exactly 15

3. Spatial Arrangement:
   - pushpin: center

4. Visual Appearance and Fill Level:
   - pushpin: yellow, round cap with a metal needle
   Relative sizes:
     - pushpin: roughly equal to other components

5. Relational and Proportional Constraints:
   - The pushpins occupy the most space.
   - There are no fixed size ratios between components.

6. Symmetry and Connectivity:
   - Components (pushpins) do not need to be strictly separated or parallel/adjacent unless specified by external constraints like a board layout, which is not shown here.

7. Per-Slot Completeness:
   - Each slot must contain exactly one yellow pushpin head facing up; there should be no empty slots nor any slots with two or more items in them

Question to verify: Can you see pushpin in the pushpins?

Look carefully at the image.
Step 1 — Observe: Describe what you see in the image that is directly relevant to this question. Be specific: count visible objects, note their location (left/right/center), and explicitly state if an expected component appears absent or is in the wrong position.
Step 2 — Conclude with exactly one of:
Result: Yes
Result: No
  [RESPONSE]
Step 1: Observe
- There are a total of 15 slots in the image.
- Each slot contains one yellow pushpin head facing up, except for two slots that do not contain any items.

Step 2:
Result: No
  [ANSWER] No | log_prob=0.0
  [META] {'regex_found': 'No', 'pos': 187, 'mapped_to_token_id': 2458, 'decoded_token': ' No', 'step': 49, 'raw_prob': 1.0}
  [VOTE] 'Is there exactly one yellow pushpin head facing up in each s' → No (Yes=2, No=3)
  [RESULT] anomaly=True score=1.0000
           Logical anomaly detected. Violated constraints:
  - Is there exactly one yellow pushpin head facing up in each slot?

============================================================
Stage 4 | [0] /home/chikibriki/LoqicQA/dataset-ninja/mvtec-loco-ad/test/img/pushpins_good_050.png | gt=good | anomaly_type=None
============================================================

  [Sub-Q 1] MQ: Is there exactly one yellow pushpin head facing up...
  SQ: Is there exactly one yellow pushpin head facing up in each slot?
  [PROMPT]
You are a strict industrial quality control inspector.
Your task is to inspect a pushpins and answer a specific constraint question.

[What a NORMAL pushpins looks like]
1. Components:
   - pushpin

2. Quantities:
   - pushpin: exactly 15

3. Spatial Arrangement:
   - pushpin: center

4. Visual Appearance and Fill Level:
   - pushpin: yellow, round cap with a metal needle
   Relative sizes:
     - pushpin: roughly equal to other components

5. Relational and Proportional Constraints:
   - The pushpins occupy the most space.
   - There are no fixed size ratios between components.

6. Symmetry and Connectivity:
   - Components (pushpins) do not need to be strictly separated or parallel/adjacent unless specified by external constraints like a board layout, which is not shown here.

7. Per-Slot Completeness:
   - Each slot must contain exactly one yellow pushpin head facing up; there should be no empty slots nor any slots with two or more items in them

Question to verify: Is there exactly one yellow pushpin head facing up in each slot?

Look carefully at the image.
Step 1 — Observe: Describe what you see in the image that is directly relevant to this question. Be specific: count visible objects, note their location (left/right/center), and explicitly state if an expected component appears absent or is in the wrong position.
Step 2 — Conclude with exactly one of:
Result: Yes
Result: No
  [RESPONSE]
Step 1: Observe
- The image shows a plastic case with multiple slots.
- Each slot contains one yellow pushpin head facing up, except for the bottom left and middle right slots which are empty.

Step 2:
Result: No
  [ANSWER] No | log_prob=0.0
  [META] {'regex_found': 'No', 'pos': 210, 'mapped_to_token_id': 2458, 'decoded_token': ' No', 'step': 49, 'raw_prob': 1.0}

  [Sub-Q 2] MQ: Is there exactly one yellow pushpin head facing up...
  SQ: Are there exactly 15 yellow pushpin heads facing up in the image?
  [PROMPT]
You are a strict industrial quality control inspector.
Your task is to inspect a pushpins and answer a specific constraint question.

[What a NORMAL pushpins looks like]
1. Components:
   - pushpin

2. Quantities:
   - pushpin: exactly 15

3. Spatial Arrangement:
   - pushpin: center

4. Visual Appearance and Fill Level:
   - pushpin: yellow, round cap with a metal needle
   Relative sizes:
     - pushpin: roughly equal to other components

5. Relational and Proportional Constraints:
   - The pushpins occupy the most space.
   - There are no fixed size ratios between components.

6. Symmetry and Connectivity:
   - Components (pushpins) do not need to be strictly separated or parallel/adjacent unless specified by external constraints like a board layout, which is not shown here.

7. Per-Slot Completeness:
   - Each slot must contain exactly one yellow pushpin head facing up; there should be no empty slots nor any slots with two or more items in them

Question to verify: Are there exactly 15 yellow pushpin heads facing up in the image?

Look carefully at the image.
Step 1 — Observe: Describe what you see in the image that is directly relevant to this question. Be specific: count visible objects, note their location (left/right/center), and explicitly state if an expected component appears absent or is in the wrong position.
Step 2 — Conclude with exactly one of:
Result: Yes
Result: No
  [RESPONSE]
Step 1: Observe
- The image shows a container with multiple slots.
- Each slot contains one yellow pushpin head facing up, except for the bottom left and middle right slots which are empty.

Step 2:
Result: No
  [ANSWER] No | log_prob=0.0
  [META] {'regex_found': 'No', 'pos': 207, 'mapped_to_token_id': 2458, 'decoded_token': ' No', 'step': 48, 'raw_prob': 1.0}

  [Sub-Q 3] MQ: Is there exactly one yellow pushpin head facing up...
  SQ: Is each slot occupied by precisely one upward-facing yellow pushpin head?
  [PROMPT]
You are a strict industrial quality control inspector.
Your task is to inspect a pushpins and answer a specific constraint question.

[What a NORMAL pushpins looks like]
1. Components:
   - pushpin

2. Quantities:
   - pushpin: exactly 15

3. Spatial Arrangement:
   - pushpin: center

4. Visual Appearance and Fill Level:
   - pushpin: yellow, round cap with a metal needle
   Relative sizes:
     - pushpin: roughly equal to other components

5. Relational and Proportional Constraints:
   - The pushpins occupy the most space.
   - There are no fixed size ratios between components.

6. Symmetry and Connectivity:
   - Components (pushpins) do not need to be strictly separated or parallel/adjacent unless specified by external constraints like a board layout, which is not shown here.

7. Per-Slot Completeness:
   - Each slot must contain exactly one yellow pushpin head facing up; there should be no empty slots nor any slots with two or more items in them

Question to verify: Is each slot occupied by precisely one upward-facing yellow pushpin head?

Look carefully at the image.
Step 1 — Observe: Describe what you see in the image that is directly relevant to this question. Be specific: count visible objects, note their location (left/right/center), and explicitly state if an expected component appears absent or is in the wrong position.
Step 2 — Conclude with exactly one of:
Result: Yes
Result: No
  [RESPONSE]
Step 1: Observe
- The image shows a tray with multiple slots.
- There are visible pushpins in each slot, all facing upward and appearing yellow.

Step 2: Conclude 
Result: Yes
  [ANSWER] Yes | log_prob=0.0
  [META] {'regex_found': 'Yes', 'pos': 172, 'mapped_to_token_id': 7560, 'decoded_token': ' Yes', 'step': 44, 'raw_prob': 1.0}

  [Sub-Q 4] MQ: Is there exactly one yellow pushpin head facing up...
  SQ: Does every visible space contain an exact number of yellow pushpins, all oriented upwards?
  [PROMPT]
You are a strict industrial quality control inspector.
Your task is to inspect a pushpins and answer a specific constraint question.

[What a NORMAL pushpins looks like]
1. Components:
   - pushpin

2. Quantities:
   - pushpin: exactly 15

3. Spatial Arrangement:
   - pushpin: center

4. Visual Appearance and Fill Level:
   - pushpin: yellow, round cap with a metal needle
   Relative sizes:
     - pushpin: roughly equal to other components

5. Relational and Proportional Constraints:
   - The pushpins occupy the most space.
   - There are no fixed size ratios between components.

6. Symmetry and Connectivity:
   - Components (pushpins) do not need to be strictly separated or parallel/adjacent unless specified by external constraints like a board layout, which is not shown here.

7. Per-Slot Completeness:
   - Each slot must contain exactly one yellow pushpin head facing up; there should be no empty slots nor any slots with two or more items in them

Question to verify: Does every visible space contain an exact number of yellow pushpins, all oriented upwards?

Look carefully at the image.
Step 1 — Observe: Describe what you see in the image that is directly relevant to this question. Be specific: count visible objects, note their location (left/right/center), and explicitly state if an expected component appears absent or is in the wrong position.
Step 2 — Conclude with exactly one of:
Result: Yes
Result: No
  [RESPONSE]
Step 1: Observe
- There are a total of 15 slots.
- Each slot contains one yellow pushpin head facing upwards.

Step 2:
Result: Yes
  [ANSWER] Yes | log_prob=0.0
  [META] {'regex_found': 'Yes', 'pos': 127, 'mapped_to_token_id': 7560, 'decoded_token': ' Yes', 'step': 35, 'raw_prob': 1.0}

  [Sub-Q 5] MQ: Is there exactly one yellow pushpin head facing up...
  SQ: Can you see pushpin in the pushpins?
  [PROMPT]
You are a strict industrial quality control inspector.
Your task is to inspect a pushpins and answer a specific constraint question.

[What a NORMAL pushpins looks like]
1. Components:
   - pushpin

2. Quantities:
   - pushpin: exactly 15

3. Spatial Arrangement:
   - pushpin: center

4. Visual Appearance and Fill Level:
   - pushpin: yellow, round cap with a metal needle
   Relative sizes:
     - pushpin: roughly equal to other components

5. Relational and Proportional Constraints:
   - The pushpins occupy the most space.
   - There are no fixed size ratios between components.

6. Symmetry and Connectivity:
   - Components (pushpins) do not need to be strictly separated or parallel/adjacent unless specified by external constraints like a board layout, which is not shown here.

7. Per-Slot Completeness:
   - Each slot must contain exactly one yellow pushpin head facing up; there should be no empty slots nor any slots with two or more items in them

Question to verify: Can you see pushpin in the pushpins?

Look carefully at the image.
Step 1 — Observe: Describe what you see in the image that is directly relevant to this question. Be specific: count visible objects, note their location (left/right/center), and explicitly state if an expected component appears absent or is in the wrong position.
Step 2 — Conclude with exactly one of:
Result: Yes
Result: No
  [RESPONSE]
Step 1: Observe
- The image shows a container with multiple slots.
- Each slot contains one yellow pushpin head facing up, except for the bottom left and middle right slots which are empty.

Step 2:
Result: No
  [ANSWER] No | log_prob=0.0
  [META] {'regex_found': 'No', 'pos': 207, 'mapped_to_token_id': 2458, 'decoded_token': ' No', 'step': 48, 'raw_prob': 1.0}
  [VOTE] 'Is there exactly one yellow pushpin head facing up in each s' → No (Yes=2, No=3)
  [RESULT] anomaly=True score=1.0000
           Logical anomaly detected. Violated constraints:
  - Is there exactly one yellow pushpin head facing up in each slot?

============================================================
Stage 4 | [0] /home/chikibriki/LoqicQA/dataset-ninja/mvtec-loco-ad/test/img/pushpins_good_055.png | gt=good | anomaly_type=None
============================================================

  [Sub-Q 1] MQ: Is there exactly one yellow pushpin head facing up...
  SQ: Is there exactly one yellow pushpin head facing up in each slot?
  [PROMPT]
You are a strict industrial quality control inspector.
Your task is to inspect a pushpins and answer a specific constraint question.

[What a NORMAL pushpins looks like]
1. Components:
   - pushpin

2. Quantities:
   - pushpin: exactly 15

3. Spatial Arrangement:
   - pushpin: center

4. Visual Appearance and Fill Level:
   - pushpin: yellow, round cap with a metal needle
   Relative sizes:
     - pushpin: roughly equal to other components

5. Relational and Proportional Constraints:
   - The pushpins occupy the most space.
   - There are no fixed size ratios between components.

6. Symmetry and Connectivity:
   - Components (pushpins) do not need to be strictly separated or parallel/adjacent unless specified by external constraints like a board layout, which is not shown here.

7. Per-Slot Completeness:
   - Each slot must contain exactly one yellow pushpin head facing up; there should be no empty slots nor any slots with two or more items in them

Question to verify: Is there exactly one yellow pushpin head facing up in each slot?

Look carefully at the image.
Step 1 — Observe: Describe what you see in the image that is directly relevant to this question. Be specific: count visible objects, note their location (left/right/center), and explicitly state if an expected component appears absent or is in the wrong position.
Step 2 — Conclude with exactly one of:
Result: Yes
Result: No
  [RESPONSE]
Step 1: Observe
- There are a total of 15 slots in the image.
- Each slot contains one yellow pushpin head facing up.

Step 2: Conclude with exactly one of:
Result: Yes
  [ANSWER] Yes | log_prob=0.0
  [META] {'regex_found': 'Yes', 'pos': 165, 'mapped_to_token_id': 7560, 'decoded_token': ' Yes', 'step': 45, 'raw_prob': 1.0}

  [Sub-Q 2] MQ: Is there exactly one yellow pushpin head facing up...
  SQ: Are there exactly 15 yellow pushpin heads facing up in the image?
  [PROMPT]
You are a strict industrial quality control inspector.
Your task is to inspect a pushpins and answer a specific constraint question.

[What a NORMAL pushpins looks like]
1. Components:
   - pushpin

2. Quantities:
   - pushpin: exactly 15

3. Spatial Arrangement:
   - pushpin: center

4. Visual Appearance and Fill Level:
   - pushpin: yellow, round cap with a metal needle
   Relative sizes:
     - pushpin: roughly equal to other components

5. Relational and Proportional Constraints:
   - The pushpins occupy the most space.
   - There are no fixed size ratios between components.

6. Symmetry and Connectivity:
   - Components (pushpins) do not need to be strictly separated or parallel/adjacent unless specified by external constraints like a board layout, which is not shown here.

7. Per-Slot Completeness:
   - Each slot must contain exactly one yellow pushpin head facing up; there should be no empty slots nor any slots with two or more items in them

Question to verify: Are there exactly 15 yellow pushpin heads facing up in the image?

Look carefully at the image.
Step 1 — Observe: Describe what you see in the image that is directly relevant to this question. Be specific: count visible objects, note their location (left/right/center), and explicitly state if an expected component appears absent or is in the wrong position.
Step 2 — Conclude with exactly one of:
Result: Yes
Result: No
  [RESPONSE]
Step 1: Observe
- The image shows a grid with multiple slots.
- Each slot contains one yellow pushpin head facing up, except for the bottom right and top left corners which are empty.

Step 2:
Result: No
  [ANSWER] No | log_prob=0.0
  [META] {'regex_found': 'No', 'pos': 201, 'mapped_to_token_id': 2458, 'decoded_token': ' No', 'step': 48, 'raw_prob': 1.0}

  [Sub-Q 3] MQ: Is there exactly one yellow pushpin head facing up...
  SQ: Is each slot occupied by precisely one upward-facing yellow pushpin head?
  [PROMPT]
You are a strict industrial quality control inspector.
Your task is to inspect a pushpins and answer a specific constraint question.

[What a NORMAL pushpins looks like]
1. Components:
   - pushpin

2. Quantities:
   - pushpin: exactly 15

3. Spatial Arrangement:
   - pushpin: center

4. Visual Appearance and Fill Level:
   - pushpin: yellow, round cap with a metal needle
   Relative sizes:
     - pushpin: roughly equal to other components

5. Relational and Proportional Constraints:
   - The pushpins occupy the most space.
   - There are no fixed size ratios between components.

6. Symmetry and Connectivity:
   - Components (pushpins) do not need to be strictly separated or parallel/adjacent unless specified by external constraints like a board layout, which is not shown here.

7. Per-Slot Completeness:
   - Each slot must contain exactly one yellow pushpin head facing up; there should be no empty slots nor any slots with two or more items in them

Question to verify: Is each slot occupied by precisely one upward-facing yellow pushpin head?

Look carefully at the image.
Step 1 — Observe: Describe what you see in the image that is directly relevant to this question. Be specific: count visible objects, note their location (left/right/center), and explicitly state if an expected component appears absent or is in the wrong position.
Step 2 — Conclude with exactly one of:
Result: Yes
Result: No
  [RESPONSE]
Step 1: Observe
- There are a total of 15 slots.
- Each slot contains one yellow pushpin head facing up.

Step 2:
Result: Yes
  [ANSWER] Yes | log_prob=0.0
  [META] {'regex_found': 'Yes', 'pos': 122, 'mapped_to_token_id': 7560, 'decoded_token': ' Yes', 'step': 35, 'raw_prob': 1.0}

  [Sub-Q 4] MQ: Is there exactly one yellow pushpin head facing up...
  SQ: Does every visible space contain an exact number of yellow pushpins, all oriented upwards?
  [PROMPT]
You are a strict industrial quality control inspector.
Your task is to inspect a pushpins and answer a specific constraint question.

[What a NORMAL pushpins looks like]
1. Components:
   - pushpin

2. Quantities:
   - pushpin: exactly 15

3. Spatial Arrangement:
   - pushpin: center

4. Visual Appearance and Fill Level:
   - pushpin: yellow, round cap with a metal needle
   Relative sizes:
     - pushpin: roughly equal to other components

5. Relational and Proportional Constraints:
   - The pushpins occupy the most space.
   - There are no fixed size ratios between components.

6. Symmetry and Connectivity:
   - Components (pushpins) do not need to be strictly separated or parallel/adjacent unless specified by external constraints like a board layout, which is not shown here.

7. Per-Slot Completeness:
   - Each slot must contain exactly one yellow pushpin head facing up; there should be no empty slots nor any slots with two or more items in them

Question to verify: Does every visible space contain an exact number of yellow pushpins, all oriented upwards?

Look carefully at the image.
Step 1 — Observe: Describe what you see in the image that is directly relevant to this question. Be specific: count visible objects, note their location (left/right/center), and explicitly state if an expected component appears absent or is in the wrong position.
Step 2 — Conclude with exactly one of:
Result: Yes
Result: No
  [RESPONSE]
Step 1: Observe
- The image shows a clear plastic case with multiple compartments.
- Each compartment contains one yellow pushpin head facing upwards, except for the bottom right and middle left compartments which are empty.

Step 2:
Result: No
  [ANSWER] No | log_prob=0.0
  [META] {'regex_found': 'No', 'pos': 242, 'mapped_to_token_id': 2458, 'decoded_token': ' No', 'step': 52, 'raw_prob': 1.0}

  [Sub-Q 5] MQ: Is there exactly one yellow pushpin head facing up...
  SQ: Can you see pushpin in the pushpins?
  [PROMPT]
You are a strict industrial quality control inspector.
Your task is to inspect a pushpins and answer a specific constraint question.

[What a NORMAL pushpins looks like]
1. Components:
   - pushpin

2. Quantities:
   - pushpin: exactly 15

3. Spatial Arrangement:
   - pushpin: center

4. Visual Appearance and Fill Level:
   - pushpin: yellow, round cap with a metal needle
   Relative sizes:
     - pushpin: roughly equal to other components

5. Relational and Proportional Constraints:
   - The pushpins occupy the most space.
   - There are no fixed size ratios between components.

6. Symmetry and Connectivity:
   - Components (pushpins) do not need to be strictly separated or parallel/adjacent unless specified by external constraints like a board layout, which is not shown here.

7. Per-Slot Completeness:
   - Each slot must contain exactly one yellow pushpin head facing up; there should be no empty slots nor any slots with two or more items in them

Question to verify: Can you see pushpin in the pushpins?

Look carefully at the image.
Step 1 — Observe: Describe what you see in the image that is directly relevant to this question. Be specific: count visible objects, note their location (left/right/center), and explicitly state if an expected component appears absent or is in the wrong position.
Step 2 — Conclude with exactly one of:
Result: Yes
Result: No
  [RESPONSE]
Step 1: Observe
- The image shows a clear plastic case with multiple compartments.
- Each compartment contains one yellow pushpin head facing up, except for the bottom right corner where there is an empty slot.

Step 2:
Result: No
  [ANSWER] No | log_prob=0.0
  [META] {'regex_found': 'No', 'pos': 228, 'mapped_to_token_id': 2458, 'decoded_token': ' No', 'step': 51, 'raw_prob': 1.0}
  [VOTE] 'Is there exactly one yellow pushpin head facing up in each s' → No (Yes=2, No=3)
  [RESULT] anomaly=True score=1.0000
           Logical anomaly detected. Violated constraints:
  - Is there exactly one yellow pushpin head facing up in each slot?

============================================================
Stage 4 | [0] /home/chikibriki/LoqicQA/dataset-ninja/mvtec-loco-ad/test/img/pushpins_good_060.png | gt=good | anomaly_type=None
============================================================

  [Sub-Q 1] MQ: Is there exactly one yellow pushpin head facing up...
  SQ: Is there exactly one yellow pushpin head facing up in each slot?
  [PROMPT]
You are a strict industrial quality control inspector.
Your task is to inspect a pushpins and answer a specific constraint question.

[What a NORMAL pushpins looks like]
1. Components:
   - pushpin

2. Quantities:
   - pushpin: exactly 15

3. Spatial Arrangement:
   - pushpin: center

4. Visual Appearance and Fill Level:
   - pushpin: yellow, round cap with a metal needle
   Relative sizes:
     - pushpin: roughly equal to other components

5. Relational and Proportional Constraints:
   - The pushpins occupy the most space.
   - There are no fixed size ratios between components.

6. Symmetry and Connectivity:
   - Components (pushpins) do not need to be strictly separated or parallel/adjacent unless specified by external constraints like a board layout, which is not shown here.

7. Per-Slot Completeness:
   - Each slot must contain exactly one yellow pushpin head facing up; there should be no empty slots nor any slots with two or more items in them

Question to verify: Is there exactly one yellow pushpin head facing up in each slot?

Look carefully at the image.
Step 1 — Observe: Describe what you see in the image that is directly relevant to this question. Be specific: count visible objects, note their location (left/right/center), and explicitly state if an expected component appears absent or is in the wrong position.
Step 2 — Conclude with exactly one of:
Result: Yes
Result: No
  [RESPONSE]
Step 1: Observe
- The image shows a plastic case with multiple slots, each containing one yellow pushpin head facing up.
- There are no empty slots or any slot that contains more than one item.

Step 2: Conclude

Result: Yes
  [ANSWER] Yes | log_prob=0.0
  [META] {'regex_found': 'Yes', 'pos': 221, 'mapped_to_token_id': 7560, 'decoded_token': ' Yes', 'step': 53, 'raw_prob': 1.0}

  [Sub-Q 2] MQ: Is there exactly one yellow pushpin head facing up...
  SQ: Are there exactly 15 yellow pushpin heads facing up in the image?
  [PROMPT]
You are a strict industrial quality control inspector.
Your task is to inspect a pushpins and answer a specific constraint question.

[What a NORMAL pushpins looks like]
1. Components:
   - pushpin

2. Quantities:
   - pushpin: exactly 15

3. Spatial Arrangement:
   - pushpin: center

4. Visual Appearance and Fill Level:
   - pushpin: yellow, round cap with a metal needle
   Relative sizes:
     - pushpin: roughly equal to other components

5. Relational and Proportional Constraints:
   - The pushpins occupy the most space.
   - There are no fixed size ratios between components.

6. Symmetry and Connectivity:
   - Components (pushpins) do not need to be strictly separated or parallel/adjacent unless specified by external constraints like a board layout, which is not shown here.

7. Per-Slot Completeness:
   - Each slot must contain exactly one yellow pushpin head facing up; there should be no empty slots nor any slots with two or more items in them

Question to verify: Are there exactly 15 yellow pushpin heads facing up in the image?

Look carefully at the image.
Step 1 — Observe: Describe what you see in the image that is directly relevant to this question. Be specific: count visible objects, note their location (left/right/center), and explicitly state if an expected component appears absent or is in the wrong position.
Step 2 — Conclude with exactly one of:
Result: Yes
Result: No
  [RESPONSE]
Step 1: Observe
- The image shows a plastic case with multiple slots.
- Each slot contains one yellow pushpin head facing up, except for the top left and bottom right corners which are empty.

Step 2:
Result: No
  [ANSWER] No | log_prob=0.0
  [META] {'regex_found': 'No', 'pos': 209, 'mapped_to_token_id': 2458, 'decoded_token': ' No', 'step': 49, 'raw_prob': 1.0}

  [Sub-Q 3] MQ: Is there exactly one yellow pushpin head facing up...
  SQ: Is each slot occupied by precisely one upward-facing yellow pushpin head?
  [PROMPT]
You are a strict industrial quality control inspector.
Your task is to inspect a pushpins and answer a specific constraint question.

[What a NORMAL pushpins looks like]
1. Components:
   - pushpin

2. Quantities:
   - pushpin: exactly 15

3. Spatial Arrangement:
   - pushpin: center

4. Visual Appearance and Fill Level:
   - pushpin: yellow, round cap with a metal needle
   Relative sizes:
     - pushpin: roughly equal to other components

5. Relational and Proportional Constraints:
   - The pushpins occupy the most space.
   - There are no fixed size ratios between components.

6. Symmetry and Connectivity:
   - Components (pushpins) do not need to be strictly separated or parallel/adjacent unless specified by external constraints like a board layout, which is not shown here.

7. Per-Slot Completeness:
   - Each slot must contain exactly one yellow pushpin head facing up; there should be no empty slots nor any slots with two or more items in them

Question to verify: Is each slot occupied by precisely one upward-facing yellow pushpin head?

Look carefully at the image.
Step 1 — Observe: Describe what you see in the image that is directly relevant to this question. Be specific: count visible objects, note their location (left/right/center), and explicitly state if an expected component appears absent or is in the wrong position.
Step 2 — Conclude with exactly one of:
Result: Yes
Result: No
  [RESPONSE]
Step 1: Observe
- There are a total of 15 slots.
- Each slot contains one yellow pushpin head facing up.

Step 2:
Result: Yes
  [ANSWER] Yes | log_prob=0.0
  [META] {'regex_found': 'Yes', 'pos': 122, 'mapped_to_token_id': 7560, 'decoded_token': ' Yes', 'step': 35, 'raw_prob': 1.0}

  [Sub-Q 4] MQ: Is there exactly one yellow pushpin head facing up...
  SQ: Does every visible space contain an exact number of yellow pushpins, all oriented upwards?
  [PROMPT]
You are a strict industrial quality control inspector.
Your task is to inspect a pushpins and answer a specific constraint question.

[What a NORMAL pushpins looks like]
1. Components:
   - pushpin

2. Quantities:
   - pushpin: exactly 15

3. Spatial Arrangement:
   - pushpin: center

4. Visual Appearance and Fill Level:
   - pushpin: yellow, round cap with a metal needle
   Relative sizes:
     - pushpin: roughly equal to other components

5. Relational and Proportional Constraints:
   - The pushpins occupy the most space.
   - There are no fixed size ratios between components.

6. Symmetry and Connectivity:
   - Components (pushpins) do not need to be strictly separated or parallel/adjacent unless specified by external constraints like a board layout, which is not shown here.

7. Per-Slot Completeness:
   - Each slot must contain exactly one yellow pushpin head facing up; there should be no empty slots nor any slots with two or more items in them

Question to verify: Does every visible space contain an exact number of yellow pushpins, all oriented upwards?

Look carefully at the image.
Step 1 — Observe: Describe what you see in the image that is directly relevant to this question. Be specific: count visible objects, note their location (left/right/center), and explicitly state if an expected component appears absent or is in the wrong position.
Step 2 — Conclude with exactly one of:
Result: Yes
Result: No
  [RESPONSE]
Step 1: Observe
- The image shows a plastic case with multiple slots, each containing one yellow pushpin.
- There are exactly 15 visible spaces in the grid layout of the case.

Each slot contains an exact number of yellow pushpins oriented upwards. No empty slots or extra items can be seen within these visible areas.

Step 2:
Result: Yes
  [ANSWER] Yes | log_prob=0.0
  [META] {'regex_found': 'Yes', 'pos': 336, 'mapped_to_token_id': 7560, 'decoded_token': ' Yes', 'step': 75, 'raw_prob': 1.0}

  [Sub-Q 5] MQ: Is there exactly one yellow pushpin head facing up...
  SQ: Can you see pushpin in the pushpins?
  [PROMPT]
You are a strict industrial quality control inspector.
Your task is to inspect a pushpins and answer a specific constraint question.

[What a NORMAL pushpins looks like]
1. Components:
   - pushpin

2. Quantities:
   - pushpin: exactly 15

3. Spatial Arrangement:
   - pushpin: center

4. Visual Appearance and Fill Level:
   - pushpin: yellow, round cap with a metal needle
   Relative sizes:
     - pushpin: roughly equal to other components

5. Relational and Proportional Constraints:
   - The pushpins occupy the most space.
   - There are no fixed size ratios between components.

6. Symmetry and Connectivity:
   - Components (pushpins) do not need to be strictly separated or parallel/adjacent unless specified by external constraints like a board layout, which is not shown here.

7. Per-Slot Completeness:
   - Each slot must contain exactly one yellow pushpin head facing up; there should be no empty slots nor any slots with two or more items in them

Question to verify: Can you see pushpin in the pushpins?

Look carefully at the image.
Step 1 — Observe: Describe what you see in the image that is directly relevant to this question. Be specific: count visible objects, note their location (left/right/center), and explicitly state if an expected component appears absent or is in the wrong position.
Step 2 — Conclude with exactly one of:
Result: Yes
Result: No
  [RESPONSE]
Step 1: Observe
- The image shows a plastic case with multiple slots, each containing one yellow pushpin.
- There are exactly 15 visible pushpins in the case.

Step 2:
Result: Yes
  [ANSWER] Yes | log_prob=0.0
  [META] {'regex_found': 'Yes', 'pos': 176, 'mapped_to_token_id': 7560, 'decoded_token': ' Yes', 'step': 45, 'raw_prob': 1.0}
  [VOTE] 'Is there exactly one yellow pushpin head facing up in each s' → Yes (Yes=4, No=1)
  [RESULT] anomaly=False score=0.0000
           Image appears normal. All constraints satisfied.

============================================================
Stage 4 | [0] /home/chikibriki/LoqicQA/dataset-ninja/mvtec-loco-ad/test/img/pushpins_good_065.png | gt=good | anomaly_type=None
============================================================

  [Sub-Q 1] MQ: Is there exactly one yellow pushpin head facing up...
  SQ: Is there exactly one yellow pushpin head facing up in each slot?
  [PROMPT]
You are a strict industrial quality control inspector.
Your task is to inspect a pushpins and answer a specific constraint question.

[What a NORMAL pushpins looks like]
1. Components:
   - pushpin

2. Quantities:
   - pushpin: exactly 15

3. Spatial Arrangement:
   - pushpin: center

4. Visual Appearance and Fill Level:
   - pushpin: yellow, round cap with a metal needle
   Relative sizes:
     - pushpin: roughly equal to other components

5. Relational and Proportional Constraints:
   - The pushpins occupy the most space.
   - There are no fixed size ratios between components.

6. Symmetry and Connectivity:
   - Components (pushpins) do not need to be strictly separated or parallel/adjacent unless specified by external constraints like a board layout, which is not shown here.

7. Per-Slot Completeness:
   - Each slot must contain exactly one yellow pushpin head facing up; there should be no empty slots nor any slots with two or more items in them

Question to verify: Is there exactly one yellow pushpin head facing up in each slot?

Look carefully at the image.
Step 1 — Observe: Describe what you see in the image that is directly relevant to this question. Be specific: count visible objects, note their location (left/right/center), and explicitly state if an expected component appears absent or is in the wrong position.
Step 2 — Conclude with exactly one of:
Result: Yes
Result: No
  [RESPONSE]
Step 1: Observe
- The image shows a clear plastic case with multiple slots.
- Each slot contains one yellow pushpin head facing up, except for the top right and bottom left slots which are empty.

Step 2: Conclude

Result: No
  [ANSWER] No | log_prob=0.0
  [META] {'regex_found': 'No', 'pos': 223, 'mapped_to_token_id': 2458, 'decoded_token': ' No', 'step': 53, 'raw_prob': 1.0}

  [Sub-Q 2] MQ: Is there exactly one yellow pushpin head facing up...
  SQ: Are there exactly 15 yellow pushpin heads facing up in the image?
  [PROMPT]
You are a strict industrial quality control inspector.
Your task is to inspect a pushpins and answer a specific constraint question.

[What a NORMAL pushpins looks like]
1. Components:
   - pushpin

2. Quantities:
   - pushpin: exactly 15

3. Spatial Arrangement:
   - pushpin: center

4. Visual Appearance and Fill Level:
   - pushpin: yellow, round cap with a metal needle
   Relative sizes:
     - pushpin: roughly equal to other components

5. Relational and Proportional Constraints:
   - The pushpins occupy the most space.
   - There are no fixed size ratios between components.

6. Symmetry and Connectivity:
   - Components (pushpins) do not need to be strictly separated or parallel/adjacent unless specified by external constraints like a board layout, which is not shown here.

7. Per-Slot Completeness:
   - Each slot must contain exactly one yellow pushpin head facing up; there should be no empty slots nor any slots with two or more items in them

Question to verify: Are there exactly 15 yellow pushpin heads facing up in the image?

Look carefully at the image.
Step 1 — Observe: Describe what you see in the image that is directly relevant to this question. Be specific: count visible objects, note their location (left/right/center), and explicitly state if an expected component appears absent or is in the wrong position.
Step 2 — Conclude with exactly one of:
Result: Yes
Result: No
  [RESPONSE]
Step 1: Observe
- The image shows a clear plastic case with multiple slots.
- Each slot contains one yellow pushpin head facing up, except for the top right and bottom left slots which are empty.

Step 2:
Result: No
  [ANSWER] No | log_prob=0.0
  [META] {'regex_found': 'No', 'pos': 213, 'mapped_to_token_id': 2458, 'decoded_token': ' No', 'step': 50, 'raw_prob': 1.0}

  [Sub-Q 3] MQ: Is there exactly one yellow pushpin head facing up...
  SQ: Is each slot occupied by precisely one upward-facing yellow pushpin head?
  [PROMPT]
You are a strict industrial quality control inspector.
Your task is to inspect a pushpins and answer a specific constraint question.

[What a NORMAL pushpins looks like]
1. Components:
   - pushpin

2. Quantities:
   - pushpin: exactly 15

3. Spatial Arrangement:
   - pushpin: center

4. Visual Appearance and Fill Level:
   - pushpin: yellow, round cap with a metal needle
   Relative sizes:
     - pushpin: roughly equal to other components

5. Relational and Proportional Constraints:
   - The pushpins occupy the most space.
   - There are no fixed size ratios between components.

6. Symmetry and Connectivity:
   - Components (pushpins) do not need to be strictly separated or parallel/adjacent unless specified by external constraints like a board layout, which is not shown here.

7. Per-Slot Completeness:
   - Each slot must contain exactly one yellow pushpin head facing up; there should be no empty slots nor any slots with two or more items in them

Question to verify: Is each slot occupied by precisely one upward-facing yellow pushpin head?

Look carefully at the image.
Step 1 — Observe: Describe what you see in the image that is directly relevant to this question. Be specific: count visible objects, note their location (left/right/center), and explicitly state if an expected component appears absent or is in the wrong position.
Step 2 — Conclude with exactly one of:
Result: Yes
Result: No
  [RESPONSE]
Step 1: Observe
- There are a total of 15 slots.
- Each slot contains one yellow pushpin head facing up.

Step 2:
Result: Yes
  [ANSWER] Yes | log_prob=0.0
  [META] {'regex_found': 'Yes', 'pos': 122, 'mapped_to_token_id': 7560, 'decoded_token': ' Yes', 'step': 35, 'raw_prob': 1.0}

  [Sub-Q 4] MQ: Is there exactly one yellow pushpin head facing up...
  SQ: Does every visible space contain an exact number of yellow pushpins, all oriented upwards?
  [PROMPT]
You are a strict industrial quality control inspector.
Your task is to inspect a pushpins and answer a specific constraint question.

[What a NORMAL pushpins looks like]
1. Components:
   - pushpin

2. Quantities:
   - pushpin: exactly 15

3. Spatial Arrangement:
   - pushpin: center

4. Visual Appearance and Fill Level:
   - pushpin: yellow, round cap with a metal needle
   Relative sizes:
     - pushpin: roughly equal to other components

5. Relational and Proportional Constraints:
   - The pushpins occupy the most space.
   - There are no fixed size ratios between components.

6. Symmetry and Connectivity:
   - Components (pushpins) do not need to be strictly separated or parallel/adjacent unless specified by external constraints like a board layout, which is not shown here.

7. Per-Slot Completeness:
   - Each slot must contain exactly one yellow pushpin head facing up; there should be no empty slots nor any slots with two or more items in them

Question to verify: Does every visible space contain an exact number of yellow pushpins, all oriented upwards?

Look carefully at the image.
Step 1 — Observe: Describe what you see in the image that is directly relevant to this question. Be specific: count visible objects, note their location (left/right/center), and explicitly state if an expected component appears absent or is in the wrong position.
Step 2 — Conclude with exactly one of:
Result: Yes
Result: No
  [RESPONSE]
Step 1: Observe
- The image shows a clear plastic case with multiple compartments.
- Each compartment contains one yellow pushpin head facing upwards, except for the top right and bottom left compartments which are empty.

Step 2:
Result: No
  [ANSWER] No | log_prob=0.0
  [META] {'regex_found': 'No', 'pos': 239, 'mapped_to_token_id': 2458, 'decoded_token': ' No', 'step': 52, 'raw_prob': 1.0}

  [Sub-Q 5] MQ: Is there exactly one yellow pushpin head facing up...
  SQ: Can you see pushpin in the pushpins?
  [PROMPT]
You are a strict industrial quality control inspector.
Your task is to inspect a pushpins and answer a specific constraint question.

[What a NORMAL pushpins looks like]
1. Components:
   - pushpin

2. Quantities:
   - pushpin: exactly 15

3. Spatial Arrangement:
   - pushpin: center

4. Visual Appearance and Fill Level:
   - pushpin: yellow, round cap with a metal needle
   Relative sizes:
     - pushpin: roughly equal to other components

5. Relational and Proportional Constraints:
   - The pushpins occupy the most space.
   - There are no fixed size ratios between components.

6. Symmetry and Connectivity:
   - Components (pushpins) do not need to be strictly separated or parallel/adjacent unless specified by external constraints like a board layout, which is not shown here.

7. Per-Slot Completeness:
   - Each slot must contain exactly one yellow pushpin head facing up; there should be no empty slots nor any slots with two or more items in them

Question to verify: Can you see pushpin in the pushpins?

Look carefully at the image.
Step 1 — Observe: Describe what you see in the image that is directly relevant to this question. Be specific: count visible objects, note their location (left/right/center), and explicitly state if an expected component appears absent or is in the wrong position.
Step 2 — Conclude with exactly one of:
Result: Yes
Result: No
  [RESPONSE]
Step 1: Observe
- There are a total of 15 slots in the image.
- Each slot contains one yellow pushpin head facing up, except for two empty slots (top left and bottom right).
  
Step 2:
Result: Yes
  [ANSWER] Yes | log_prob=0.0
  [META] {'regex_found': 'Yes', 'pos': 193, 'mapped_to_token_id': 7560, 'decoded_token': ' Yes', 'step': 51, 'raw_prob': 1.0}
  [VOTE] 'Is there exactly one yellow pushpin head facing up in each s' → No (Yes=2, No=3)
  [RESULT] anomaly=True score=1.0000
           Logical anomaly detected. Violated constraints:
  - Is there exactly one yellow pushpin head facing up in each slot?

============================================================
Stage 4 | [0] /home/chikibriki/LoqicQA/dataset-ninja/mvtec-loco-ad/test/img/pushpins_good_070.png | gt=good | anomaly_type=None
============================================================

  [Sub-Q 1] MQ: Is there exactly one yellow pushpin head facing up...
  SQ: Is there exactly one yellow pushpin head facing up in each slot?
  [PROMPT]
You are a strict industrial quality control inspector.
Your task is to inspect a pushpins and answer a specific constraint question.

[What a NORMAL pushpins looks like]
1. Components:
   - pushpin

2. Quantities:
   - pushpin: exactly 15

3. Spatial Arrangement:
   - pushpin: center

4. Visual Appearance and Fill Level:
   - pushpin: yellow, round cap with a metal needle
   Relative sizes:
     - pushpin: roughly equal to other components

5. Relational and Proportional Constraints:
   - The pushpins occupy the most space.
   - There are no fixed size ratios between components.

6. Symmetry and Connectivity:
   - Components (pushpins) do not need to be strictly separated or parallel/adjacent unless specified by external constraints like a board layout, which is not shown here.

7. Per-Slot Completeness:
   - Each slot must contain exactly one yellow pushpin head facing up; there should be no empty slots nor any slots with two or more items in them

Question to verify: Is there exactly one yellow pushpin head facing up in each slot?

Look carefully at the image.
Step 1 — Observe: Describe what you see in the image that is directly relevant to this question. Be specific: count visible objects, note their location (left/right/center), and explicitly state if an expected component appears absent or is in the wrong position.
Step 2 — Conclude with exactly one of:
Result: Yes
Result: No
  [RESPONSE]
Step 1: Observe
- The image shows a plastic case with multiple slots.
- Each slot contains one yellow pushpin head facing up, except for the top left and bottom right slots which are empty.

Step 2:
Result: No
  [ANSWER] No | log_prob=0.0
  [META] {'regex_found': 'No', 'pos': 207, 'mapped_to_token_id': 2458, 'decoded_token': ' No', 'step': 49, 'raw_prob': 1.0}

  [Sub-Q 2] MQ: Is there exactly one yellow pushpin head facing up...
  SQ: Are there exactly 15 yellow pushpin heads facing up in the image?
  [PROMPT]
You are a strict industrial quality control inspector.
Your task is to inspect a pushpins and answer a specific constraint question.

[What a NORMAL pushpins looks like]
1. Components:
   - pushpin

2. Quantities:
   - pushpin: exactly 15

3. Spatial Arrangement:
   - pushpin: center

4. Visual Appearance and Fill Level:
   - pushpin: yellow, round cap with a metal needle
   Relative sizes:
     - pushpin: roughly equal to other components

5. Relational and Proportional Constraints:
   - The pushpins occupy the most space.
   - There are no fixed size ratios between components.

6. Symmetry and Connectivity:
   - Components (pushpins) do not need to be strictly separated or parallel/adjacent unless specified by external constraints like a board layout, which is not shown here.

7. Per-Slot Completeness:
   - Each slot must contain exactly one yellow pushpin head facing up; there should be no empty slots nor any slots with two or more items in them

Question to verify: Are there exactly 15 yellow pushpin heads facing up in the image?

Look carefully at the image.
Step 1 — Observe: Describe what you see in the image that is directly relevant to this question. Be specific: count visible objects, note their location (left/right/center), and explicitly state if an expected component appears absent or is in the wrong position.
Step 2 — Conclude with exactly one of:
Result: Yes
Result: No
  [RESPONSE]
Step 1: Observe
- The image shows a plastic case with multiple slots.
- Each slot contains one yellow pushpin head facing up, except for the top left and bottom right corners which are empty.

Step 2:
Result: No
  [ANSWER] No | log_prob=0.0
  [META] {'regex_found': 'No', 'pos': 209, 'mapped_to_token_id': 2458, 'decoded_token': ' No', 'step': 49, 'raw_prob': 1.0}

  [Sub-Q 3] MQ: Is there exactly one yellow pushpin head facing up...
  SQ: Is each slot occupied by precisely one upward-facing yellow pushpin head?
  [PROMPT]
You are a strict industrial quality control inspector.
Your task is to inspect a pushpins and answer a specific constraint question.

[What a NORMAL pushpins looks like]
1. Components:
   - pushpin

2. Quantities:
   - pushpin: exactly 15

3. Spatial Arrangement:
   - pushpin: center

4. Visual Appearance and Fill Level:
   - pushpin: yellow, round cap with a metal needle
   Relative sizes:
     - pushpin: roughly equal to other components

5. Relational and Proportional Constraints:
   - The pushpins occupy the most space.
   - There are no fixed size ratios between components.

6. Symmetry and Connectivity:
   - Components (pushpins) do not need to be strictly separated or parallel/adjacent unless specified by external constraints like a board layout, which is not shown here.

7. Per-Slot Completeness:
   - Each slot must contain exactly one yellow pushpin head facing up; there should be no empty slots nor any slots with two or more items in them

Question to verify: Is each slot occupied by precisely one upward-facing yellow pushpin head?

Look carefully at the image.
Step 1 — Observe: Describe what you see in the image that is directly relevant to this question. Be specific: count visible objects, note their location (left/right/center), and explicitly state if an expected component appears absent or is in the wrong position.
Step 2 — Conclude with exactly one of:
Result: Yes
Result: No
  [RESPONSE]
Step 1: Observe
- The image shows a grid with multiple slots.
- Each slot contains one yellow pushpin head facing up, except for the top-left and bottom-right corners which are empty.

Step 2:
Result: No
  [ANSWER] No | log_prob=0.0
  [META] {'regex_found': 'No', 'pos': 201, 'mapped_to_token_id': 2458, 'decoded_token': ' No', 'step': 48, 'raw_prob': 1.0}

  [Sub-Q 4] MQ: Is there exactly one yellow pushpin head facing up...
  SQ: Does every visible space contain an exact number of yellow pushpins, all oriented upwards?
  [PROMPT]
You are a strict industrial quality control inspector.
Your task is to inspect a pushpins and answer a specific constraint question.

[What a NORMAL pushpins looks like]
1. Components:
   - pushpin

2. Quantities:
   - pushpin: exactly 15

3. Spatial Arrangement:
   - pushpin: center

4. Visual Appearance and Fill Level:
   - pushpin: yellow, round cap with a metal needle
   Relative sizes:
     - pushpin: roughly equal to other components

5. Relational and Proportional Constraints:
   - The pushpins occupy the most space.
   - There are no fixed size ratios between components.

6. Symmetry and Connectivity:
   - Components (pushpins) do not need to be strictly separated or parallel/adjacent unless specified by external constraints like a board layout, which is not shown here.

7. Per-Slot Completeness:
   - Each slot must contain exactly one yellow pushpin head facing up; there should be no empty slots nor any slots with two or more items in them

Question to verify: Does every visible space contain an exact number of yellow pushpins, all oriented upwards?

Look carefully at the image.
Step 1 — Observe: Describe what you see in the image that is directly relevant to this question. Be specific: count visible objects, note their location (left/right/center), and explicitly state if an expected component appears absent or is in the wrong position.
Step 2 — Conclude with exactly one of:
Result: Yes
Result: No
  [RESPONSE]
Step 1: Observe
- The image shows a container with multiple slots.
- Each slot contains one yellow pushpin head facing upwards, except for the top left and bottom right corners which are empty.

Step 2:
Result: No
  [ANSWER] No | log_prob=0.0
  [META] {'regex_found': 'No', 'pos': 211, 'mapped_to_token_id': 2458, 'decoded_token': ' No', 'step': 48, 'raw_prob': 1.0}

  [Sub-Q 5] MQ: Is there exactly one yellow pushpin head facing up...
  SQ: Can you see pushpin in the pushpins?
  [PROMPT]
You are a strict industrial quality control inspector.
Your task is to inspect a pushpins and answer a specific constraint question.

[What a NORMAL pushpins looks like]
1. Components:
   - pushpin

2. Quantities:
   - pushpin: exactly 15

3. Spatial Arrangement:
   - pushpin: center

4. Visual Appearance and Fill Level:
   - pushpin: yellow, round cap with a metal needle
   Relative sizes:
     - pushpin: roughly equal to other components

5. Relational and Proportional Constraints:
   - The pushpins occupy the most space.
   - There are no fixed size ratios between components.

6. Symmetry and Connectivity:
   - Components (pushpins) do not need to be strictly separated or parallel/adjacent unless specified by external constraints like a board layout, which is not shown here.

7. Per-Slot Completeness:
   - Each slot must contain exactly one yellow pushpin head facing up; there should be no empty slots nor any slots with two or more items in them

Question to verify: Can you see pushpin in the pushpins?

Look carefully at the image.
Step 1 — Observe: Describe what you see in the image that is directly relevant to this question. Be specific: count visible objects, note their location (left/right/center), and explicitly state if an expected component appears absent or is in the wrong position.
Step 2 — Conclude with exactly one of:
Result: Yes
Result: No
  [RESPONSE]
Step 1: Observe
- The image shows a plastic container with multiple slots.
- Each slot contains one yellow pushpin head facing up, except for the top left and bottom right corners which are empty.

Step 2:
Result: No
  [ANSWER] No | log_prob=0.0
  [META] {'regex_found': 'No', 'pos': 214, 'mapped_to_token_id': 2458, 'decoded_token': ' No', 'step': 49, 'raw_prob': 1.0}
  [VOTE] 'Is there exactly one yellow pushpin head facing up in each s' → No (Yes=0, No=5)
  [RESULT] anomaly=True score=1.0000
           Logical anomaly detected. Violated constraints:
  - Is there exactly one yellow pushpin head facing up in each slot?

============================================================
Stage 4 | [0] /home/chikibriki/LoqicQA/dataset-ninja/mvtec-loco-ad/test/img/pushpins_good_075.png | gt=good | anomaly_type=None
============================================================

  [Sub-Q 1] MQ: Is there exactly one yellow pushpin head facing up...
  SQ: Is there exactly one yellow pushpin head facing up in each slot?
  [PROMPT]
You are a strict industrial quality control inspector.
Your task is to inspect a pushpins and answer a specific constraint question.

[What a NORMAL pushpins looks like]
1. Components:
   - pushpin

2. Quantities:
   - pushpin: exactly 15

3. Spatial Arrangement:
   - pushpin: center

4. Visual Appearance and Fill Level:
   - pushpin: yellow, round cap with a metal needle
   Relative sizes:
     - pushpin: roughly equal to other components

5. Relational and Proportional Constraints:
   - The pushpins occupy the most space.
   - There are no fixed size ratios between components.

6. Symmetry and Connectivity:
   - Components (pushpins) do not need to be strictly separated or parallel/adjacent unless specified by external constraints like a board layout, which is not shown here.

7. Per-Slot Completeness:
   - Each slot must contain exactly one yellow pushpin head facing up; there should be no empty slots nor any slots with two or more items in them

Question to verify: Is there exactly one yellow pushpin head facing up in each slot?

Look carefully at the image.
Step 1 — Observe: Describe what you see in the image that is directly relevant to this question. Be specific: count visible objects, note their location (left/right/center), and explicitly state if an expected component appears absent or is in the wrong position.
Step 2 — Conclude with exactly one of:
Result: Yes
Result: No
  [RESPONSE]
Step 1: Observe
- The image shows a plastic case with multiple slots, each containing one yellow pushpin.
- Each slot has exactly one head facing up as required.

Step 2:
Result: Yes
  [ANSWER] Yes | log_prob=0.0
  [META] {'regex_found': 'Yes', 'pos': 179, 'mapped_to_token_id': 7560, 'decoded_token': ' Yes', 'step': 43, 'raw_prob': 1.0}

  [Sub-Q 2] MQ: Is there exactly one yellow pushpin head facing up...
  SQ: Are there exactly 15 yellow pushpin heads facing up in the image?
  [PROMPT]
You are a strict industrial quality control inspector.
Your task is to inspect a pushpins and answer a specific constraint question.

[What a NORMAL pushpins looks like]
1. Components:
   - pushpin

2. Quantities:
   - pushpin: exactly 15

3. Spatial Arrangement:
   - pushpin: center

4. Visual Appearance and Fill Level:
   - pushpin: yellow, round cap with a metal needle
   Relative sizes:
     - pushpin: roughly equal to other components

5. Relational and Proportional Constraints:
   - The pushpins occupy the most space.
   - There are no fixed size ratios between components.

6. Symmetry and Connectivity:
   - Components (pushpins) do not need to be strictly separated or parallel/adjacent unless specified by external constraints like a board layout, which is not shown here.

7. Per-Slot Completeness:
   - Each slot must contain exactly one yellow pushpin head facing up; there should be no empty slots nor any slots with two or more items in them

Question to verify: Are there exactly 15 yellow pushpin heads facing up in the image?

Look carefully at the image.
Step 1 — Observe: Describe what you see in the image that is directly relevant to this question. Be specific: count visible objects, note their location (left/right/center), and explicitly state if an expected component appears absent or is in the wrong position.
Step 2 — Conclude with exactly one of:
Result: Yes
Result: No
  [RESPONSE]
Step 1: Observe
- The image shows a plastic case with multiple slots.
- Each slot contains one yellow pushpin head facing up, except for the bottom right and middle left slots which are empty.

Step 2:
Result: No
  [ANSWER] No | log_prob=0.0
  [META] {'regex_found': 'No', 'pos': 210, 'mapped_to_token_id': 2458, 'decoded_token': ' No', 'step': 49, 'raw_prob': 1.0}

  [Sub-Q 3] MQ: Is there exactly one yellow pushpin head facing up...
  SQ: Is each slot occupied by precisely one upward-facing yellow pushpin head?
  [PROMPT]
You are a strict industrial quality control inspector.
Your task is to inspect a pushpins and answer a specific constraint question.

[What a NORMAL pushpins looks like]
1. Components:
   - pushpin

2. Quantities:
   - pushpin: exactly 15

3. Spatial Arrangement:
   - pushpin: center

4. Visual Appearance and Fill Level:
   - pushpin: yellow, round cap with a metal needle
   Relative sizes:
     - pushpin: roughly equal to other components

5. Relational and Proportional Constraints:
   - The pushpins occupy the most space.
   - There are no fixed size ratios between components.

6. Symmetry and Connectivity:
   - Components (pushpins) do not need to be strictly separated or parallel/adjacent unless specified by external constraints like a board layout, which is not shown here.

7. Per-Slot Completeness:
   - Each slot must contain exactly one yellow pushpin head facing up; there should be no empty slots nor any slots with two or more items in them

Question to verify: Is each slot occupied by precisely one upward-facing yellow pushpin head?

Look carefully at the image.
Step 1 — Observe: Describe what you see in the image that is directly relevant to this question. Be specific: count visible objects, note their location (left/right/center), and explicitly state if an expected component appears absent or is in the wrong position.
Step 2 — Conclude with exactly one of:
Result: Yes
Result: No
  [RESPONSE]
Step 1: Observe
- The image shows a container with multiple slots.
- Each slot contains one yellow pushpin head facing up, except for the top left and bottom right slots which are empty.

Step 2:
Result: No
  [ANSWER] No | log_prob=0.0
  [META] {'regex_found': 'No', 'pos': 204, 'mapped_to_token_id': 2458, 'decoded_token': ' No', 'step': 48, 'raw_prob': 1.0}

  [Sub-Q 4] MQ: Is there exactly one yellow pushpin head facing up...
  SQ: Does every visible space contain an exact number of yellow pushpins, all oriented upwards?
  [PROMPT]
You are a strict industrial quality control inspector.
Your task is to inspect a pushpins and answer a specific constraint question.

[What a NORMAL pushpins looks like]
1. Components:
   - pushpin

2. Quantities:
   - pushpin: exactly 15

3. Spatial Arrangement:
   - pushpin: center

4. Visual Appearance and Fill Level:
   - pushpin: yellow, round cap with a metal needle
   Relative sizes:
     - pushpin: roughly equal to other components

5. Relational and Proportional Constraints:
   - The pushpins occupy the most space.
   - There are no fixed size ratios between components.

6. Symmetry and Connectivity:
   - Components (pushpins) do not need to be strictly separated or parallel/adjacent unless specified by external constraints like a board layout, which is not shown here.

7. Per-Slot Completeness:
   - Each slot must contain exactly one yellow pushpin head facing up; there should be no empty slots nor any slots with two or more items in them

Question to verify: Does every visible space contain an exact number of yellow pushpins, all oriented upwards?

Look carefully at the image.
Step 1 — Observe: Describe what you see in the image that is directly relevant to this question. Be specific: count visible objects, note their location (left/right/center), and explicitly state if an expected component appears absent or is in the wrong position.
Step 2 — Conclude with exactly one of:
Result: Yes
Result: No
  [RESPONSE]
Step 1: Observe
- The image shows a plastic case with multiple slots.
- Each slot contains one yellow pushpin head facing upwards, except for the top right and bottom left corners where there are no visible items.

Step 2:
Result: No
  [ANSWER] No | log_prob=0.0
  [META] {'regex_found': 'No', 'pos': 231, 'mapped_to_token_id': 2458, 'decoded_token': ' No', 'step': 52, 'raw_prob': 1.0}

  [Sub-Q 5] MQ: Is there exactly one yellow pushpin head facing up...
  SQ: Can you see pushpin in the pushpins?
  [PROMPT]
You are a strict industrial quality control inspector.
Your task is to inspect a pushpins and answer a specific constraint question.

[What a NORMAL pushpins looks like]
1. Components:
   - pushpin

2. Quantities:
   - pushpin: exactly 15

3. Spatial Arrangement:
   - pushpin: center

4. Visual Appearance and Fill Level:
   - pushpin: yellow, round cap with a metal needle
   Relative sizes:
     - pushpin: roughly equal to other components

5. Relational and Proportional Constraints:
   - The pushpins occupy the most space.
   - There are no fixed size ratios between components.

6. Symmetry and Connectivity:
   - Components (pushpins) do not need to be strictly separated or parallel/adjacent unless specified by external constraints like a board layout, which is not shown here.

7. Per-Slot Completeness:
   - Each slot must contain exactly one yellow pushpin head facing up; there should be no empty slots nor any slots with two or more items in them

Question to verify: Can you see pushpin in the pushpins?

Look carefully at the image.
Step 1 — Observe: Describe what you see in the image that is directly relevant to this question. Be specific: count visible objects, note their location (left/right/center), and explicitly state if an expected component appears absent or is in the wrong position.
Step 2 — Conclude with exactly one of:
Result: Yes
Result: No
  [RESPONSE]
Step 1: Observe
- The image shows a container with multiple slots, each containing one yellow pushpin.
- There are no empty slots or extra items in any of the slots.

Step 2:
Result: Yes
  [ANSWER] Yes | log_prob=0.0
  [META] {'regex_found': 'Yes', 'pos': 183, 'mapped_to_token_id': 7560, 'decoded_token': ' Yes', 'step': 45, 'raw_prob': 1.0}
  [VOTE] 'Is there exactly one yellow pushpin head facing up in each s' → No (Yes=2, No=3)
  [RESULT] anomaly=True score=1.0000
           Logical anomaly detected. Violated constraints:
  - Is there exactly one yellow pushpin head facing up in each slot?

============================================================
Stage 4 | [0] /home/chikibriki/LoqicQA/dataset-ninja/mvtec-loco-ad/test/img/pushpins_good_080.png | gt=good | anomaly_type=None
============================================================

  [Sub-Q 1] MQ: Is there exactly one yellow pushpin head facing up...
  SQ: Is there exactly one yellow pushpin head facing up in each slot?
  [PROMPT]
You are a strict industrial quality control inspector.
Your task is to inspect a pushpins and answer a specific constraint question.

[What a NORMAL pushpins looks like]
1. Components:
   - pushpin

2. Quantities:
   - pushpin: exactly 15

3. Spatial Arrangement:
   - pushpin: center

4. Visual Appearance and Fill Level:
   - pushpin: yellow, round cap with a metal needle
   Relative sizes:
     - pushpin: roughly equal to other components

5. Relational and Proportional Constraints:
   - The pushpins occupy the most space.
   - There are no fixed size ratios between components.

6. Symmetry and Connectivity:
   - Components (pushpins) do not need to be strictly separated or parallel/adjacent unless specified by external constraints like a board layout, which is not shown here.

7. Per-Slot Completeness:
   - Each slot must contain exactly one yellow pushpin head facing up; there should be no empty slots nor any slots with two or more items in them

Question to verify: Is there exactly one yellow pushpin head facing up in each slot?

Look carefully at the image.
Step 1 — Observe: Describe what you see in the image that is directly relevant to this question. Be specific: count visible objects, note their location (left/right/center), and explicitly state if an expected component appears absent or is in the wrong position.
Step 2 — Conclude with exactly one of:
Result: Yes
Result: No
  [RESPONSE]
Step 1: Observe
- There are a total of 15 slots in the container.
- Each slot contains one yellow pushpin head facing up, except for three empty slots.

Step 2:
Result: No
  [ANSWER] No | log_prob=0.0
  [META] {'regex_found': 'No', 'pos': 169, 'mapped_to_token_id': 2458, 'decoded_token': ' No', 'step': 44, 'raw_prob': 1.0}

  [Sub-Q 2] MQ: Is there exactly one yellow pushpin head facing up...
  SQ: Are there exactly 15 yellow pushpin heads facing up in the image?
  [PROMPT]
You are a strict industrial quality control inspector.
Your task is to inspect a pushpins and answer a specific constraint question.

[What a NORMAL pushpins looks like]
1. Components:
   - pushpin

2. Quantities:
   - pushpin: exactly 15

3. Spatial Arrangement:
   - pushpin: center

4. Visual Appearance and Fill Level:
   - pushpin: yellow, round cap with a metal needle
   Relative sizes:
     - pushpin: roughly equal to other components

5. Relational and Proportional Constraints:
   - The pushpins occupy the most space.
   - There are no fixed size ratios between components.

6. Symmetry and Connectivity:
   - Components (pushpins) do not need to be strictly separated or parallel/adjacent unless specified by external constraints like a board layout, which is not shown here.

7. Per-Slot Completeness:
   - Each slot must contain exactly one yellow pushpin head facing up; there should be no empty slots nor any slots with two or more items in them

Question to verify: Are there exactly 15 yellow pushpin heads facing up in the image?

Look carefully at the image.
Step 1 — Observe: Describe what you see in the image that is directly relevant to this question. Be specific: count visible objects, note their location (left/right/center), and explicitly state if an expected component appears absent or is in the wrong position.
Step 2 — Conclude with exactly one of:
Result: Yes
Result: No
  [RESPONSE]
Step 1: Observe
- The image shows a plastic case with multiple slots.
- Each slot contains one yellow pushpin head facing up, except for the top right and bottom left corners which are empty.

Step 2:
Result: No
  [ANSWER] No | log_prob=0.0
  [META] {'regex_found': 'No', 'pos': 209, 'mapped_to_token_id': 2458, 'decoded_token': ' No', 'step': 49, 'raw_prob': 1.0}

  [Sub-Q 3] MQ: Is there exactly one yellow pushpin head facing up...
  SQ: Is each slot occupied by precisely one upward-facing yellow pushpin head?
  [PROMPT]
You are a strict industrial quality control inspector.
Your task is to inspect a pushpins and answer a specific constraint question.

[What a NORMAL pushpins looks like]
1. Components:
   - pushpin

2. Quantities:
   - pushpin: exactly 15

3. Spatial Arrangement:
   - pushpin: center

4. Visual Appearance and Fill Level:
   - pushpin: yellow, round cap with a metal needle
   Relative sizes:
     - pushpin: roughly equal to other components

5. Relational and Proportional Constraints:
   - The pushpins occupy the most space.
   - There are no fixed size ratios between components.

6. Symmetry and Connectivity:
   - Components (pushpins) do not need to be strictly separated or parallel/adjacent unless specified by external constraints like a board layout, which is not shown here.

7. Per-Slot Completeness:
   - Each slot must contain exactly one yellow pushpin head facing up; there should be no empty slots nor any slots with two or more items in them

Question to verify: Is each slot occupied by precisely one upward-facing yellow pushpin head?

Look carefully at the image.
Step 1 — Observe: Describe what you see in the image that is directly relevant to this question. Be specific: count visible objects, note their location (left/right/center), and explicitly state if an expected component appears absent or is in the wrong position.
Step 2 — Conclude with exactly one of:
Result: Yes
Result: No
  [RESPONSE]
Step 1: Observe
- There are a total of 15 slots in the container.
- Each slot contains one yellow pushpin head facing up.

Step 2:
Result: Yes
  [ANSWER] Yes | log_prob=0.0
  [META] {'regex_found': 'Yes', 'pos': 139, 'mapped_to_token_id': 7560, 'decoded_token': ' Yes', 'step': 38, 'raw_prob': 1.0}

  [Sub-Q 4] MQ: Is there exactly one yellow pushpin head facing up...
  SQ: Does every visible space contain an exact number of yellow pushpins, all oriented upwards?
  [PROMPT]
You are a strict industrial quality control inspector.
Your task is to inspect a pushpins and answer a specific constraint question.

[What a NORMAL pushpins looks like]
1. Components:
   - pushpin

2. Quantities:
   - pushpin: exactly 15

3. Spatial Arrangement:
   - pushpin: center

4. Visual Appearance and Fill Level:
   - pushpin: yellow, round cap with a metal needle
   Relative sizes:
     - pushpin: roughly equal to other components

5. Relational and Proportional Constraints:
   - The pushpins occupy the most space.
   - There are no fixed size ratios between components.

6. Symmetry and Connectivity:
   - Components (pushpins) do not need to be strictly separated or parallel/adjacent unless specified by external constraints like a board layout, which is not shown here.

7. Per-Slot Completeness:
   - Each slot must contain exactly one yellow pushpin head facing up; there should be no empty slots nor any slots with two or more items in them

Question to verify: Does every visible space contain an exact number of yellow pushpins, all oriented upwards?

Look carefully at the image.
Step 1 — Observe: Describe what you see in the image that is directly relevant to this question. Be specific: count visible objects, note their location (left/right/center), and explicitly state if an expected component appears absent or is in the wrong position.
Step 2 — Conclude with exactly one of:
Result: Yes
Result: No
  [RESPONSE]
Step 1: Observe
- There are a total of 15 slots.
- Each slot contains one yellow pushpin head facing upwards.

Step 2:
Result: Yes
  [ANSWER] Yes | log_prob=0.0
  [META] {'regex_found': 'Yes', 'pos': 127, 'mapped_to_token_id': 7560, 'decoded_token': ' Yes', 'step': 35, 'raw_prob': 1.0}

  [Sub-Q 5] MQ: Is there exactly one yellow pushpin head facing up...
  SQ: Can you see pushpin in the pushpins?
  [PROMPT]
You are a strict industrial quality control inspector.
Your task is to inspect a pushpins and answer a specific constraint question.

[What a NORMAL pushpins looks like]
1. Components:
   - pushpin

2. Quantities:
   - pushpin: exactly 15

3. Spatial Arrangement:
   - pushpin: center

4. Visual Appearance and Fill Level:
   - pushpin: yellow, round cap with a metal needle
   Relative sizes:
     - pushpin: roughly equal to other components

5. Relational and Proportional Constraints:
   - The pushpins occupy the most space.
   - There are no fixed size ratios between components.

6. Symmetry and Connectivity:
   - Components (pushpins) do not need to be strictly separated or parallel/adjacent unless specified by external constraints like a board layout, which is not shown here.

7. Per-Slot Completeness:
   - Each slot must contain exactly one yellow pushpin head facing up; there should be no empty slots nor any slots with two or more items in them

Question to verify: Can you see pushpin in the pushpins?

Look carefully at the image.
Step 1 — Observe: Describe what you see in the image that is directly relevant to this question. Be specific: count visible objects, note their location (left/right/center), and explicitly state if an expected component appears absent or is in the wrong position.
Step 2 — Conclude with exactly one of:
Result: Yes
Result: No
  [RESPONSE]
Step 1: Observation
- The image shows a plastic case with multiple slots.
- Each slot contains one yellow pushpin head facing up, except for the top left and bottom right slots which are empty.

Step 2: Conclusion 
Result: No
  [ANSWER] No | log_prob=0.0
  [META] {'regex_found': 'No', 'pos': 223, 'mapped_to_token_id': 2458, 'decoded_token': ' No', 'step': 52, 'raw_prob': 1.0}
  [VOTE] 'Is there exactly one yellow pushpin head facing up in each s' → No (Yes=2, No=3)
  [RESULT] anomaly=True score=1.0000
           Logical anomaly detected. Violated constraints:
  - Is there exactly one yellow pushpin head facing up in each slot?

============================================================
Stage 4 | [0] /home/chikibriki/LoqicQA/dataset-ninja/mvtec-loco-ad/test/img/pushpins_good_085.png | gt=good | anomaly_type=None
============================================================

  [Sub-Q 1] MQ: Is there exactly one yellow pushpin head facing up...
  SQ: Is there exactly one yellow pushpin head facing up in each slot?
  [PROMPT]
You are a strict industrial quality control inspector.
Your task is to inspect a pushpins and answer a specific constraint question.

[What a NORMAL pushpins looks like]
1. Components:
   - pushpin

2. Quantities:
   - pushpin: exactly 15

3. Spatial Arrangement:
   - pushpin: center

4. Visual Appearance and Fill Level:
   - pushpin: yellow, round cap with a metal needle
   Relative sizes:
     - pushpin: roughly equal to other components

5. Relational and Proportional Constraints:
   - The pushpins occupy the most space.
   - There are no fixed size ratios between components.

6. Symmetry and Connectivity:
   - Components (pushpins) do not need to be strictly separated or parallel/adjacent unless specified by external constraints like a board layout, which is not shown here.

7. Per-Slot Completeness:
   - Each slot must contain exactly one yellow pushpin head facing up; there should be no empty slots nor any slots with two or more items in them

Question to verify: Is there exactly one yellow pushpin head facing up in each slot?

Look carefully at the image.
Step 1 — Observe: Describe what you see in the image that is directly relevant to this question. Be specific: count visible objects, note their location (left/right/center), and explicitly state if an expected component appears absent or is in the wrong position.
Step 2 — Conclude with exactly one of:
Result: Yes
Result: No
  [RESPONSE]
Step 1: Observe
- The image shows a grid with multiple slots.
- Each slot contains one yellow pushpin head facing up.

Step 2:
Result: Yes
  [ANSWER] Yes | log_prob=0.0
  [META] {'regex_found': 'Yes', 'pos': 135, 'mapped_to_token_id': 7560, 'decoded_token': ' Yes', 'step': 35, 'raw_prob': 1.0}

  [Sub-Q 2] MQ: Is there exactly one yellow pushpin head facing up...
  SQ: Are there exactly 15 yellow pushpin heads facing up in the image?
  [PROMPT]
You are a strict industrial quality control inspector.
Your task is to inspect a pushpins and answer a specific constraint question.

[What a NORMAL pushpins looks like]
1. Components:
   - pushpin

2. Quantities:
   - pushpin: exactly 15

3. Spatial Arrangement:
   - pushpin: center

4. Visual Appearance and Fill Level:
   - pushpin: yellow, round cap with a metal needle
   Relative sizes:
     - pushpin: roughly equal to other components

5. Relational and Proportional Constraints:
   - The pushpins occupy the most space.
   - There are no fixed size ratios between components.

6. Symmetry and Connectivity:
   - Components (pushpins) do not need to be strictly separated or parallel/adjacent unless specified by external constraints like a board layout, which is not shown here.

7. Per-Slot Completeness:
   - Each slot must contain exactly one yellow pushpin head facing up; there should be no empty slots nor any slots with two or more items in them

Question to verify: Are there exactly 15 yellow pushpin heads facing up in the image?

Look carefully at the image.
Step 1 — Observe: Describe what you see in the image that is directly relevant to this question. Be specific: count visible objects, note their location (left/right/center), and explicitly state if an expected component appears absent or is in the wrong position.
Step 2 — Conclude with exactly one of:
Result: Yes
Result: No
  [RESPONSE]
Step 1: Observe
- The image shows a grid with multiple slots.
- Each slot contains one yellow pushpin head facing up, except for the top left and bottom right corners which are empty.

Step 2:
Result: No
  [ANSWER] No | log_prob=0.0
  [META] {'regex_found': 'No', 'pos': 201, 'mapped_to_token_id': 2458, 'decoded_token': ' No', 'step': 48, 'raw_prob': 1.0}

  [Sub-Q 3] MQ: Is there exactly one yellow pushpin head facing up...
  SQ: Is each slot occupied by precisely one upward-facing yellow pushpin head?
  [PROMPT]
You are a strict industrial quality control inspector.
Your task is to inspect a pushpins and answer a specific constraint question.

[What a NORMAL pushpins looks like]
1. Components:
   - pushpin

2. Quantities:
   - pushpin: exactly 15

3. Spatial Arrangement:
   - pushpin: center

4. Visual Appearance and Fill Level:
   - pushpin: yellow, round cap with a metal needle
   Relative sizes:
     - pushpin: roughly equal to other components

5. Relational and Proportional Constraints:
   - The pushpins occupy the most space.
   - There are no fixed size ratios between components.

6. Symmetry and Connectivity:
   - Components (pushpins) do not need to be strictly separated or parallel/adjacent unless specified by external constraints like a board layout, which is not shown here.

7. Per-Slot Completeness:
   - Each slot must contain exactly one yellow pushpin head facing up; there should be no empty slots nor any slots with two or more items in them

Question to verify: Is each slot occupied by precisely one upward-facing yellow pushpin head?

Look carefully at the image.
Step 1 — Observe: Describe what you see in the image that is directly relevant to this question. Be specific: count visible objects, note their location (left/right/center), and explicitly state if an expected component appears absent or is in the wrong position.
Step 2 — Conclude with exactly one of:
Result: Yes
Result: No
  [RESPONSE]
Step 1: Observe
- The image shows a grid with multiple slots.
- Each slot contains one yellow pushpin head facing up, except for the top left and bottom right corners which are empty.

Step 2:
Result: No
  [ANSWER] No | log_prob=0.0
  [META] {'regex_found': 'No', 'pos': 201, 'mapped_to_token_id': 2458, 'decoded_token': ' No', 'step': 48, 'raw_prob': 1.0}

  [Sub-Q 4] MQ: Is there exactly one yellow pushpin head facing up...
  SQ: Does every visible space contain an exact number of yellow pushpins, all oriented upwards?
  [PROMPT]
You are a strict industrial quality control inspector.
Your task is to inspect a pushpins and answer a specific constraint question.

[What a NORMAL pushpins looks like]
1. Components:
   - pushpin

2. Quantities:
   - pushpin: exactly 15

3. Spatial Arrangement:
   - pushpin: center

4. Visual Appearance and Fill Level:
   - pushpin: yellow, round cap with a metal needle
   Relative sizes:
     - pushpin: roughly equal to other components

5. Relational and Proportional Constraints:
   - The pushpins occupy the most space.
   - There are no fixed size ratios between components.

6. Symmetry and Connectivity:
   - Components (pushpins) do not need to be strictly separated or parallel/adjacent unless specified by external constraints like a board layout, which is not shown here.

7. Per-Slot Completeness:
   - Each slot must contain exactly one yellow pushpin head facing up; there should be no empty slots nor any slots with two or more items in them

Question to verify: Does every visible space contain an exact number of yellow pushpins, all oriented upwards?

Look carefully at the image.
Step 1 — Observe: Describe what you see in the image that is directly relevant to this question. Be specific: count visible objects, note their location (left/right/center), and explicitly state if an expected component appears absent or is in the wrong position.
Step 2 — Conclude with exactly one of:
Result: Yes
Result: No
  [RESPONSE]
Step 1: Observe
- The image shows a grid with multiple compartments.
- Each compartment contains one yellow pushpin head facing upwards.

Step 2:
Result: Yes
  [ANSWER] Yes | log_prob=0.0
  [META] {'regex_found': 'Yes', 'pos': 154, 'mapped_to_token_id': 7560, 'decoded_token': ' Yes', 'step': 36, 'raw_prob': 1.0}

  [Sub-Q 5] MQ: Is there exactly one yellow pushpin head facing up...
  SQ: Can you see pushpin in the pushpins?
  [PROMPT]
You are a strict industrial quality control inspector.
Your task is to inspect a pushpins and answer a specific constraint question.

[What a NORMAL pushpins looks like]
1. Components:
   - pushpin

2. Quantities:
   - pushpin: exactly 15

3. Spatial Arrangement:
   - pushpin: center

4. Visual Appearance and Fill Level:
   - pushpin: yellow, round cap with a metal needle
   Relative sizes:
     - pushpin: roughly equal to other components

5. Relational and Proportional Constraints:
   - The pushpins occupy the most space.
   - There are no fixed size ratios between components.

6. Symmetry and Connectivity:
   - Components (pushpins) do not need to be strictly separated or parallel/adjacent unless specified by external constraints like a board layout, which is not shown here.

7. Per-Slot Completeness:
   - Each slot must contain exactly one yellow pushpin head facing up; there should be no empty slots nor any slots with two or more items in them

Question to verify: Can you see pushpin in the pushpins?

Look carefully at the image.
Step 1 — Observe: Describe what you see in the image that is directly relevant to this question. Be specific: count visible objects, note their location (left/right/center), and explicitly state if an expected component appears absent or is in the wrong position.
Step 2 — Conclude with exactly one of:
Result: Yes
Result: No
  [RESPONSE]
Step 1: Observe
- The image shows a plastic case with multiple slots.
- Each slot contains one yellow pushpin head facing up, except for the top left and bottom right corners which are empty.

Step 2:
Result: No
  [ANSWER] No | log_prob=0.0
  [META] {'regex_found': 'No', 'pos': 209, 'mapped_to_token_id': 2458, 'decoded_token': ' No', 'step': 49, 'raw_prob': 1.0}
  [VOTE] 'Is there exactly one yellow pushpin head facing up in each s' → No (Yes=2, No=3)
  [RESULT] anomaly=True score=1.0000
           Logical anomaly detected. Violated constraints:
  - Is there exactly one yellow pushpin head facing up in each slot?

============================================================
Stage 4 | [0] /home/chikibriki/LoqicQA/dataset-ninja/mvtec-loco-ad/test/img/pushpins_good_090.png | gt=good | anomaly_type=None
============================================================

  [Sub-Q 1] MQ: Is there exactly one yellow pushpin head facing up...
  SQ: Is there exactly one yellow pushpin head facing up in each slot?
  [PROMPT]
You are a strict industrial quality control inspector.
Your task is to inspect a pushpins and answer a specific constraint question.

[What a NORMAL pushpins looks like]
1. Components:
   - pushpin

2. Quantities:
   - pushpin: exactly 15

3. Spatial Arrangement:
   - pushpin: center

4. Visual Appearance and Fill Level:
   - pushpin: yellow, round cap with a metal needle
   Relative sizes:
     - pushpin: roughly equal to other components

5. Relational and Proportional Constraints:
   - The pushpins occupy the most space.
   - There are no fixed size ratios between components.

6. Symmetry and Connectivity:
   - Components (pushpins) do not need to be strictly separated or parallel/adjacent unless specified by external constraints like a board layout, which is not shown here.

7. Per-Slot Completeness:
   - Each slot must contain exactly one yellow pushpin head facing up; there should be no empty slots nor any slots with two or more items in them

Question to verify: Is there exactly one yellow pushpin head facing up in each slot?

Look carefully at the image.
Step 1 — Observe: Describe what you see in the image that is directly relevant to this question. Be specific: count visible objects, note their location (left/right/center), and explicitly state if an expected component appears absent or is in the wrong position.
Step 2 — Conclude with exactly one of:
Result: Yes
Result: No
  [RESPONSE]
Step 1: Observe
- There are a total of 15 slots.
- Each slot contains one yellow pushpin head facing up, except for the bottom left and top right corners which appear to be empty.

Step 2:
Result: No
  [ANSWER] No | log_prob=0.0
  [META] {'regex_found': 'No', 'pos': 197, 'mapped_to_token_id': 2458, 'decoded_token': ' No', 'step': 50, 'raw_prob': 1.0}

  [Sub-Q 2] MQ: Is there exactly one yellow pushpin head facing up...
  SQ: Are there exactly 15 yellow pushpin heads facing up in the image?
  [PROMPT]
You are a strict industrial quality control inspector.
Your task is to inspect a pushpins and answer a specific constraint question.

[What a NORMAL pushpins looks like]
1. Components:
   - pushpin

2. Quantities:
   - pushpin: exactly 15

3. Spatial Arrangement:
   - pushpin: center

4. Visual Appearance and Fill Level:
   - pushpin: yellow, round cap with a metal needle
   Relative sizes:
     - pushpin: roughly equal to other components

5. Relational and Proportional Constraints:
   - The pushpins occupy the most space.
   - There are no fixed size ratios between components.

6. Symmetry and Connectivity:
   - Components (pushpins) do not need to be strictly separated or parallel/adjacent unless specified by external constraints like a board layout, which is not shown here.

7. Per-Slot Completeness:
   - Each slot must contain exactly one yellow pushpin head facing up; there should be no empty slots nor any slots with two or more items in them

Question to verify: Are there exactly 15 yellow pushpin heads facing up in the image?

Look carefully at the image.
Step 1 — Observe: Describe what you see in the image that is directly relevant to this question. Be specific: count visible objects, note their location (left/right/center), and explicitly state if an expected component appears absent or is in the wrong position.
Step 2 — Conclude with exactly one of:
Result: Yes
Result: No
  [RESPONSE]
Step 1: Observe
- The image shows a plastic case with multiple slots.
- Each slot contains one yellow pushpin head facing up, except for the bottom left and top right corners which are empty.

Step 2:
Result: No
  [ANSWER] No | log_prob=0.0
  [META] {'regex_found': 'No', 'pos': 209, 'mapped_to_token_id': 2458, 'decoded_token': ' No', 'step': 49, 'raw_prob': 1.0}

  [Sub-Q 3] MQ: Is there exactly one yellow pushpin head facing up...
  SQ: Is each slot occupied by precisely one upward-facing yellow pushpin head?
  [PROMPT]
You are a strict industrial quality control inspector.
Your task is to inspect a pushpins and answer a specific constraint question.

[What a NORMAL pushpins looks like]
1. Components:
   - pushpin

2. Quantities:
   - pushpin: exactly 15

3. Spatial Arrangement:
   - pushpin: center

4. Visual Appearance and Fill Level:
   - pushpin: yellow, round cap with a metal needle
   Relative sizes:
     - pushpin: roughly equal to other components

5. Relational and Proportional Constraints:
   - The pushpins occupy the most space.
   - There are no fixed size ratios between components.

6. Symmetry and Connectivity:
   - Components (pushpins) do not need to be strictly separated or parallel/adjacent unless specified by external constraints like a board layout, which is not shown here.

7. Per-Slot Completeness:
   - Each slot must contain exactly one yellow pushpin head facing up; there should be no empty slots nor any slots with two or more items in them

Question to verify: Is each slot occupied by precisely one upward-facing yellow pushpin head?

Look carefully at the image.
Step 1 — Observe: Describe what you see in the image that is directly relevant to this question. Be specific: count visible objects, note their location (left/right/center), and explicitly state if an expected component appears absent or is in the wrong position.
Step 2 — Conclude with exactly one of:
Result: Yes
Result: No
  [RESPONSE]
Step 1: Observe
- There are a total of 15 slots.
- Each slot contains one yellow pushpin head facing up, except for the bottom left and middle right slots which appear to be empty.

Step 2:
Result: No
  [ANSWER] No | log_prob=0.0
  [META] {'regex_found': 'No', 'pos': 198, 'mapped_to_token_id': 2458, 'decoded_token': ' No', 'step': 50, 'raw_prob': 1.0}

  [Sub-Q 4] MQ: Is there exactly one yellow pushpin head facing up...
  SQ: Does every visible space contain an exact number of yellow pushpins, all oriented upwards?
  [PROMPT]
You are a strict industrial quality control inspector.
Your task is to inspect a pushpins and answer a specific constraint question.

[What a NORMAL pushpins looks like]
1. Components:
   - pushpin

2. Quantities:
   - pushpin: exactly 15

3. Spatial Arrangement:
   - pushpin: center

4. Visual Appearance and Fill Level:
   - pushpin: yellow, round cap with a metal needle
   Relative sizes:
     - pushpin: roughly equal to other components

5. Relational and Proportional Constraints:
   - The pushpins occupy the most space.
   - There are no fixed size ratios between components.

6. Symmetry and Connectivity:
   - Components (pushpins) do not need to be strictly separated or parallel/adjacent unless specified by external constraints like a board layout, which is not shown here.

7. Per-Slot Completeness:
   - Each slot must contain exactly one yellow pushpin head facing up; there should be no empty slots nor any slots with two or more items in them

Question to verify: Does every visible space contain an exact number of yellow pushpins, all oriented upwards?

Look carefully at the image.
Step 1 — Observe: Describe what you see in the image that is directly relevant to this question. Be specific: count visible objects, note their location (left/right/center), and explicitly state if an expected component appears absent or is in the wrong position.
Step 2 — Conclude with exactly one of:
Result: Yes
Result: No
  [RESPONSE]
Step 1: Observe
- The image shows a clear plastic case with multiple compartments.
- Each compartment contains one yellow pushpin head facing upwards, except for the bottom left and middle right compartments which are empty.

Step 2:
Result: No
  [ANSWER] No | log_prob=0.0
  [META] {'regex_found': 'No', 'pos': 242, 'mapped_to_token_id': 2458, 'decoded_token': ' No', 'step': 52, 'raw_prob': 1.0}

  [Sub-Q 5] MQ: Is there exactly one yellow pushpin head facing up...
  SQ: Can you see pushpin in the pushpins?
  [PROMPT]
You are a strict industrial quality control inspector.
Your task is to inspect a pushpins and answer a specific constraint question.

[What a NORMAL pushpins looks like]
1. Components:
   - pushpin

2. Quantities:
   - pushpin: exactly 15

3. Spatial Arrangement:
   - pushpin: center

4. Visual Appearance and Fill Level:
   - pushpin: yellow, round cap with a metal needle
   Relative sizes:
     - pushpin: roughly equal to other components

5. Relational and Proportional Constraints:
   - The pushpins occupy the most space.
   - There are no fixed size ratios between components.

6. Symmetry and Connectivity:
   - Components (pushpins) do not need to be strictly separated or parallel/adjacent unless specified by external constraints like a board layout, which is not shown here.

7. Per-Slot Completeness:
   - Each slot must contain exactly one yellow pushpin head facing up; there should be no empty slots nor any slots with two or more items in them

Question to verify: Can you see pushpin in the pushpins?

Look carefully at the image.
Step 1 — Observe: Describe what you see in the image that is directly relevant to this question. Be specific: count visible objects, note their location (left/right/center), and explicitly state if an expected component appears absent or is in the wrong position.
Step 2 — Conclude with exactly one of:
Result: Yes
Result: No
  [RESPONSE]
Step 1: Observe
- The image shows a plastic case with multiple slots.
- Each slot contains one yellow pushpin head facing up, except for the bottom left and middle right slots which are empty.

Step 2:
Result: No
  [ANSWER] No | log_prob=0.0
  [META] {'regex_found': 'No', 'pos': 210, 'mapped_to_token_id': 2458, 'decoded_token': ' No', 'step': 49, 'raw_prob': 1.0}
  [VOTE] 'Is there exactly one yellow pushpin head facing up in each s' → No (Yes=0, No=5)
  [RESULT] anomaly=True score=1.0000
           Logical anomaly detected. Violated constraints:
  - Is there exactly one yellow pushpin head facing up in each slot?

============================================================
Stage 4 | [0] /home/chikibriki/LoqicQA/dataset-ninja/mvtec-loco-ad/test/img/pushpins_good_095.png | gt=good | anomaly_type=None
============================================================

  [Sub-Q 1] MQ: Is there exactly one yellow pushpin head facing up...
  SQ: Is there exactly one yellow pushpin head facing up in each slot?
  [PROMPT]
You are a strict industrial quality control inspector.
Your task is to inspect a pushpins and answer a specific constraint question.

[What a NORMAL pushpins looks like]
1. Components:
   - pushpin

2. Quantities:
   - pushpin: exactly 15

3. Spatial Arrangement:
   - pushpin: center

4. Visual Appearance and Fill Level:
   - pushpin: yellow, round cap with a metal needle
   Relative sizes:
     - pushpin: roughly equal to other components

5. Relational and Proportional Constraints:
   - The pushpins occupy the most space.
   - There are no fixed size ratios between components.

6. Symmetry and Connectivity:
   - Components (pushpins) do not need to be strictly separated or parallel/adjacent unless specified by external constraints like a board layout, which is not shown here.

7. Per-Slot Completeness:
   - Each slot must contain exactly one yellow pushpin head facing up; there should be no empty slots nor any slots with two or more items in them

Question to verify: Is there exactly one yellow pushpin head facing up in each slot?

Look carefully at the image.
Step 1 — Observe: Describe what you see in the image that is directly relevant to this question. Be specific: count visible objects, note their location (left/right/center), and explicitly state if an expected component appears absent or is in the wrong position.
Step 2 — Conclude with exactly one of:
Result: Yes
Result: No
  [RESPONSE]
Step 1: Observe
- There are a total of 15 slots.
- Each slot contains one yellow pushpin head facing up.

Step 2:
Result: Yes
  [ANSWER] Yes | log_prob=0.0
  [META] {'regex_found': 'Yes', 'pos': 122, 'mapped_to_token_id': 7560, 'decoded_token': ' Yes', 'step': 35, 'raw_prob': 1.0}

  [Sub-Q 2] MQ: Is there exactly one yellow pushpin head facing up...
  SQ: Are there exactly 15 yellow pushpin heads facing up in the image?
  [PROMPT]
You are a strict industrial quality control inspector.
Your task is to inspect a pushpins and answer a specific constraint question.

[What a NORMAL pushpins looks like]
1. Components:
   - pushpin

2. Quantities:
   - pushpin: exactly 15

3. Spatial Arrangement:
   - pushpin: center

4. Visual Appearance and Fill Level:
   - pushpin: yellow, round cap with a metal needle
   Relative sizes:
     - pushpin: roughly equal to other components

5. Relational and Proportional Constraints:
   - The pushpins occupy the most space.
   - There are no fixed size ratios between components.

6. Symmetry and Connectivity:
   - Components (pushpins) do not need to be strictly separated or parallel/adjacent unless specified by external constraints like a board layout, which is not shown here.

7. Per-Slot Completeness:
   - Each slot must contain exactly one yellow pushpin head facing up; there should be no empty slots nor any slots with two or more items in them

Question to verify: Are there exactly 15 yellow pushpin heads facing up in the image?

Look carefully at the image.
Step 1 — Observe: Describe what you see in the image that is directly relevant to this question. Be specific: count visible objects, note their location (left/right/center), and explicitly state if an expected component appears absent or is in the wrong position.
Step 2 — Conclude with exactly one of:
Result: Yes
Result: No
  [RESPONSE]
Step 1: Observe
- The image shows a grid with multiple slots.
- Each slot contains one yellow pushpin head facing up, except for the top right and bottom left corners which are empty.

Step 2:
Result: No
  [ANSWER] No | log_prob=0.0
  [META] {'regex_found': 'No', 'pos': 201, 'mapped_to_token_id': 2458, 'decoded_token': ' No', 'step': 48, 'raw_prob': 1.0}

  [Sub-Q 3] MQ: Is there exactly one yellow pushpin head facing up...
  SQ: Is each slot occupied by precisely one upward-facing yellow pushpin head?
  [PROMPT]
You are a strict industrial quality control inspector.
Your task is to inspect a pushpins and answer a specific constraint question.

[What a NORMAL pushpins looks like]
1. Components:
   - pushpin

2. Quantities:
   - pushpin: exactly 15

3. Spatial Arrangement:
   - pushpin: center

4. Visual Appearance and Fill Level:
   - pushpin: yellow, round cap with a metal needle
   Relative sizes:
     - pushpin: roughly equal to other components

5. Relational and Proportional Constraints:
   - The pushpins occupy the most space.
   - There are no fixed size ratios between components.

6. Symmetry and Connectivity:
   - Components (pushpins) do not need to be strictly separated or parallel/adjacent unless specified by external constraints like a board layout, which is not shown here.

7. Per-Slot Completeness:
   - Each slot must contain exactly one yellow pushpin head facing up; there should be no empty slots nor any slots with two or more items in them

Question to verify: Is each slot occupied by precisely one upward-facing yellow pushpin head?

Look carefully at the image.
Step 1 — Observe: Describe what you see in the image that is directly relevant to this question. Be specific: count visible objects, note their location (left/right/center), and explicitly state if an expected component appears absent or is in the wrong position.
Step 2 — Conclude with exactly one of:
Result: Yes
Result: No
  [RESPONSE]
Step 1: Observe
- There are a total of 15 slots in the image.
- Each slot contains one yellow pushpin head facing up.

Step 2:
Result: Yes
  [ANSWER] Yes | log_prob=0.0
  [META] {'regex_found': 'Yes', 'pos': 135, 'mapped_to_token_id': 7560, 'decoded_token': ' Yes', 'step': 38, 'raw_prob': 1.0}

  [Sub-Q 4] MQ: Is there exactly one yellow pushpin head facing up...
  SQ: Does every visible space contain an exact number of yellow pushpins, all oriented upwards?
  [PROMPT]
You are a strict industrial quality control inspector.
Your task is to inspect a pushpins and answer a specific constraint question.

[What a NORMAL pushpins looks like]
1. Components:
   - pushpin

2. Quantities:
   - pushpin: exactly 15

3. Spatial Arrangement:
   - pushpin: center

4. Visual Appearance and Fill Level:
   - pushpin: yellow, round cap with a metal needle
   Relative sizes:
     - pushpin: roughly equal to other components

5. Relational and Proportional Constraints:
   - The pushpins occupy the most space.
   - There are no fixed size ratios between components.

6. Symmetry and Connectivity:
   - Components (pushpins) do not need to be strictly separated or parallel/adjacent unless specified by external constraints like a board layout, which is not shown here.

7. Per-Slot Completeness:
   - Each slot must contain exactly one yellow pushpin head facing up; there should be no empty slots nor any slots with two or more items in them

Question to verify: Does every visible space contain an exact number of yellow pushpins, all oriented upwards?

Look carefully at the image.
Step 1 — Observe: Describe what you see in the image that is directly relevant to this question. Be specific: count visible objects, note their location (left/right/center), and explicitly state if an expected component appears absent or is in the wrong position.
Step 2 — Conclude with exactly one of:
Result: Yes
Result: No
  [RESPONSE]
Step 1: Observe
- The image shows a clear plastic case with multiple compartments.
- Each compartment contains one yellow pushpin head facing upwards, except for the top right and bottom left compartments which are empty.

Step 2:
Result: No
  [ANSWER] No | log_prob=0.0
  [META] {'regex_found': 'No', 'pos': 239, 'mapped_to_token_id': 2458, 'decoded_token': ' No', 'step': 52, 'raw_prob': 1.0}

  [Sub-Q 5] MQ: Is there exactly one yellow pushpin head facing up...
  SQ: Can you see pushpin in the pushpins?
  [PROMPT]
You are a strict industrial quality control inspector.
Your task is to inspect a pushpins and answer a specific constraint question.

[What a NORMAL pushpins looks like]
1. Components:
   - pushpin

2. Quantities:
   - pushpin: exactly 15

3. Spatial Arrangement:
   - pushpin: center

4. Visual Appearance and Fill Level:
   - pushpin: yellow, round cap with a metal needle
   Relative sizes:
     - pushpin: roughly equal to other components

5. Relational and Proportional Constraints:
   - The pushpins occupy the most space.
   - There are no fixed size ratios between components.

6. Symmetry and Connectivity:
   - Components (pushpins) do not need to be strictly separated or parallel/adjacent unless specified by external constraints like a board layout, which is not shown here.

7. Per-Slot Completeness:
   - Each slot must contain exactly one yellow pushpin head facing up; there should be no empty slots nor any slots with two or more items in them

Question to verify: Can you see pushpin in the pushpins?

Look carefully at the image.
Step 1 — Observe: Describe what you see in the image that is directly relevant to this question. Be specific: count visible objects, note their location (left/right/center), and explicitly state if an expected component appears absent or is in the wrong position.
Step 2 — Conclude with exactly one of:
Result: Yes
Result: No
  [RESPONSE]
Step 1: Observe
- There are a total of 15 slots.
- Each slot contains exactly one yellow pushpin head facing up.

Step 2:
Result: Yes
  [ANSWER] Yes | log_prob=0.0
  [META] {'regex_found': 'Yes', 'pos': 130, 'mapped_to_token_id': 7560, 'decoded_token': ' Yes', 'step': 36, 'raw_prob': 1.0}
  [VOTE] 'Is there exactly one yellow pushpin head facing up in each s' → Yes (Yes=3, No=2)
  [RESULT] anomaly=False score=0.0000
           Image appears normal. All constraints satisfied.

============================================================
Stage 4 | [0] /home/chikibriki/LoqicQA/dataset-ninja/mvtec-loco-ad/test/img/pushpins_good_100.png | gt=good | anomaly_type=None
============================================================

  [Sub-Q 1] MQ: Is there exactly one yellow pushpin head facing up...
  SQ: Is there exactly one yellow pushpin head facing up in each slot?
  [PROMPT]
You are a strict industrial quality control inspector.
Your task is to inspect a pushpins and answer a specific constraint question.

[What a NORMAL pushpins looks like]
1. Components:
   - pushpin

2. Quantities:
   - pushpin: exactly 15

3. Spatial Arrangement:
   - pushpin: center

4. Visual Appearance and Fill Level:
   - pushpin: yellow, round cap with a metal needle
   Relative sizes:
     - pushpin: roughly equal to other components

5. Relational and Proportional Constraints:
   - The pushpins occupy the most space.
   - There are no fixed size ratios between components.

6. Symmetry and Connectivity:
   - Components (pushpins) do not need to be strictly separated or parallel/adjacent unless specified by external constraints like a board layout, which is not shown here.

7. Per-Slot Completeness:
   - Each slot must contain exactly one yellow pushpin head facing up; there should be no empty slots nor any slots with two or more items in them

Question to verify: Is there exactly one yellow pushpin head facing up in each slot?

Look carefully at the image.
Step 1 — Observe: Describe what you see in the image that is directly relevant to this question. Be specific: count visible objects, note their location (left/right/center), and explicitly state if an expected component appears absent or is in the wrong position.
Step 2 — Conclude with exactly one of:
Result: Yes
Result: No
  [RESPONSE]
Step 1: Observe
- The image shows a clear plastic case with multiple slots.
- Each slot contains one yellow pushpin head facing up, except for the top right and bottom left slots which are empty.

Step 2: Conclude

Result: No
  [ANSWER] No | log_prob=0.0
  [META] {'regex_found': 'No', 'pos': 223, 'mapped_to_token_id': 2458, 'decoded_token': ' No', 'step': 53, 'raw_prob': 1.0}

  [Sub-Q 2] MQ: Is there exactly one yellow pushpin head facing up...
  SQ: Are there exactly 15 yellow pushpin heads facing up in the image?
  [PROMPT]
You are a strict industrial quality control inspector.
Your task is to inspect a pushpins and answer a specific constraint question.

[What a NORMAL pushpins looks like]
1. Components:
   - pushpin

2. Quantities:
   - pushpin: exactly 15

3. Spatial Arrangement:
   - pushpin: center

4. Visual Appearance and Fill Level:
   - pushpin: yellow, round cap with a metal needle
   Relative sizes:
     - pushpin: roughly equal to other components

5. Relational and Proportional Constraints:
   - The pushpins occupy the most space.
   - There are no fixed size ratios between components.

6. Symmetry and Connectivity:
   - Components (pushpins) do not need to be strictly separated or parallel/adjacent unless specified by external constraints like a board layout, which is not shown here.

7. Per-Slot Completeness:
   - Each slot must contain exactly one yellow pushpin head facing up; there should be no empty slots nor any slots with two or more items in them

Question to verify: Are there exactly 15 yellow pushpin heads facing up in the image?

Look carefully at the image.
Step 1 — Observe: Describe what you see in the image that is directly relevant to this question. Be specific: count visible objects, note their location (left/right/center), and explicitly state if an expected component appears absent or is in the wrong position.
Step 2 — Conclude with exactly one of:
Result: Yes
Result: No
  [RESPONSE]
Step 1: Observe
In the image, there are three rows and five columns of slots. Each slot contains one yellow pushpin head facing up.

Counting each visible object:
- Top row (left to right): 5 pushpins.
- Middle row (left to right): 5 pushpins.
- Bottom row (left to right): 5 pushpins.

Total count = \(3 \times 5 = 15\).

All pushpins appear in their respective slots with no empty or double-filled slots; they all face upwards as required by the constraints provided for this task.

Step 2: Conclude

Result: Yes
  [ANSWER] Yes | log_prob=0.0
  [META] {'regex_found': 'Yes', 'pos': 511, 'mapped_to_token_id': 7560, 'decoded_token': ' Yes', 'step': 134, 'raw_prob': 1.0}

  [Sub-Q 3] MQ: Is there exactly one yellow pushpin head facing up...
  SQ: Is each slot occupied by precisely one upward-facing yellow pushpin head?
  [PROMPT]
You are a strict industrial quality control inspector.
Your task is to inspect a pushpins and answer a specific constraint question.

[What a NORMAL pushpins looks like]
1. Components:
   - pushpin

2. Quantities:
   - pushpin: exactly 15

3. Spatial Arrangement:
   - pushpin: center

4. Visual Appearance and Fill Level:
   - pushpin: yellow, round cap with a metal needle
   Relative sizes:
     - pushpin: roughly equal to other components

5. Relational and Proportional Constraints:
   - The pushpins occupy the most space.
   - There are no fixed size ratios between components.

6. Symmetry and Connectivity:
   - Components (pushpins) do not need to be strictly separated or parallel/adjacent unless specified by external constraints like a board layout, which is not shown here.

7. Per-Slot Completeness:
   - Each slot must contain exactly one yellow pushpin head facing up; there should be no empty slots nor any slots with two or more items in them

Question to verify: Is each slot occupied by precisely one upward-facing yellow pushpin head?

Look carefully at the image.
Step 1 — Observe: Describe what you see in the image that is directly relevant to this question. Be specific: count visible objects, note their location (left/right/center), and explicitly state if an expected component appears absent or is in the wrong position.
Step 2 — Conclude with exactly one of:
Result: Yes
Result: No
  [RESPONSE]
Step 1: Observe
- The image shows a set of pushpins arranged in individual slots.
- There are exactly 15 visible yellow pushpin heads, each with an upward-facing cap and metal needle.

Step 2:
Result: Yes
  [ANSWER] Yes | log_prob=0.0
  [META] {'regex_found': 'Yes', 'pos': 201, 'mapped_to_token_id': 7560, 'decoded_token': ' Yes', 'step': 51, 'raw_prob': 1.0}

  [Sub-Q 4] MQ: Is there exactly one yellow pushpin head facing up...
  SQ: Does every visible space contain an exact number of yellow pushpins, all oriented upwards?
  [PROMPT]
You are a strict industrial quality control inspector.
Your task is to inspect a pushpins and answer a specific constraint question.

[What a NORMAL pushpins looks like]
1. Components:
   - pushpin

2. Quantities:
   - pushpin: exactly 15

3. Spatial Arrangement:
   - pushpin: center

4. Visual Appearance and Fill Level:
   - pushpin: yellow, round cap with a metal needle
   Relative sizes:
     - pushpin: roughly equal to other components

5. Relational and Proportional Constraints:
   - The pushpins occupy the most space.
   - There are no fixed size ratios between components.

6. Symmetry and Connectivity:
   - Components (pushpins) do not need to be strictly separated or parallel/adjacent unless specified by external constraints like a board layout, which is not shown here.

7. Per-Slot Completeness:
   - Each slot must contain exactly one yellow pushpin head facing up; there should be no empty slots nor any slots with two or more items in them

Question to verify: Does every visible space contain an exact number of yellow pushpins, all oriented upwards?

Look carefully at the image.
Step 1 — Observe: Describe what you see in the image that is directly relevant to this question. Be specific: count visible objects, note their location (left/right/center), and explicitly state if an expected component appears absent or is in the wrong position.
Step 2 — Conclude with exactly one of:
Result: Yes
Result: No
  [RESPONSE]
Step 1: Observe
- The image shows a clear plastic case with multiple compartments.
- Each compartment contains one yellow pushpin head facing upwards, except for the top right and bottom left compartments which are empty.

Step 2:
Result: No
  [ANSWER] No | log_prob=0.0
  [META] {'regex_found': 'No', 'pos': 239, 'mapped_to_token_id': 2458, 'decoded_token': ' No', 'step': 52, 'raw_prob': 1.0}

  [Sub-Q 5] MQ: Is there exactly one yellow pushpin head facing up...
  SQ: Can you see pushpin in the pushpins?
  [PROMPT]
You are a strict industrial quality control inspector.
Your task is to inspect a pushpins and answer a specific constraint question.

[What a NORMAL pushpins looks like]
1. Components:
   - pushpin

2. Quantities:
   - pushpin: exactly 15

3. Spatial Arrangement:
   - pushpin: center

4. Visual Appearance and Fill Level:
   - pushpin: yellow, round cap with a metal needle
   Relative sizes:
     - pushpin: roughly equal to other components

5. Relational and Proportional Constraints:
   - The pushpins occupy the most space.
   - There are no fixed size ratios between components.

6. Symmetry and Connectivity:
   - Components (pushpins) do not need to be strictly separated or parallel/adjacent unless specified by external constraints like a board layout, which is not shown here.

7. Per-Slot Completeness:
   - Each slot must contain exactly one yellow pushpin head facing up; there should be no empty slots nor any slots with two or more items in them

Question to verify: Can you see pushpin in the pushpins?

Look carefully at the image.
Step 1 — Observe: Describe what you see in the image that is directly relevant to this question. Be specific: count visible objects, note their location (left/right/center), and explicitly state if an expected component appears absent or is in the wrong position.
Step 2 — Conclude with exactly one of:
Result: Yes
Result: No
  [RESPONSE]
Step 1: Observe
- There are a total of 15 slots in the image.
- Each slot contains one yellow pushpin head facing up, with no empty slots or extra items.

Step 2:
Result: Yes
  [ANSWER] Yes | log_prob=0.0
  [META] {'regex_found': 'Yes', 'pos': 171, 'mapped_to_token_id': 7560, 'decoded_token': ' Yes', 'step': 46, 'raw_prob': 1.0}
  [VOTE] 'Is there exactly one yellow pushpin head facing up in each s' → Yes (Yes=3, No=2)
  [RESULT] anomaly=False score=0.0000
           Image appears normal. All constraints satisfied.

============================================================
Stage 4 | [0] /home/chikibriki/LoqicQA/dataset-ninja/mvtec-loco-ad/test/img/pushpins_good_105.png | gt=good | anomaly_type=None
============================================================

  [Sub-Q 1] MQ: Is there exactly one yellow pushpin head facing up...
  SQ: Is there exactly one yellow pushpin head facing up in each slot?
  [PROMPT]
You are a strict industrial quality control inspector.
Your task is to inspect a pushpins and answer a specific constraint question.

[What a NORMAL pushpins looks like]
1. Components:
   - pushpin

2. Quantities:
   - pushpin: exactly 15

3. Spatial Arrangement:
   - pushpin: center

4. Visual Appearance and Fill Level:
   - pushpin: yellow, round cap with a metal needle
   Relative sizes:
     - pushpin: roughly equal to other components

5. Relational and Proportional Constraints:
   - The pushpins occupy the most space.
   - There are no fixed size ratios between components.

6. Symmetry and Connectivity:
   - Components (pushpins) do not need to be strictly separated or parallel/adjacent unless specified by external constraints like a board layout, which is not shown here.

7. Per-Slot Completeness:
   - Each slot must contain exactly one yellow pushpin head facing up; there should be no empty slots nor any slots with two or more items in them

Question to verify: Is there exactly one yellow pushpin head facing up in each slot?

Look carefully at the image.
Step 1 — Observe: Describe what you see in the image that is directly relevant to this question. Be specific: count visible objects, note their location (left/right/center), and explicitly state if an expected component appears absent or is in the wrong position.
Step 2 — Conclude with exactly one of:
Result: Yes
Result: No
  [RESPONSE]
Step 1: Observe
- There are a total of 15 slots in the image.
- Each slot contains one yellow pushpin head facing up.

Step 2: Conclude with exactly one:
Result: Yes
  [ANSWER] Yes | log_prob=0.0
  [META] {'regex_found': 'Yes', 'pos': 162, 'mapped_to_token_id': 7560, 'decoded_token': ' Yes', 'step': 44, 'raw_prob': 1.0}

  [Sub-Q 2] MQ: Is there exactly one yellow pushpin head facing up...
  SQ: Are there exactly 15 yellow pushpin heads facing up in the image?
  [PROMPT]
You are a strict industrial quality control inspector.
Your task is to inspect a pushpins and answer a specific constraint question.

[What a NORMAL pushpins looks like]
1. Components:
   - pushpin

2. Quantities:
   - pushpin: exactly 15

3. Spatial Arrangement:
   - pushpin: center

4. Visual Appearance and Fill Level:
   - pushpin: yellow, round cap with a metal needle
   Relative sizes:
     - pushpin: roughly equal to other components

5. Relational and Proportional Constraints:
   - The pushpins occupy the most space.
   - There are no fixed size ratios between components.

6. Symmetry and Connectivity:
   - Components (pushpins) do not need to be strictly separated or parallel/adjacent unless specified by external constraints like a board layout, which is not shown here.

7. Per-Slot Completeness:
   - Each slot must contain exactly one yellow pushpin head facing up; there should be no empty slots nor any slots with two or more items in them

Question to verify: Are there exactly 15 yellow pushpin heads facing up in the image?

Look carefully at the image.
Step 1 — Observe: Describe what you see in the image that is directly relevant to this question. Be specific: count visible objects, note their location (left/right/center), and explicitly state if an expected component appears absent or is in the wrong position.
Step 2 — Conclude with exactly one of:
Result: Yes
Result: No
  [RESPONSE]
Step 1: Observe
- The image shows a plastic case with multiple slots.
- Each slot contains one yellow pushpin head facing up, except for the bottom right and middle left slots which are empty.

Step 2:
Result: No
  [ANSWER] No | log_prob=0.0
  [META] {'regex_found': 'No', 'pos': 210, 'mapped_to_token_id': 2458, 'decoded_token': ' No', 'step': 49, 'raw_prob': 1.0}

  [Sub-Q 3] MQ: Is there exactly one yellow pushpin head facing up...
  SQ: Is each slot occupied by precisely one upward-facing yellow pushpin head?
  [PROMPT]
You are a strict industrial quality control inspector.
Your task is to inspect a pushpins and answer a specific constraint question.

[What a NORMAL pushpins looks like]
1. Components:
   - pushpin

2. Quantities:
   - pushpin: exactly 15

3. Spatial Arrangement:
   - pushpin: center

4. Visual Appearance and Fill Level:
   - pushpin: yellow, round cap with a metal needle
   Relative sizes:
     - pushpin: roughly equal to other components

5. Relational and Proportional Constraints:
   - The pushpins occupy the most space.
   - There are no fixed size ratios between components.

6. Symmetry and Connectivity:
   - Components (pushpins) do not need to be strictly separated or parallel/adjacent unless specified by external constraints like a board layout, which is not shown here.

7. Per-Slot Completeness:
   - Each slot must contain exactly one yellow pushpin head facing up; there should be no empty slots nor any slots with two or more items in them

Question to verify: Is each slot occupied by precisely one upward-facing yellow pushpin head?

Look carefully at the image.
Step 1 — Observe: Describe what you see in the image that is directly relevant to this question. Be specific: count visible objects, note their location (left/right/center), and explicitly state if an expected component appears absent or is in the wrong position.
Step 2 — Conclude with exactly one of:
Result: Yes
Result: No
  [RESPONSE]
Step 1: Observe
- The image shows a plastic case with multiple slots.
- Each slot contains one yellow pushpin head facing up, except for the bottom left and middle right slots which are empty.

Step 2:
Result: No
  [ANSWER] No | log_prob=0.0
  [META] {'regex_found': 'No', 'pos': 210, 'mapped_to_token_id': 2458, 'decoded_token': ' No', 'step': 49, 'raw_prob': 1.0}

  [Sub-Q 4] MQ: Is there exactly one yellow pushpin head facing up...
  SQ: Does every visible space contain an exact number of yellow pushpins, all oriented upwards?
  [PROMPT]
You are a strict industrial quality control inspector.
Your task is to inspect a pushpins and answer a specific constraint question.

[What a NORMAL pushpins looks like]
1. Components:
   - pushpin

2. Quantities:
   - pushpin: exactly 15

3. Spatial Arrangement:
   - pushpin: center

4. Visual Appearance and Fill Level:
   - pushpin: yellow, round cap with a metal needle
   Relative sizes:
     - pushpin: roughly equal to other components

5. Relational and Proportional Constraints:
   - The pushpins occupy the most space.
   - There are no fixed size ratios between components.

6. Symmetry and Connectivity:
   - Components (pushpins) do not need to be strictly separated or parallel/adjacent unless specified by external constraints like a board layout, which is not shown here.

7. Per-Slot Completeness:
   - Each slot must contain exactly one yellow pushpin head facing up; there should be no empty slots nor any slots with two or more items in them

Question to verify: Does every visible space contain an exact number of yellow pushpins, all oriented upwards?

Look carefully at the image.
Step 1 — Observe: Describe what you see in the image that is directly relevant to this question. Be specific: count visible objects, note their location (left/right/center), and explicitly state if an expected component appears absent or is in the wrong position.
Step 2 — Conclude with exactly one of:
Result: Yes
Result: No
  [RESPONSE]
Step 1: Observe
- There are a total of 15 slots in the image.
- Each slot contains one yellow pushpin head facing upwards, except for two empty slots.

Step 2:
Result: No
  [ANSWER] No | log_prob=0.0
  [META] {'regex_found': 'No', 'pos': 168, 'mapped_to_token_id': 2458, 'decoded_token': ' No', 'step': 44, 'raw_prob': 1.0}

  [Sub-Q 5] MQ: Is there exactly one yellow pushpin head facing up...
  SQ: Can you see pushpin in the pushpins?
  [PROMPT]
You are a strict industrial quality control inspector.
Your task is to inspect a pushpins and answer a specific constraint question.

[What a NORMAL pushpins looks like]
1. Components:
   - pushpin

2. Quantities:
   - pushpin: exactly 15

3. Spatial Arrangement:
   - pushpin: center

4. Visual Appearance and Fill Level:
   - pushpin: yellow, round cap with a metal needle
   Relative sizes:
     - pushpin: roughly equal to other components

5. Relational and Proportional Constraints:
   - The pushpins occupy the most space.
   - There are no fixed size ratios between components.

6. Symmetry and Connectivity:
   - Components (pushpins) do not need to be strictly separated or parallel/adjacent unless specified by external constraints like a board layout, which is not shown here.

7. Per-Slot Completeness:
   - Each slot must contain exactly one yellow pushpin head facing up; there should be no empty slots nor any slots with two or more items in them

Question to verify: Can you see pushpin in the pushpins?

Look carefully at the image.
Step 1 — Observe: Describe what you see in the image that is directly relevant to this question. Be specific: count visible objects, note their location (left/right/center), and explicitly state if an expected component appears absent or is in the wrong position.
Step 2 — Conclude with exactly one of:
Result: Yes
Result: No
  [RESPONSE]
Step 1: Observe
- The image shows a plastic case with multiple slots, each containing one yellow pushpin.
- There are exactly 15 visible pushpins in the image.

Step 2:
Result: Yes
  [ANSWER] Yes | log_prob=0.0
  [META] {'regex_found': 'Yes', 'pos': 177, 'mapped_to_token_id': 7560, 'decoded_token': ' Yes', 'step': 45, 'raw_prob': 1.0}
  [VOTE] 'Is there exactly one yellow pushpin head facing up in each s' → No (Yes=2, No=3)
  [RESULT] anomaly=True score=1.0000
           Logical anomaly detected. Violated constraints:
  - Is there exactly one yellow pushpin head facing up in each slot?

============================================================
Stage 4 | [0] /home/chikibriki/LoqicQA/dataset-ninja/mvtec-loco-ad/test/img/pushpins_good_110.png | gt=good | anomaly_type=None
============================================================

  [Sub-Q 1] MQ: Is there exactly one yellow pushpin head facing up...
  SQ: Is there exactly one yellow pushpin head facing up in each slot?
  [PROMPT]
You are a strict industrial quality control inspector.
Your task is to inspect a pushpins and answer a specific constraint question.

[What a NORMAL pushpins looks like]
1. Components:
   - pushpin

2. Quantities:
   - pushpin: exactly 15

3. Spatial Arrangement:
   - pushpin: center

4. Visual Appearance and Fill Level:
   - pushpin: yellow, round cap with a metal needle
   Relative sizes:
     - pushpin: roughly equal to other components

5. Relational and Proportional Constraints:
   - The pushpins occupy the most space.
   - There are no fixed size ratios between components.

6. Symmetry and Connectivity:
   - Components (pushpins) do not need to be strictly separated or parallel/adjacent unless specified by external constraints like a board layout, which is not shown here.

7. Per-Slot Completeness:
   - Each slot must contain exactly one yellow pushpin head facing up; there should be no empty slots nor any slots with two or more items in them

Question to verify: Is there exactly one yellow pushpin head facing up in each slot?

Look carefully at the image.
Step 1 — Observe: Describe what you see in the image that is directly relevant to this question. Be specific: count visible objects, note their location (left/right/center), and explicitly state if an expected component appears absent or is in the wrong position.
Step 2 — Conclude with exactly one of:
Result: Yes
Result: No
  [RESPONSE]
Step 1: Observe
- There are a total of 15 slots.
- Each slot contains one yellow pushpin head facing up.

Step 2:
Result: Yes
  [ANSWER] Yes | log_prob=0.0
  [META] {'regex_found': 'Yes', 'pos': 122, 'mapped_to_token_id': 7560, 'decoded_token': ' Yes', 'step': 35, 'raw_prob': 1.0}

  [Sub-Q 2] MQ: Is there exactly one yellow pushpin head facing up...
  SQ: Are there exactly 15 yellow pushpin heads facing up in the image?
  [PROMPT]
You are a strict industrial quality control inspector.
Your task is to inspect a pushpins and answer a specific constraint question.

[What a NORMAL pushpins looks like]
1. Components:
   - pushpin

2. Quantities:
   - pushpin: exactly 15

3. Spatial Arrangement:
   - pushpin: center

4. Visual Appearance and Fill Level:
   - pushpin: yellow, round cap with a metal needle
   Relative sizes:
     - pushpin: roughly equal to other components

5. Relational and Proportional Constraints:
   - The pushpins occupy the most space.
   - There are no fixed size ratios between components.

6. Symmetry and Connectivity:
   - Components (pushpins) do not need to be strictly separated or parallel/adjacent unless specified by external constraints like a board layout, which is not shown here.

7. Per-Slot Completeness:
   - Each slot must contain exactly one yellow pushpin head facing up; there should be no empty slots nor any slots with two or more items in them

Question to verify: Are there exactly 15 yellow pushpin heads facing up in the image?

Look carefully at the image.
Step 1 — Observe: Describe what you see in the image that is directly relevant to this question. Be specific: count visible objects, note their location (left/right/center), and explicitly state if an expected component appears absent or is in the wrong position.
Step 2 — Conclude with exactly one of:
Result: Yes
Result: No
  [RESPONSE]
Step 1: Observe
- The image shows a tray with multiple slots.
- Each slot contains one yellow pushpin head facing up, except for the top right and bottom left slots which are empty.

Step 2:
Result: No
  [ANSWER] No | log_prob=0.0
  [META] {'regex_found': 'No', 'pos': 199, 'mapped_to_token_id': 2458, 'decoded_token': ' No', 'step': 48, 'raw_prob': 1.0}

  [Sub-Q 3] MQ: Is there exactly one yellow pushpin head facing up...
  SQ: Is each slot occupied by precisely one upward-facing yellow pushpin head?
  [PROMPT]
You are a strict industrial quality control inspector.
Your task is to inspect a pushpins and answer a specific constraint question.

[What a NORMAL pushpins looks like]
1. Components:
   - pushpin

2. Quantities:
   - pushpin: exactly 15

3. Spatial Arrangement:
   - pushpin: center

4. Visual Appearance and Fill Level:
   - pushpin: yellow, round cap with a metal needle
   Relative sizes:
     - pushpin: roughly equal to other components

5. Relational and Proportional Constraints:
   - The pushpins occupy the most space.
   - There are no fixed size ratios between components.

6. Symmetry and Connectivity:
   - Components (pushpins) do not need to be strictly separated or parallel/adjacent unless specified by external constraints like a board layout, which is not shown here.

7. Per-Slot Completeness:
   - Each slot must contain exactly one yellow pushpin head facing up; there should be no empty slots nor any slots with two or more items in them

Question to verify: Is each slot occupied by precisely one upward-facing yellow pushpin head?

Look carefully at the image.
Step 1 — Observe: Describe what you see in the image that is directly relevant to this question. Be specific: count visible objects, note their location (left/right/center), and explicitly state if an expected component appears absent or is in the wrong position.
Step 2 — Conclude with exactly one of:
Result: Yes
Result: No
  [RESPONSE]
Step 1: Observe
- There are a total of 15 slots.
- Each slot contains one yellow pushpin head facing up.

Step 2:
Result: Yes
  [ANSWER] Yes | log_prob=0.0
  [META] {'regex_found': 'Yes', 'pos': 122, 'mapped_to_token_id': 7560, 'decoded_token': ' Yes', 'step': 35, 'raw_prob': 1.0}

  [Sub-Q 4] MQ: Is there exactly one yellow pushpin head facing up...
  SQ: Does every visible space contain an exact number of yellow pushpins, all oriented upwards?
  [PROMPT]
You are a strict industrial quality control inspector.
Your task is to inspect a pushpins and answer a specific constraint question.

[What a NORMAL pushpins looks like]
1. Components:
   - pushpin

2. Quantities:
   - pushpin: exactly 15

3. Spatial Arrangement:
   - pushpin: center

4. Visual Appearance and Fill Level:
   - pushpin: yellow, round cap with a metal needle
   Relative sizes:
     - pushpin: roughly equal to other components

5. Relational and Proportional Constraints:
   - The pushpins occupy the most space.
   - There are no fixed size ratios between components.

6. Symmetry and Connectivity:
   - Components (pushpins) do not need to be strictly separated or parallel/adjacent unless specified by external constraints like a board layout, which is not shown here.

7. Per-Slot Completeness:
   - Each slot must contain exactly one yellow pushpin head facing up; there should be no empty slots nor any slots with two or more items in them

Question to verify: Does every visible space contain an exact number of yellow pushpins, all oriented upwards?

Look carefully at the image.
Step 1 — Observe: Describe what you see in the image that is directly relevant to this question. Be specific: count visible objects, note their location (left/right/center), and explicitly state if an expected component appears absent or is in the wrong position.
Step 2 — Conclude with exactly one of:
Result: Yes
Result: No
  [RESPONSE]
Step 1: Observe
- The image shows a tray with multiple slots.
- Each slot contains one yellow pushpin head facing upwards, except for the top right and bottom left corners where there are no visible items.

Step 2:
Result: No
  [ANSWER] No | log_prob=0.0
  [META] {'regex_found': 'No', 'pos': 223, 'mapped_to_token_id': 2458, 'decoded_token': ' No', 'step': 51, 'raw_prob': 1.0}

  [Sub-Q 5] MQ: Is there exactly one yellow pushpin head facing up...
  SQ: Can you see pushpin in the pushpins?
  [PROMPT]
You are a strict industrial quality control inspector.
Your task is to inspect a pushpins and answer a specific constraint question.

[What a NORMAL pushpins looks like]
1. Components:
   - pushpin

2. Quantities:
   - pushpin: exactly 15

3. Spatial Arrangement:
   - pushpin: center

4. Visual Appearance and Fill Level:
   - pushpin: yellow, round cap with a metal needle
   Relative sizes:
     - pushpin: roughly equal to other components

5. Relational and Proportional Constraints:
   - The pushpins occupy the most space.
   - There are no fixed size ratios between components.

6. Symmetry and Connectivity:
   - Components (pushpins) do not need to be strictly separated or parallel/adjacent unless specified by external constraints like a board layout, which is not shown here.

7. Per-Slot Completeness:
   - Each slot must contain exactly one yellow pushpin head facing up; there should be no empty slots nor any slots with two or more items in them

Question to verify: Can you see pushpin in the pushpins?

Look carefully at the image.
Step 1 — Observe: Describe what you see in the image that is directly relevant to this question. Be specific: count visible objects, note their location (left/right/center), and explicitly state if an expected component appears absent or is in the wrong position.
Step 2 — Conclude with exactly one of:
Result: Yes
Result: No
  [RESPONSE]
Step 1: Observe
- There are a total of 15 slots in the image.
- Each slot contains one yellow pushpin head facing up, except for two empty slots.

Step 2:
Result: Yes
  [ANSWER] Yes | log_prob=0.0
  [META] {'regex_found': 'Yes', 'pos': 163, 'mapped_to_token_id': 7560, 'decoded_token': ' Yes', 'step': 44, 'raw_prob': 1.0}
  [VOTE] 'Is there exactly one yellow pushpin head facing up in each s' → Yes (Yes=3, No=2)
  [RESULT] anomaly=False score=0.0000
           Image appears normal. All constraints satisfied.

============================================================
Stage 4 | [0] /home/chikibriki/LoqicQA/dataset-ninja/mvtec-loco-ad/test/img/pushpins_good_115.png | gt=good | anomaly_type=None
============================================================

  [Sub-Q 1] MQ: Is there exactly one yellow pushpin head facing up...
  SQ: Is there exactly one yellow pushpin head facing up in each slot?
  [PROMPT]
You are a strict industrial quality control inspector.
Your task is to inspect a pushpins and answer a specific constraint question.

[What a NORMAL pushpins looks like]
1. Components:
   - pushpin

2. Quantities:
   - pushpin: exactly 15

3. Spatial Arrangement:
   - pushpin: center

4. Visual Appearance and Fill Level:
   - pushpin: yellow, round cap with a metal needle
   Relative sizes:
     - pushpin: roughly equal to other components

5. Relational and Proportional Constraints:
   - The pushpins occupy the most space.
   - There are no fixed size ratios between components.

6. Symmetry and Connectivity:
   - Components (pushpins) do not need to be strictly separated or parallel/adjacent unless specified by external constraints like a board layout, which is not shown here.

7. Per-Slot Completeness:
   - Each slot must contain exactly one yellow pushpin head facing up; there should be no empty slots nor any slots with two or more items in them

Question to verify: Is there exactly one yellow pushpin head facing up in each slot?

Look carefully at the image.
Step 1 — Observe: Describe what you see in the image that is directly relevant to this question. Be specific: count visible objects, note their location (left/right/center), and explicitly state if an expected component appears absent or is in the wrong position.
Step 2 — Conclude with exactly one of:
Result: Yes
Result: No
  [RESPONSE]
Step 1: Observe
- The image shows a plastic case with multiple slots.
- Each slot contains one yellow pushpin head facing up, except for the top right and bottom left slots which are empty.

Step 2:
Result: No
  [ANSWER] No | log_prob=0.0
  [META] {'regex_found': 'No', 'pos': 207, 'mapped_to_token_id': 2458, 'decoded_token': ' No', 'step': 49, 'raw_prob': 1.0}

  [Sub-Q 2] MQ: Is there exactly one yellow pushpin head facing up...
  SQ: Are there exactly 15 yellow pushpin heads facing up in the image?
  [PROMPT]
You are a strict industrial quality control inspector.
Your task is to inspect a pushpins and answer a specific constraint question.

[What a NORMAL pushpins looks like]
1. Components:
   - pushpin

2. Quantities:
   - pushpin: exactly 15

3. Spatial Arrangement:
   - pushpin: center

4. Visual Appearance and Fill Level:
   - pushpin: yellow, round cap with a metal needle
   Relative sizes:
     - pushpin: roughly equal to other components

5. Relational and Proportional Constraints:
   - The pushpins occupy the most space.
   - There are no fixed size ratios between components.

6. Symmetry and Connectivity:
   - Components (pushpins) do not need to be strictly separated or parallel/adjacent unless specified by external constraints like a board layout, which is not shown here.

7. Per-Slot Completeness:
   - Each slot must contain exactly one yellow pushpin head facing up; there should be no empty slots nor any slots with two or more items in them

Question to verify: Are there exactly 15 yellow pushpin heads facing up in the image?

Look carefully at the image.
Step 1 — Observe: Describe what you see in the image that is directly relevant to this question. Be specific: count visible objects, note their location (left/right/center), and explicitly state if an expected component appears absent or is in the wrong position.
Step 2 — Conclude with exactly one of:
Result: Yes
Result: No
  [RESPONSE]
Step 1: Observe
- The image shows a plastic case with multiple slots.
- Each slot contains one yellow pushpin head facing up, except for the top right and bottom left corners which are empty.

Step 2:
Result: No
  [ANSWER] No | log_prob=0.0
  [META] {'regex_found': 'No', 'pos': 209, 'mapped_to_token_id': 2458, 'decoded_token': ' No', 'step': 49, 'raw_prob': 1.0}

  [Sub-Q 3] MQ: Is there exactly one yellow pushpin head facing up...
  SQ: Is each slot occupied by precisely one upward-facing yellow pushpin head?
  [PROMPT]
You are a strict industrial quality control inspector.
Your task is to inspect a pushpins and answer a specific constraint question.

[What a NORMAL pushpins looks like]
1. Components:
   - pushpin

2. Quantities:
   - pushpin: exactly 15

3. Spatial Arrangement:
   - pushpin: center

4. Visual Appearance and Fill Level:
   - pushpin: yellow, round cap with a metal needle
   Relative sizes:
     - pushpin: roughly equal to other components

5. Relational and Proportional Constraints:
   - The pushpins occupy the most space.
   - There are no fixed size ratios between components.

6. Symmetry and Connectivity:
   - Components (pushpins) do not need to be strictly separated or parallel/adjacent unless specified by external constraints like a board layout, which is not shown here.

7. Per-Slot Completeness:
   - Each slot must contain exactly one yellow pushpin head facing up; there should be no empty slots nor any slots with two or more items in them

Question to verify: Is each slot occupied by precisely one upward-facing yellow pushpin head?

Look carefully at the image.
Step 1 — Observe: Describe what you see in the image that is directly relevant to this question. Be specific: count visible objects, note their location (left/right/center), and explicitly state if an expected component appears absent or is in the wrong position.
Step 2 — Conclude with exactly one of:
Result: Yes
Result: No
  [RESPONSE]
Step 1: Observe
- The image shows a clear plastic case with multiple slots.
- Each slot contains one yellow pushpin head facing up, except for the top right and bottom left corners which are empty.

Step 2:
Result: No
  [ANSWER] No | log_prob=0.0
  [META] {'regex_found': 'No', 'pos': 215, 'mapped_to_token_id': 2458, 'decoded_token': ' No', 'step': 50, 'raw_prob': 1.0}

  [Sub-Q 4] MQ: Is there exactly one yellow pushpin head facing up...
  SQ: Does every visible space contain an exact number of yellow pushpins, all oriented upwards?
  [PROMPT]
You are a strict industrial quality control inspector.
Your task is to inspect a pushpins and answer a specific constraint question.

[What a NORMAL pushpins looks like]
1. Components:
   - pushpin

2. Quantities:
   - pushpin: exactly 15

3. Spatial Arrangement:
   - pushpin: center

4. Visual Appearance and Fill Level:
   - pushpin: yellow, round cap with a metal needle
   Relative sizes:
     - pushpin: roughly equal to other components

5. Relational and Proportional Constraints:
   - The pushpins occupy the most space.
   - There are no fixed size ratios between components.

6. Symmetry and Connectivity:
   - Components (pushpins) do not need to be strictly separated or parallel/adjacent unless specified by external constraints like a board layout, which is not shown here.

7. Per-Slot Completeness:
   - Each slot must contain exactly one yellow pushpin head facing up; there should be no empty slots nor any slots with two or more items in them

Question to verify: Does every visible space contain an exact number of yellow pushpins, all oriented upwards?

Look carefully at the image.
Step 1 — Observe: Describe what you see in the image that is directly relevant to this question. Be specific: count visible objects, note their location (left/right/center), and explicitly state if an expected component appears absent or is in the wrong position.
Step 2 — Conclude with exactly one of:
Result: Yes
Result: No
  [RESPONSE]
Step 1: Observe
- There are a total of 15 slots.
- Each slot contains one yellow pushpin head facing upwards.

Step 2:
Result: Yes
  [ANSWER] Yes | log_prob=0.0
  [META] {'regex_found': 'Yes', 'pos': 127, 'mapped_to_token_id': 7560, 'decoded_token': ' Yes', 'step': 35, 'raw_prob': 1.0}

  [Sub-Q 5] MQ: Is there exactly one yellow pushpin head facing up...
  SQ: Can you see pushpin in the pushpins?
  [PROMPT]
You are a strict industrial quality control inspector.
Your task is to inspect a pushpins and answer a specific constraint question.

[What a NORMAL pushpins looks like]
1. Components:
   - pushpin

2. Quantities:
   - pushpin: exactly 15

3. Spatial Arrangement:
   - pushpin: center

4. Visual Appearance and Fill Level:
   - pushpin: yellow, round cap with a metal needle
   Relative sizes:
     - pushpin: roughly equal to other components

5. Relational and Proportional Constraints:
   - The pushpins occupy the most space.
   - There are no fixed size ratios between components.

6. Symmetry and Connectivity:
   - Components (pushpins) do not need to be strictly separated or parallel/adjacent unless specified by external constraints like a board layout, which is not shown here.

7. Per-Slot Completeness:
   - Each slot must contain exactly one yellow pushpin head facing up; there should be no empty slots nor any slots with two or more items in them

Question to verify: Can you see pushpin in the pushpins?

Look carefully at the image.
Step 1 — Observe: Describe what you see in the image that is directly relevant to this question. Be specific: count visible objects, note their location (left/right/center), and explicitly state if an expected component appears absent or is in the wrong position.
Step 2 — Conclude with exactly one of:
Result: Yes
Result: No
  [RESPONSE]
Step 1: Observe
- The image shows a set of pushpins in individual slots.
- There are exactly 15 visible yellow pushpins, each with the round cap facing up and metal needle pointing downwards.

Step 2:
Result: Yes
  [ANSWER] Yes | log_prob=0.0
  [META] {'regex_found': 'Yes', 'pos': 209, 'mapped_to_token_id': 7560, 'decoded_token': ' Yes', 'step': 53, 'raw_prob': 1.0}
  [VOTE] 'Is there exactly one yellow pushpin head facing up in each s' → No (Yes=2, No=3)
  [RESULT] anomaly=True score=1.0000
           Logical anomaly detected. Violated constraints:
  - Is there exactly one yellow pushpin head facing up in each slot?

============================================================
Stage 4 | [0] /home/chikibriki/LoqicQA/dataset-ninja/mvtec-loco-ad/test/img/pushpins_good_120.png | gt=good | anomaly_type=None
============================================================

  [Sub-Q 1] MQ: Is there exactly one yellow pushpin head facing up...
  SQ: Is there exactly one yellow pushpin head facing up in each slot?
  [PROMPT]
You are a strict industrial quality control inspector.
Your task is to inspect a pushpins and answer a specific constraint question.

[What a NORMAL pushpins looks like]
1. Components:
   - pushpin

2. Quantities:
   - pushpin: exactly 15

3. Spatial Arrangement:
   - pushpin: center

4. Visual Appearance and Fill Level:
   - pushpin: yellow, round cap with a metal needle
   Relative sizes:
     - pushpin: roughly equal to other components

5. Relational and Proportional Constraints:
   - The pushpins occupy the most space.
   - There are no fixed size ratios between components.

6. Symmetry and Connectivity:
   - Components (pushpins) do not need to be strictly separated or parallel/adjacent unless specified by external constraints like a board layout, which is not shown here.

7. Per-Slot Completeness:
   - Each slot must contain exactly one yellow pushpin head facing up; there should be no empty slots nor any slots with two or more items in them

Question to verify: Is there exactly one yellow pushpin head facing up in each slot?

Look carefully at the image.
Step 1 — Observe: Describe what you see in the image that is directly relevant to this question. Be specific: count visible objects, note their location (left/right/center), and explicitly state if an expected component appears absent or is in the wrong position.
Step 2 — Conclude with exactly one of:
Result: Yes
Result: No
  [RESPONSE]
Step 1: Observe
- The image shows a set of pushpins in individual slots.
- There are exactly 15 visible yellow pushpin heads facing up, each occupying its own slot.

Step 2: Conclude with the result:
Result: Yes
  [ANSWER] Yes | log_prob=0.0
  [META] {'regex_found': 'Yes', 'pos': 208, 'mapped_to_token_id': 7560, 'decoded_token': ' Yes', 'step': 54, 'raw_prob': 1.0}

  [Sub-Q 2] MQ: Is there exactly one yellow pushpin head facing up...
  SQ: Are there exactly 15 yellow pushpin heads facing up in the image?
  [PROMPT]
You are a strict industrial quality control inspector.
Your task is to inspect a pushpins and answer a specific constraint question.

[What a NORMAL pushpins looks like]
1. Components:
   - pushpin

2. Quantities:
   - pushpin: exactly 15

3. Spatial Arrangement:
   - pushpin: center

4. Visual Appearance and Fill Level:
   - pushpin: yellow, round cap with a metal needle
   Relative sizes:
     - pushpin: roughly equal to other components

5. Relational and Proportional Constraints:
   - The pushpins occupy the most space.
   - There are no fixed size ratios between components.

6. Symmetry and Connectivity:
   - Components (pushpins) do not need to be strictly separated or parallel/adjacent unless specified by external constraints like a board layout, which is not shown here.

7. Per-Slot Completeness:
   - Each slot must contain exactly one yellow pushpin head facing up; there should be no empty slots nor any slots with two or more items in them

Question to verify: Are there exactly 15 yellow pushpin heads facing up in the image?

Look carefully at the image.
Step 1 — Observe: Describe what you see in the image that is directly relevant to this question. Be specific: count visible objects, note their location (left/right/center), and explicitly state if an expected component appears absent or is in the wrong position.
Step 2 — Conclude with exactly one of:
Result: Yes
Result: No
  [RESPONSE]
Step 1: Observe
- The image shows a set of pushpins in individual slots.
- There are exactly nine visible yellow pushpin heads facing up, located centrally within their respective slots.

Step 2:
Result: No
  [ANSWER] No | log_prob=0.0
  [META] {'regex_found': 'No', 'pos': 204, 'mapped_to_token_id': 2458, 'decoded_token': ' No', 'step': 48, 'raw_prob': 1.0}

  [Sub-Q 3] MQ: Is there exactly one yellow pushpin head facing up...
  SQ: Is each slot occupied by precisely one upward-facing yellow pushpin head?
  [PROMPT]
You are a strict industrial quality control inspector.
Your task is to inspect a pushpins and answer a specific constraint question.

[What a NORMAL pushpins looks like]
1. Components:
   - pushpin

2. Quantities:
   - pushpin: exactly 15

3. Spatial Arrangement:
   - pushpin: center

4. Visual Appearance and Fill Level:
   - pushpin: yellow, round cap with a metal needle
   Relative sizes:
     - pushpin: roughly equal to other components

5. Relational and Proportional Constraints:
   - The pushpins occupy the most space.
   - There are no fixed size ratios between components.

6. Symmetry and Connectivity:
   - Components (pushpins) do not need to be strictly separated or parallel/adjacent unless specified by external constraints like a board layout, which is not shown here.

7. Per-Slot Completeness:
   - Each slot must contain exactly one yellow pushpin head facing up; there should be no empty slots nor any slots with two or more items in them

Question to verify: Is each slot occupied by precisely one upward-facing yellow pushpin head?

Look carefully at the image.
Step 1 — Observe: Describe what you see in the image that is directly relevant to this question. Be specific: count visible objects, note their location (left/right/center), and explicitly state if an expected component appears absent or is in the wrong position.
Step 2 — Conclude with exactly one of:
Result: Yes
Result: No
  [RESPONSE]
Step 1: Observe
- The image shows a plastic case with multiple slots.
- There are visible pushpins in each slot, all facing upward and appearing yellow.

Step 2: Conclude 
Result: Yes
  [ANSWER] Yes | log_prob=0.0
  [META] {'regex_found': 'Yes', 'pos': 180, 'mapped_to_token_id': 7560, 'decoded_token': ' Yes', 'step': 45, 'raw_prob': 1.0}

  [Sub-Q 4] MQ: Is there exactly one yellow pushpin head facing up...
  SQ: Does every visible space contain an exact number of yellow pushpins, all oriented upwards?
  [PROMPT]
You are a strict industrial quality control inspector.
Your task is to inspect a pushpins and answer a specific constraint question.

[What a NORMAL pushpins looks like]
1. Components:
   - pushpin

2. Quantities:
   - pushpin: exactly 15

3. Spatial Arrangement:
   - pushpin: center

4. Visual Appearance and Fill Level:
   - pushpin: yellow, round cap with a metal needle
   Relative sizes:
     - pushpin: roughly equal to other components

5. Relational and Proportional Constraints:
   - The pushpins occupy the most space.
   - There are no fixed size ratios between components.

6. Symmetry and Connectivity:
   - Components (pushpins) do not need to be strictly separated or parallel/adjacent unless specified by external constraints like a board layout, which is not shown here.

7. Per-Slot Completeness:
   - Each slot must contain exactly one yellow pushpin head facing up; there should be no empty slots nor any slots with two or more items in them

Question to verify: Does every visible space contain an exact number of yellow pushpins, all oriented upwards?

Look carefully at the image.
Step 1 — Observe: Describe what you see in the image that is directly relevant to this question. Be specific: count visible objects, note their location (left/right/center), and explicitly state if an expected component appears absent or is in the wrong position.
Step 2 — Conclude with exactly one of:
Result: Yes
Result: No
  [RESPONSE]
Step 1: Observe
- There are a total of 15 slots in the container.
- Each slot contains one yellow pushpin head facing upwards, except for three slots that do not contain any items.

Step 2:
Result: No
  [ANSWER] No | log_prob=0.0
  [META] {'regex_found': 'No', 'pos': 198, 'mapped_to_token_id': 2458, 'decoded_token': ' No', 'step': 49, 'raw_prob': 1.0}

  [Sub-Q 5] MQ: Is there exactly one yellow pushpin head facing up...
  SQ: Can you see pushpin in the pushpins?
  [PROMPT]
You are a strict industrial quality control inspector.
Your task is to inspect a pushpins and answer a specific constraint question.

[What a NORMAL pushpins looks like]
1. Components:
   - pushpin

2. Quantities:
   - pushpin: exactly 15

3. Spatial Arrangement:
   - pushpin: center

4. Visual Appearance and Fill Level:
   - pushpin: yellow, round cap with a metal needle
   Relative sizes:
     - pushpin: roughly equal to other components

5. Relational and Proportional Constraints:
   - The pushpins occupy the most space.
   - There are no fixed size ratios between components.

6. Symmetry and Connectivity:
   - Components (pushpins) do not need to be strictly separated or parallel/adjacent unless specified by external constraints like a board layout, which is not shown here.

7. Per-Slot Completeness:
   - Each slot must contain exactly one yellow pushpin head facing up; there should be no empty slots nor any slots with two or more items in them

Question to verify: Can you see pushpin in the pushpins?

Look carefully at the image.
Step 1 — Observe: Describe what you see in the image that is directly relevant to this question. Be specific: count visible objects, note their location (left/right/center), and explicitly state if an expected component appears absent or is in the wrong position.
Step 2 — Conclude with exactly one of:
Result: Yes
Result: No
  [RESPONSE]
Step 1: Observe
- There are a total of 15 slots.
- Each slot contains one yellow pushpin head facing up, except for the bottom left and middle right slots which appear to be empty.

Step 2:
Result: No
  [ANSWER] No | log_prob=0.0
  [META] {'regex_found': 'No', 'pos': 198, 'mapped_to_token_id': 2458, 'decoded_token': ' No', 'step': 50, 'raw_prob': 1.0}
  [VOTE] 'Is there exactly one yellow pushpin head facing up in each s' → No (Yes=2, No=3)
  [RESULT] anomaly=True score=1.0000
           Logical anomaly detected. Violated constraints:
  - Is there exactly one yellow pushpin head facing up in each slot?

============================================================
Stage 4 | [0] /home/chikibriki/LoqicQA/dataset-ninja/mvtec-loco-ad/test/img/pushpins_logical_anomalies_000.png | gt=logical_anomaly | anomaly_type=1_additional_pushpin
============================================================

  [Sub-Q 1] MQ: Is there exactly one yellow pushpin head facing up...
  SQ: Is there exactly one yellow pushpin head facing up in each slot?
  [PROMPT]
You are a strict industrial quality control inspector.
Your task is to inspect a pushpins and answer a specific constraint question.

[What a NORMAL pushpins looks like]
1. Components:
   - pushpin

2. Quantities:
   - pushpin: exactly 15

3. Spatial Arrangement:
   - pushpin: center

4. Visual Appearance and Fill Level:
   - pushpin: yellow, round cap with a metal needle
   Relative sizes:
     - pushpin: roughly equal to other components

5. Relational and Proportional Constraints:
   - The pushpins occupy the most space.
   - There are no fixed size ratios between components.

6. Symmetry and Connectivity:
   - Components (pushpins) do not need to be strictly separated or parallel/adjacent unless specified by external constraints like a board layout, which is not shown here.

7. Per-Slot Completeness:
   - Each slot must contain exactly one yellow pushpin head facing up; there should be no empty slots nor any slots with two or more items in them

Question to verify: Is there exactly one yellow pushpin head facing up in each slot?

Look carefully at the image.
Step 1 — Observe: Describe what you see in the image that is directly relevant to this question. Be specific: count visible objects, note their location (left/right/center), and explicitly state if an expected component appears absent or is in the wrong position.
Step 2 — Conclude with exactly one of:
Result: Yes
Result: No
  [RESPONSE]
Step 1: Observe
- The image shows a plastic case with multiple slots.
- Each slot contains one yellow pushpin head facing up, except for the top right and bottom left corners where there are no visible items.

Step 2:
Result: No
  [ANSWER] No | log_prob=0.0
  [META] {'regex_found': 'No', 'pos': 226, 'mapped_to_token_id': 2458, 'decoded_token': ' No', 'step': 52, 'raw_prob': 1.0}

  [Sub-Q 2] MQ: Is there exactly one yellow pushpin head facing up...
  SQ: Are there exactly 15 yellow pushpin heads facing up in the image?
  [PROMPT]
You are a strict industrial quality control inspector.
Your task is to inspect a pushpins and answer a specific constraint question.

[What a NORMAL pushpins looks like]
1. Components:
   - pushpin

2. Quantities:
   - pushpin: exactly 15

3. Spatial Arrangement:
   - pushpin: center

4. Visual Appearance and Fill Level:
   - pushpin: yellow, round cap with a metal needle
   Relative sizes:
     - pushpin: roughly equal to other components

5. Relational and Proportional Constraints:
   - The pushpins occupy the most space.
   - There are no fixed size ratios between components.

6. Symmetry and Connectivity:
   - Components (pushpins) do not need to be strictly separated or parallel/adjacent unless specified by external constraints like a board layout, which is not shown here.

7. Per-Slot Completeness:
   - Each slot must contain exactly one yellow pushpin head facing up; there should be no empty slots nor any slots with two or more items in them

Question to verify: Are there exactly 15 yellow pushpin heads facing up in the image?

Look carefully at the image.
Step 1 — Observe: Describe what you see in the image that is directly relevant to this question. Be specific: count visible objects, note their location (left/right/center), and explicitly state if an expected component appears absent or is in the wrong position.
Step 2 — Conclude with exactly one of:
Result: Yes
Result: No
  [RESPONSE]
Step 1: Observe
- The image shows a container with multiple slots.
- Each slot contains one yellow pushpin head facing up, except for the top left and bottom right corners which are empty.

Step 2:
Result: No
  [ANSWER] No | log_prob=0.0
  [META] {'regex_found': 'No', 'pos': 206, 'mapped_to_token_id': 2458, 'decoded_token': ' No', 'step': 48, 'raw_prob': 1.0}

  [Sub-Q 3] MQ: Is there exactly one yellow pushpin head facing up...
  SQ: Is each slot occupied by precisely one upward-facing yellow pushpin head?
  [PROMPT]
You are a strict industrial quality control inspector.
Your task is to inspect a pushpins and answer a specific constraint question.

[What a NORMAL pushpins looks like]
1. Components:
   - pushpin

2. Quantities:
   - pushpin: exactly 15

3. Spatial Arrangement:
   - pushpin: center

4. Visual Appearance and Fill Level:
   - pushpin: yellow, round cap with a metal needle
   Relative sizes:
     - pushpin: roughly equal to other components

5. Relational and Proportional Constraints:
   - The pushpins occupy the most space.
   - There are no fixed size ratios between components.

6. Symmetry and Connectivity:
   - Components (pushpins) do not need to be strictly separated or parallel/adjacent unless specified by external constraints like a board layout, which is not shown here.

7. Per-Slot Completeness:
   - Each slot must contain exactly one yellow pushpin head facing up; there should be no empty slots nor any slots with two or more items in them

Question to verify: Is each slot occupied by precisely one upward-facing yellow pushpin head?

Look carefully at the image.
Step 1 — Observe: Describe what you see in the image that is directly relevant to this question. Be specific: count visible objects, note their location (left/right/center), and explicitly state if an expected component appears absent or is in the wrong position.
Step 2 — Conclude with exactly one of:
Result: Yes
Result: No
  [RESPONSE]
Step 1: Observe
- The image shows a plastic case with multiple slots.
- Each slot contains one yellow pushpin head facing up, except for the top right and bottom left corners which are empty.

Step 2:
Result: No
  [ANSWER] No | log_prob=0.0
  [META] {'regex_found': 'No', 'pos': 209, 'mapped_to_token_id': 2458, 'decoded_token': ' No', 'step': 49, 'raw_prob': 1.0}

  [Sub-Q 4] MQ: Is there exactly one yellow pushpin head facing up...
  SQ: Does every visible space contain an exact number of yellow pushpins, all oriented upwards?
  [PROMPT]
You are a strict industrial quality control inspector.
Your task is to inspect a pushpins and answer a specific constraint question.

[What a NORMAL pushpins looks like]
1. Components:
   - pushpin

2. Quantities:
   - pushpin: exactly 15

3. Spatial Arrangement:
   - pushpin: center

4. Visual Appearance and Fill Level:
   - pushpin: yellow, round cap with a metal needle
   Relative sizes:
     - pushpin: roughly equal to other components

5. Relational and Proportional Constraints:
   - The pushpins occupy the most space.
   - There are no fixed size ratios between components.

6. Symmetry and Connectivity:
   - Components (pushpins) do not need to be strictly separated or parallel/adjacent unless specified by external constraints like a board layout, which is not shown here.

7. Per-Slot Completeness:
   - Each slot must contain exactly one yellow pushpin head facing up; there should be no empty slots nor any slots with two or more items in them

Question to verify: Does every visible space contain an exact number of yellow pushpins, all oriented upwards?

Look carefully at the image.
Step 1 — Observe: Describe what you see in the image that is directly relevant to this question. Be specific: count visible objects, note their location (left/right/center), and explicitly state if an expected component appears absent or is in the wrong position.
Step 2 — Conclude with exactly one of:
Result: Yes
Result: No
  [RESPONSE]
Step 1: Observe
- The image shows a container with multiple slots.
- Each slot contains one yellow pushpin head facing upwards, except for the top right and bottom left corners which are empty.

Step 2:
Result: No
  [ANSWER] No | log_prob=0.0
  [META] {'regex_found': 'No', 'pos': 211, 'mapped_to_token_id': 2458, 'decoded_token': ' No', 'step': 48, 'raw_prob': 1.0}

  [Sub-Q 5] MQ: Is there exactly one yellow pushpin head facing up...
  SQ: Can you see pushpin in the pushpins?
  [PROMPT]
You are a strict industrial quality control inspector.
Your task is to inspect a pushpins and answer a specific constraint question.

[What a NORMAL pushpins looks like]
1. Components:
   - pushpin

2. Quantities:
   - pushpin: exactly 15

3. Spatial Arrangement:
   - pushpin: center

4. Visual Appearance and Fill Level:
   - pushpin: yellow, round cap with a metal needle
   Relative sizes:
     - pushpin: roughly equal to other components

5. Relational and Proportional Constraints:
   - The pushpins occupy the most space.
   - There are no fixed size ratios between components.

6. Symmetry and Connectivity:
   - Components (pushpins) do not need to be strictly separated or parallel/adjacent unless specified by external constraints like a board layout, which is not shown here.

7. Per-Slot Completeness:
   - Each slot must contain exactly one yellow pushpin head facing up; there should be no empty slots nor any slots with two or more items in them

Question to verify: Can you see pushpin in the pushpins?

Look carefully at the image.
Step 1 — Observe: Describe what you see in the image that is directly relevant to this question. Be specific: count visible objects, note their location (left/right/center), and explicitly state if an expected component appears absent or is in the wrong position.
Step 2 — Conclude with exactly one of:
Result: Yes
Result: No
  [RESPONSE]
Step 1: Observe
- The image shows a container with multiple slots.
- Each slot contains one yellow pushpin head facing up, except for the top left and bottom right slots which are empty.

Step 2:
Result: No
  [ANSWER] No | log_prob=0.0
  [META] {'regex_found': 'No', 'pos': 204, 'mapped_to_token_id': 2458, 'decoded_token': ' No', 'step': 48, 'raw_prob': 1.0}
  [VOTE] 'Is there exactly one yellow pushpin head facing up in each s' → No (Yes=0, No=5)
  [RESULT] anomaly=True score=1.0000
           Logical anomaly detected. Violated constraints:
  - Is there exactly one yellow pushpin head facing up in each slot?

============================================================
Stage 4 | [0] /home/chikibriki/LoqicQA/dataset-ninja/mvtec-loco-ad/test/img/pushpins_logical_anomalies_001.png | gt=logical_anomaly | anomaly_type=1_additional_pushpin
============================================================

  [Sub-Q 1] MQ: Is there exactly one yellow pushpin head facing up...
  SQ: Is there exactly one yellow pushpin head facing up in each slot?
  [PROMPT]
You are a strict industrial quality control inspector.
Your task is to inspect a pushpins and answer a specific constraint question.

[What a NORMAL pushpins looks like]
1. Components:
   - pushpin

2. Quantities:
   - pushpin: exactly 15

3. Spatial Arrangement:
   - pushpin: center

4. Visual Appearance and Fill Level:
   - pushpin: yellow, round cap with a metal needle
   Relative sizes:
     - pushpin: roughly equal to other components

5. Relational and Proportional Constraints:
   - The pushpins occupy the most space.
   - There are no fixed size ratios between components.

6. Symmetry and Connectivity:
   - Components (pushpins) do not need to be strictly separated or parallel/adjacent unless specified by external constraints like a board layout, which is not shown here.

7. Per-Slot Completeness:
   - Each slot must contain exactly one yellow pushpin head facing up; there should be no empty slots nor any slots with two or more items in them

Question to verify: Is there exactly one yellow pushpin head facing up in each slot?

Look carefully at the image.
Step 1 — Observe: Describe what you see in the image that is directly relevant to this question. Be specific: count visible objects, note their location (left/right/center), and explicitly state if an expected component appears absent or is in the wrong position.
Step 2 — Conclude with exactly one of:
Result: Yes
Result: No
  [RESPONSE]
Step 1: Observe
- There are a total of 15 slots in the container.
- Each slot contains one yellow pushpin head facing up, except for three slots that do not have any items.

Step 2:
Result: No
  [ANSWER] No | log_prob=0.0
  [META] {'regex_found': 'No', 'pos': 190, 'mapped_to_token_id': 2458, 'decoded_token': ' No', 'step': 49, 'raw_prob': 1.0}

  [Sub-Q 2] MQ: Is there exactly one yellow pushpin head facing up...
  SQ: Are there exactly 15 yellow pushpin heads facing up in the image?
  [PROMPT]
You are a strict industrial quality control inspector.
Your task is to inspect a pushpins and answer a specific constraint question.

[What a NORMAL pushpins looks like]
1. Components:
   - pushpin

2. Quantities:
   - pushpin: exactly 15

3. Spatial Arrangement:
   - pushpin: center

4. Visual Appearance and Fill Level:
   - pushpin: yellow, round cap with a metal needle
   Relative sizes:
     - pushpin: roughly equal to other components

5. Relational and Proportional Constraints:
   - The pushpins occupy the most space.
   - There are no fixed size ratios between components.

6. Symmetry and Connectivity:
   - Components (pushpins) do not need to be strictly separated or parallel/adjacent unless specified by external constraints like a board layout, which is not shown here.

7. Per-Slot Completeness:
   - Each slot must contain exactly one yellow pushpin head facing up; there should be no empty slots nor any slots with two or more items in them

Question to verify: Are there exactly 15 yellow pushpin heads facing up in the image?

Look carefully at the image.
Step 1 — Observe: Describe what you see in the image that is directly relevant to this question. Be specific: count visible objects, note their location (left/right/center), and explicitly state if an expected component appears absent or is in the wrong position.
Step 2 — Conclude with exactly one of:
Result: Yes
Result: No
  [RESPONSE]
Step 1: Observe
- The image shows a plastic case with multiple slots, each containing one yellow pushpin head facing up.
- There are no empty slots or any slot that contains more than one item.

Step 2:
Result: Yes
  [ANSWER] Yes | log_prob=0.0
  [META] {'regex_found': 'Yes', 'pos': 211, 'mapped_to_token_id': 7560, 'decoded_token': ' Yes', 'step': 50, 'raw_prob': 1.0}

  [Sub-Q 3] MQ: Is there exactly one yellow pushpin head facing up...
  SQ: Is each slot occupied by precisely one upward-facing yellow pushpin head?
  [PROMPT]
You are a strict industrial quality control inspector.
Your task is to inspect a pushpins and answer a specific constraint question.

[What a NORMAL pushpins looks like]
1. Components:
   - pushpin

2. Quantities:
   - pushpin: exactly 15

3. Spatial Arrangement:
   - pushpin: center

4. Visual Appearance and Fill Level:
   - pushpin: yellow, round cap with a metal needle
   Relative sizes:
     - pushpin: roughly equal to other components

5. Relational and Proportional Constraints:
   - The pushpins occupy the most space.
   - There are no fixed size ratios between components.

6. Symmetry and Connectivity:
   - Components (pushpins) do not need to be strictly separated or parallel/adjacent unless specified by external constraints like a board layout, which is not shown here.

7. Per-Slot Completeness:
   - Each slot must contain exactly one yellow pushpin head facing up; there should be no empty slots nor any slots with two or more items in them

Question to verify: Is each slot occupied by precisely one upward-facing yellow pushpin head?

Look carefully at the image.
Step 1 — Observe: Describe what you see in the image that is directly relevant to this question. Be specific: count visible objects, note their location (left/right/center), and explicitly state if an expected component appears absent or is in the wrong position.
Step 2 — Conclude with exactly one of:
Result: Yes
Result: No
  [RESPONSE]
Step 1: Observe
- There are a total of 15 slots.
- Each slot contains one yellow pushpin head facing up, except for the top right and bottom left corners which appear to be empty.

Step 2:
Result: No
  [ANSWER] No | log_prob=0.0
  [META] {'regex_found': 'No', 'pos': 197, 'mapped_to_token_id': 2458, 'decoded_token': ' No', 'step': 50, 'raw_prob': 1.0}

  [Sub-Q 4] MQ: Is there exactly one yellow pushpin head facing up...
  SQ: Does every visible space contain an exact number of yellow pushpins, all oriented upwards?
  [PROMPT]
You are a strict industrial quality control inspector.
Your task is to inspect a pushpins and answer a specific constraint question.

[What a NORMAL pushpins looks like]
1. Components:
   - pushpin

2. Quantities:
   - pushpin: exactly 15

3. Spatial Arrangement:
   - pushpin: center

4. Visual Appearance and Fill Level:
   - pushpin: yellow, round cap with a metal needle
   Relative sizes:
     - pushpin: roughly equal to other components

5. Relational and Proportional Constraints:
   - The pushpins occupy the most space.
   - There are no fixed size ratios between components.

6. Symmetry and Connectivity:
   - Components (pushpins) do not need to be strictly separated or parallel/adjacent unless specified by external constraints like a board layout, which is not shown here.

7. Per-Slot Completeness:
   - Each slot must contain exactly one yellow pushpin head facing up; there should be no empty slots nor any slots with two or more items in them

Question to verify: Does every visible space contain an exact number of yellow pushpins, all oriented upwards?

Look carefully at the image.
Step 1 — Observe: Describe what you see in the image that is directly relevant to this question. Be specific: count visible objects, note their location (left/right/center), and explicitly state if an expected component appears absent or is in the wrong position.
Step 2 — Conclude with exactly one of:
Result: Yes
Result: No
  [RESPONSE]
Step 1: Observe
- There are a total of 15 slots in the container.
- Each slot contains one yellow pushpin head facing upwards, except for two slots that do not contain any items.

Step 2:
Result: No
  [ANSWER] No | log_prob=0.0
  [META] {'regex_found': 'No', 'pos': 196, 'mapped_to_token_id': 2458, 'decoded_token': ' No', 'step': 49, 'raw_prob': 1.0}

  [Sub-Q 5] MQ: Is there exactly one yellow pushpin head facing up...
  SQ: Can you see pushpin in the pushpins?
  [PROMPT]
You are a strict industrial quality control inspector.
Your task is to inspect a pushpins and answer a specific constraint question.

[What a NORMAL pushpins looks like]
1. Components:
   - pushpin

2. Quantities:
   - pushpin: exactly 15

3. Spatial Arrangement:
   - pushpin: center

4. Visual Appearance and Fill Level:
   - pushpin: yellow, round cap with a metal needle
   Relative sizes:
     - pushpin: roughly equal to other components

5. Relational and Proportional Constraints:
   - The pushpins occupy the most space.
   - There are no fixed size ratios between components.

6. Symmetry and Connectivity:
   - Components (pushpins) do not need to be strictly separated or parallel/adjacent unless specified by external constraints like a board layout, which is not shown here.

7. Per-Slot Completeness:
   - Each slot must contain exactly one yellow pushpin head facing up; there should be no empty slots nor any slots with two or more items in them

Question to verify: Can you see pushpin in the pushpins?

Look carefully at the image.
Step 1 — Observe: Describe what you see in the image that is directly relevant to this question. Be specific: count visible objects, note their location (left/right/center), and explicitly state if an expected component appears absent or is in the wrong position.
Step 2 — Conclude with exactly one of:
Result: Yes
Result: No
  [RESPONSE]
Step 1: Observe
- There are a total of 15 slots in the image.
- Each slot contains one yellow pushpin head facing up, except for two slots that do not contain any items.

Step 2:
Result: No
  [ANSWER] No | log_prob=0.0
  [META] {'regex_found': 'No', 'pos': 187, 'mapped_to_token_id': 2458, 'decoded_token': ' No', 'step': 49, 'raw_prob': 1.0}
  [VOTE] 'Is there exactly one yellow pushpin head facing up in each s' → No (Yes=1, No=4)
  [RESULT] anomaly=True score=1.0000
           Logical anomaly detected. Violated constraints:
  - Is there exactly one yellow pushpin head facing up in each slot?

============================================================
Stage 4 | [0] /home/chikibriki/LoqicQA/dataset-ninja/mvtec-loco-ad/test/img/pushpins_logical_anomalies_002.png | gt=logical_anomaly | anomaly_type=1_additional_pushpin
============================================================

  [Sub-Q 1] MQ: Is there exactly one yellow pushpin head facing up...
  SQ: Is there exactly one yellow pushpin head facing up in each slot?
  [PROMPT]
You are a strict industrial quality control inspector.
Your task is to inspect a pushpins and answer a specific constraint question.

[What a NORMAL pushpins looks like]
1. Components:
   - pushpin

2. Quantities:
   - pushpin: exactly 15

3. Spatial Arrangement:
   - pushpin: center

4. Visual Appearance and Fill Level:
   - pushpin: yellow, round cap with a metal needle
   Relative sizes:
     - pushpin: roughly equal to other components

5. Relational and Proportional Constraints:
   - The pushpins occupy the most space.
   - There are no fixed size ratios between components.

6. Symmetry and Connectivity:
   - Components (pushpins) do not need to be strictly separated or parallel/adjacent unless specified by external constraints like a board layout, which is not shown here.

7. Per-Slot Completeness:
   - Each slot must contain exactly one yellow pushpin head facing up; there should be no empty slots nor any slots with two or more items in them

Question to verify: Is there exactly one yellow pushpin head facing up in each slot?

Look carefully at the image.
Step 1 — Observe: Describe what you see in the image that is directly relevant to this question. Be specific: count visible objects, note their location (left/right/center), and explicitly state if an expected component appears absent or is in the wrong position.
Step 2 — Conclude with exactly one of:
Result: Yes
Result: No
  [RESPONSE]
Step 1: Observe
- There are a total of 15 slots.
- Each slot contains one yellow pushpin head facing up.

Step 2:
Result: Yes
  [ANSWER] Yes | log_prob=0.0
  [META] {'regex_found': 'Yes', 'pos': 122, 'mapped_to_token_id': 7560, 'decoded_token': ' Yes', 'step': 35, 'raw_prob': 1.0}

  [Sub-Q 2] MQ: Is there exactly one yellow pushpin head facing up...
  SQ: Are there exactly 15 yellow pushpin heads facing up in the image?
  [PROMPT]
You are a strict industrial quality control inspector.
Your task is to inspect a pushpins and answer a specific constraint question.

[What a NORMAL pushpins looks like]
1. Components:
   - pushpin

2. Quantities:
   - pushpin: exactly 15

3. Spatial Arrangement:
   - pushpin: center

4. Visual Appearance and Fill Level:
   - pushpin: yellow, round cap with a metal needle
   Relative sizes:
     - pushpin: roughly equal to other components

5. Relational and Proportional Constraints:
   - The pushpins occupy the most space.
   - There are no fixed size ratios between components.

6. Symmetry and Connectivity:
   - Components (pushpins) do not need to be strictly separated or parallel/adjacent unless specified by external constraints like a board layout, which is not shown here.

7. Per-Slot Completeness:
   - Each slot must contain exactly one yellow pushpin head facing up; there should be no empty slots nor any slots with two or more items in them

Question to verify: Are there exactly 15 yellow pushpin heads facing up in the image?

Look carefully at the image.
Step 1 — Observe: Describe what you see in the image that is directly relevant to this question. Be specific: count visible objects, note their location (left/right/center), and explicitly state if an expected component appears absent or is in the wrong position.
Step 2 — Conclude with exactly one of:
Result: Yes
Result: No
  [RESPONSE]
Step 1: Observe
- The image shows a clear plastic case with multiple slots.
- Each slot contains one yellow pushpin head facing up, except for the top right and bottom left slots which are empty.

Step 2:
Result: No
  [ANSWER] No | log_prob=0.0
  [META] {'regex_found': 'No', 'pos': 213, 'mapped_to_token_id': 2458, 'decoded_token': ' No', 'step': 50, 'raw_prob': 1.0}

  [Sub-Q 3] MQ: Is there exactly one yellow pushpin head facing up...
  SQ: Is each slot occupied by precisely one upward-facing yellow pushpin head?
  [PROMPT]
You are a strict industrial quality control inspector.
Your task is to inspect a pushpins and answer a specific constraint question.

[What a NORMAL pushpins looks like]
1. Components:
   - pushpin

2. Quantities:
   - pushpin: exactly 15

3. Spatial Arrangement:
   - pushpin: center

4. Visual Appearance and Fill Level:
   - pushpin: yellow, round cap with a metal needle
   Relative sizes:
     - pushpin: roughly equal to other components

5. Relational and Proportional Constraints:
   - The pushpins occupy the most space.
   - There are no fixed size ratios between components.

6. Symmetry and Connectivity:
   - Components (pushpins) do not need to be strictly separated or parallel/adjacent unless specified by external constraints like a board layout, which is not shown here.

7. Per-Slot Completeness:
   - Each slot must contain exactly one yellow pushpin head facing up; there should be no empty slots nor any slots with two or more items in them

Question to verify: Is each slot occupied by precisely one upward-facing yellow pushpin head?

Look carefully at the image.
Step 1 — Observe: Describe what you see in the image that is directly relevant to this question. Be specific: count visible objects, note their location (left/right/center), and explicitly state if an expected component appears absent or is in the wrong position.
Step 2 — Conclude with exactly one of:
Result: Yes
Result: No
  [RESPONSE]
Step 1: Observe
- There are a total of 15 slots.
- Each slot contains one yellow pushpin head facing up.

Step 2:
Result: Yes
  [ANSWER] Yes | log_prob=0.0
  [META] {'regex_found': 'Yes', 'pos': 122, 'mapped_to_token_id': 7560, 'decoded_token': ' Yes', 'step': 35, 'raw_prob': 1.0}

  [Sub-Q 4] MQ: Is there exactly one yellow pushpin head facing up...
  SQ: Does every visible space contain an exact number of yellow pushpins, all oriented upwards?
  [PROMPT]
You are a strict industrial quality control inspector.
Your task is to inspect a pushpins and answer a specific constraint question.

[What a NORMAL pushpins looks like]
1. Components:
   - pushpin

2. Quantities:
   - pushpin: exactly 15

3. Spatial Arrangement:
   - pushpin: center

4. Visual Appearance and Fill Level:
   - pushpin: yellow, round cap with a metal needle
   Relative sizes:
     - pushpin: roughly equal to other components

5. Relational and Proportional Constraints:
   - The pushpins occupy the most space.
   - There are no fixed size ratios between components.

6. Symmetry and Connectivity:
   - Components (pushpins) do not need to be strictly separated or parallel/adjacent unless specified by external constraints like a board layout, which is not shown here.

7. Per-Slot Completeness:
   - Each slot must contain exactly one yellow pushpin head facing up; there should be no empty slots nor any slots with two or more items in them

Question to verify: Does every visible space contain an exact number of yellow pushpins, all oriented upwards?

Look carefully at the image.
Step 1 — Observe: Describe what you see in the image that is directly relevant to this question. Be specific: count visible objects, note their location (left/right/center), and explicitly state if an expected component appears absent or is in the wrong position.
Step 2 — Conclude with exactly one of:
Result: Yes
Result: No
  [RESPONSE]
Step 1: Observe
- The image shows a clear plastic case with multiple compartments.
- Each compartment contains one yellow pushpin head facing upwards, except for the top right and bottom left compartments which are empty.

Step 2:
Result: No
  [ANSWER] No | log_prob=0.0
  [META] {'regex_found': 'No', 'pos': 239, 'mapped_to_token_id': 2458, 'decoded_token': ' No', 'step': 52, 'raw_prob': 1.0}

  [Sub-Q 5] MQ: Is there exactly one yellow pushpin head facing up...
  SQ: Can you see pushpin in the pushpins?
  [PROMPT]
You are a strict industrial quality control inspector.
Your task is to inspect a pushpins and answer a specific constraint question.

[What a NORMAL pushpins looks like]
1. Components:
   - pushpin

2. Quantities:
   - pushpin: exactly 15

3. Spatial Arrangement:
   - pushpin: center

4. Visual Appearance and Fill Level:
   - pushpin: yellow, round cap with a metal needle
   Relative sizes:
     - pushpin: roughly equal to other components

5. Relational and Proportional Constraints:
   - The pushpins occupy the most space.
   - There are no fixed size ratios between components.

6. Symmetry and Connectivity:
   - Components (pushpins) do not need to be strictly separated or parallel/adjacent unless specified by external constraints like a board layout, which is not shown here.

7. Per-Slot Completeness:
   - Each slot must contain exactly one yellow pushpin head facing up; there should be no empty slots nor any slots with two or more items in them

Question to verify: Can you see pushpin in the pushpins?

Look carefully at the image.
Step 1 — Observe: Describe what you see in the image that is directly relevant to this question. Be specific: count visible objects, note their location (left/right/center), and explicitly state if an expected component appears absent or is in the wrong position.
Step 2 — Conclude with exactly one of:
Result: Yes
Result: No
  [RESPONSE]
Step 1: Observe
- There are a total of 15 slots in the image.
- Each slot contains one yellow pushpin head facing up, with no empty slots or extra items.

Step 2:
Result: Yes
  [ANSWER] Yes | log_prob=0.0
  [META] {'regex_found': 'Yes', 'pos': 171, 'mapped_to_token_id': 7560, 'decoded_token': ' Yes', 'step': 46, 'raw_prob': 1.0}
  [VOTE] 'Is there exactly one yellow pushpin head facing up in each s' → Yes (Yes=3, No=2)
  [RESULT] anomaly=False score=0.0000
           Image appears normal. All constraints satisfied.

============================================================
Stage 4 | [0] /home/chikibriki/LoqicQA/dataset-ninja/mvtec-loco-ad/test/img/pushpins_logical_anomalies_003.png | gt=logical_anomaly | anomaly_type=1_additional_pushpin
============================================================

  [Sub-Q 1] MQ: Is there exactly one yellow pushpin head facing up...
  SQ: Is there exactly one yellow pushpin head facing up in each slot?
  [PROMPT]
You are a strict industrial quality control inspector.
Your task is to inspect a pushpins and answer a specific constraint question.

[What a NORMAL pushpins looks like]
1. Components:
   - pushpin

2. Quantities:
   - pushpin: exactly 15

3. Spatial Arrangement:
   - pushpin: center

4. Visual Appearance and Fill Level:
   - pushpin: yellow, round cap with a metal needle
   Relative sizes:
     - pushpin: roughly equal to other components

5. Relational and Proportional Constraints:
   - The pushpins occupy the most space.
   - There are no fixed size ratios between components.

6. Symmetry and Connectivity:
   - Components (pushpins) do not need to be strictly separated or parallel/adjacent unless specified by external constraints like a board layout, which is not shown here.

7. Per-Slot Completeness:
   - Each slot must contain exactly one yellow pushpin head facing up; there should be no empty slots nor any slots with two or more items in them

Question to verify: Is there exactly one yellow pushpin head facing up in each slot?

Look carefully at the image.
Step 1 — Observe: Describe what you see in the image that is directly relevant to this question. Be specific: count visible objects, note their location (left/right/center), and explicitly state if an expected component appears absent or is in the wrong position.
Step 2 — Conclude with exactly one of:
Result: Yes
Result: No
  [RESPONSE]
Step 1: Observe
- The image shows a clear plastic case with multiple slots.
- Each slot contains one yellow pushpin head facing up, except for the top left and bottom right slots which are empty.

Step 2:
Result: No
  [ANSWER] No | log_prob=0.0
  [META] {'regex_found': 'No', 'pos': 213, 'mapped_to_token_id': 2458, 'decoded_token': ' No', 'step': 50, 'raw_prob': 1.0}

  [Sub-Q 2] MQ: Is there exactly one yellow pushpin head facing up...
  SQ: Are there exactly 15 yellow pushpin heads facing up in the image?
  [PROMPT]
You are a strict industrial quality control inspector.
Your task is to inspect a pushpins and answer a specific constraint question.

[What a NORMAL pushpins looks like]
1. Components:
   - pushpin

2. Quantities:
   - pushpin: exactly 15

3. Spatial Arrangement:
   - pushpin: center

4. Visual Appearance and Fill Level:
   - pushpin: yellow, round cap with a metal needle
   Relative sizes:
     - pushpin: roughly equal to other components

5. Relational and Proportional Constraints:
   - The pushpins occupy the most space.
   - There are no fixed size ratios between components.

6. Symmetry and Connectivity:
   - Components (pushpins) do not need to be strictly separated or parallel/adjacent unless specified by external constraints like a board layout, which is not shown here.

7. Per-Slot Completeness:
   - Each slot must contain exactly one yellow pushpin head facing up; there should be no empty slots nor any slots with two or more items in them

Question to verify: Are there exactly 15 yellow pushpin heads facing up in the image?

Look carefully at the image.
Step 1 — Observe: Describe what you see in the image that is directly relevant to this question. Be specific: count visible objects, note their location (left/right/center), and explicitly state if an expected component appears absent or is in the wrong position.
Step 2 — Conclude with exactly one of:
Result: Yes
Result: No
  [RESPONSE]
Step 1: Observe
- The image shows a plastic case with multiple compartments.
- Each compartment contains one yellow pushpin head facing up, except for the top left and bottom right compartments which are empty.

Step 2:
Result: No
  [ANSWER] No | log_prob=0.0
  [META] {'regex_found': 'No', 'pos': 228, 'mapped_to_token_id': 2458, 'decoded_token': ' No', 'step': 51, 'raw_prob': 1.0}

  [Sub-Q 3] MQ: Is there exactly one yellow pushpin head facing up...
  SQ: Is each slot occupied by precisely one upward-facing yellow pushpin head?
  [PROMPT]
You are a strict industrial quality control inspector.
Your task is to inspect a pushpins and answer a specific constraint question.

[What a NORMAL pushpins looks like]
1. Components:
   - pushpin

2. Quantities:
   - pushpin: exactly 15

3. Spatial Arrangement:
   - pushpin: center

4. Visual Appearance and Fill Level:
   - pushpin: yellow, round cap with a metal needle
   Relative sizes:
     - pushpin: roughly equal to other components

5. Relational and Proportional Constraints:
   - The pushpins occupy the most space.
   - There are no fixed size ratios between components.

6. Symmetry and Connectivity:
   - Components (pushpins) do not need to be strictly separated or parallel/adjacent unless specified by external constraints like a board layout, which is not shown here.

7. Per-Slot Completeness:
   - Each slot must contain exactly one yellow pushpin head facing up; there should be no empty slots nor any slots with two or more items in them

Question to verify: Is each slot occupied by precisely one upward-facing yellow pushpin head?

Look carefully at the image.
Step 1 — Observe: Describe what you see in the image that is directly relevant to this question. Be specific: count visible objects, note their location (left/right/center), and explicitly state if an expected component appears absent or is in the wrong position.
Step 2 — Conclude with exactly one of:
Result: Yes
Result: No
  [RESPONSE]
Step 1: Observe
- There are a total of 15 slots.
- Each slot contains one yellow pushpin head facing up.

Step 2:
Result: Yes
  [ANSWER] Yes | log_prob=0.0
  [META] {'regex_found': 'Yes', 'pos': 122, 'mapped_to_token_id': 7560, 'decoded_token': ' Yes', 'step': 35, 'raw_prob': 1.0}

  [Sub-Q 4] MQ: Is there exactly one yellow pushpin head facing up...
  SQ: Does every visible space contain an exact number of yellow pushpins, all oriented upwards?
  [PROMPT]
You are a strict industrial quality control inspector.
Your task is to inspect a pushpins and answer a specific constraint question.

[What a NORMAL pushpins looks like]
1. Components:
   - pushpin

2. Quantities:
   - pushpin: exactly 15

3. Spatial Arrangement:
   - pushpin: center

4. Visual Appearance and Fill Level:
   - pushpin: yellow, round cap with a metal needle
   Relative sizes:
     - pushpin: roughly equal to other components

5. Relational and Proportional Constraints:
   - The pushpins occupy the most space.
   - There are no fixed size ratios between components.

6. Symmetry and Connectivity:
   - Components (pushpins) do not need to be strictly separated or parallel/adjacent unless specified by external constraints like a board layout, which is not shown here.

7. Per-Slot Completeness:
   - Each slot must contain exactly one yellow pushpin head facing up; there should be no empty slots nor any slots with two or more items in them

Question to verify: Does every visible space contain an exact number of yellow pushpins, all oriented upwards?

Look carefully at the image.
Step 1 — Observe: Describe what you see in the image that is directly relevant to this question. Be specific: count visible objects, note their location (left/right/center), and explicitly state if an expected component appears absent or is in the wrong position.
Step 2 — Conclude with exactly one of:
Result: Yes
Result: No
  [RESPONSE]
Step 1: Observe
- The image shows a clear plastic case with multiple compartments.
- Each compartment contains one yellow pushpin head facing upwards, except for the top left and bottom right compartments which are empty.

Step 2:
Result: No
  [ANSWER] No | log_prob=0.0
  [META] {'regex_found': 'No', 'pos': 239, 'mapped_to_token_id': 2458, 'decoded_token': ' No', 'step': 52, 'raw_prob': 1.0}

  [Sub-Q 5] MQ: Is there exactly one yellow pushpin head facing up...
  SQ: Can you see pushpin in the pushpins?
  [PROMPT]
You are a strict industrial quality control inspector.
Your task is to inspect a pushpins and answer a specific constraint question.

[What a NORMAL pushpins looks like]
1. Components:
   - pushpin

2. Quantities:
   - pushpin: exactly 15

3. Spatial Arrangement:
   - pushpin: center

4. Visual Appearance and Fill Level:
   - pushpin: yellow, round cap with a metal needle
   Relative sizes:
     - pushpin: roughly equal to other components

5. Relational and Proportional Constraints:
   - The pushpins occupy the most space.
   - There are no fixed size ratios between components.

6. Symmetry and Connectivity:
   - Components (pushpins) do not need to be strictly separated or parallel/adjacent unless specified by external constraints like a board layout, which is not shown here.

7. Per-Slot Completeness:
   - Each slot must contain exactly one yellow pushpin head facing up; there should be no empty slots nor any slots with two or more items in them

Question to verify: Can you see pushpin in the pushpins?

Look carefully at the image.
Step 1 — Observe: Describe what you see in the image that is directly relevant to this question. Be specific: count visible objects, note their location (left/right/center), and explicitly state if an expected component appears absent or is in the wrong position.
Step 2 — Conclude with exactly one of:
Result: Yes
Result: No
  [RESPONSE]
Step 1: Observe
- The image shows a plastic case with multiple slots.
- Each slot contains one yellow pushpin head facing up, except for the top left and bottom right slots which are empty.

Step 2:
Result: No
  [ANSWER] No | log_prob=0.0
  [META] {'regex_found': 'No', 'pos': 207, 'mapped_to_token_id': 2458, 'decoded_token': ' No', 'step': 49, 'raw_prob': 1.0}
  [VOTE] 'Is there exactly one yellow pushpin head facing up in each s' → No (Yes=1, No=4)
  [RESULT] anomaly=True score=1.0000
           Logical anomaly detected. Violated constraints:
  - Is there exactly one yellow pushpin head facing up in each slot?

============================================================
Stage 4 | [0] /home/chikibriki/LoqicQA/dataset-ninja/mvtec-loco-ad/test/img/pushpins_logical_anomalies_004.png | gt=logical_anomaly | anomaly_type=1_additional_pushpin
============================================================

  [Sub-Q 1] MQ: Is there exactly one yellow pushpin head facing up...
  SQ: Is there exactly one yellow pushpin head facing up in each slot?
  [PROMPT]
You are a strict industrial quality control inspector.
Your task is to inspect a pushpins and answer a specific constraint question.

[What a NORMAL pushpins looks like]
1. Components:
   - pushpin

2. Quantities:
   - pushpin: exactly 15

3. Spatial Arrangement:
   - pushpin: center

4. Visual Appearance and Fill Level:
   - pushpin: yellow, round cap with a metal needle
   Relative sizes:
     - pushpin: roughly equal to other components

5. Relational and Proportional Constraints:
   - The pushpins occupy the most space.
   - There are no fixed size ratios between components.

6. Symmetry and Connectivity:
   - Components (pushpins) do not need to be strictly separated or parallel/adjacent unless specified by external constraints like a board layout, which is not shown here.

7. Per-Slot Completeness:
   - Each slot must contain exactly one yellow pushpin head facing up; there should be no empty slots nor any slots with two or more items in them

Question to verify: Is there exactly one yellow pushpin head facing up in each slot?

Look carefully at the image.
Step 1 — Observe: Describe what you see in the image that is directly relevant to this question. Be specific: count visible objects, note their location (left/right/center), and explicitly state if an expected component appears absent or is in the wrong position.
Step 2 — Conclude with exactly one of:
Result: Yes
Result: No
  [RESPONSE]
Step 1: Observe
- The image shows a clear plastic case with multiple slots.
- Each slot contains one yellow pushpin head facing up, except for the bottom right slot which is empty.

Step 2: Conclude 
Result: No
  [ANSWER] No | log_prob=0.0
  [META] {'regex_found': 'No', 'pos': 208, 'mapped_to_token_id': 2458, 'decoded_token': ' No', 'step': 50, 'raw_prob': 1.0}

  [Sub-Q 2] MQ: Is there exactly one yellow pushpin head facing up...
  SQ: Are there exactly 15 yellow pushpin heads facing up in the image?
  [PROMPT]
You are a strict industrial quality control inspector.
Your task is to inspect a pushpins and answer a specific constraint question.

[What a NORMAL pushpins looks like]
1. Components:
   - pushpin

2. Quantities:
   - pushpin: exactly 15

3. Spatial Arrangement:
   - pushpin: center

4. Visual Appearance and Fill Level:
   - pushpin: yellow, round cap with a metal needle
   Relative sizes:
     - pushpin: roughly equal to other components

5. Relational and Proportional Constraints:
   - The pushpins occupy the most space.
   - There are no fixed size ratios between components.

6. Symmetry and Connectivity:
   - Components (pushpins) do not need to be strictly separated or parallel/adjacent unless specified by external constraints like a board layout, which is not shown here.

7. Per-Slot Completeness:
   - Each slot must contain exactly one yellow pushpin head facing up; there should be no empty slots nor any slots with two or more items in them

Question to verify: Are there exactly 15 yellow pushpin heads facing up in the image?

Look carefully at the image.
Step 1 — Observe: Describe what you see in the image that is directly relevant to this question. Be specific: count visible objects, note their location (left/right/center), and explicitly state if an expected component appears absent or is in the wrong position.
Step 2 — Conclude with exactly one of:
Result: Yes
Result: No
  [RESPONSE]
Step 1: Observe
- The image shows a container with multiple slots.
- Each slot contains one yellow pushpin head facing up, except for the bottom right corner where there is no visible item.

Step 2:
Result: No
  [ANSWER] No | log_prob=0.0
  [META] {'regex_found': 'No', 'pos': 207, 'mapped_to_token_id': 2458, 'decoded_token': ' No', 'step': 48, 'raw_prob': 1.0}

  [Sub-Q 3] MQ: Is there exactly one yellow pushpin head facing up...
  SQ: Is each slot occupied by precisely one upward-facing yellow pushpin head?
  [PROMPT]
You are a strict industrial quality control inspector.
Your task is to inspect a pushpins and answer a specific constraint question.

[What a NORMAL pushpins looks like]
1. Components:
   - pushpin

2. Quantities:
   - pushpin: exactly 15

3. Spatial Arrangement:
   - pushpin: center

4. Visual Appearance and Fill Level:
   - pushpin: yellow, round cap with a metal needle
   Relative sizes:
     - pushpin: roughly equal to other components

5. Relational and Proportional Constraints:
   - The pushpins occupy the most space.
   - There are no fixed size ratios between components.

6. Symmetry and Connectivity:
   - Components (pushpins) do not need to be strictly separated or parallel/adjacent unless specified by external constraints like a board layout, which is not shown here.

7. Per-Slot Completeness:
   - Each slot must contain exactly one yellow pushpin head facing up; there should be no empty slots nor any slots with two or more items in them

Question to verify: Is each slot occupied by precisely one upward-facing yellow pushpin head?

Look carefully at the image.
Step 1 — Observe: Describe what you see in the image that is directly relevant to this question. Be specific: count visible objects, note their location (left/right/center), and explicitly state if an expected component appears absent or is in the wrong position.
Step 2 — Conclude with exactly one of:
Result: Yes
Result: No
  [RESPONSE]
Step 1: Observe
- The image shows a clear plastic case with multiple slots.
- Each slot contains one yellow pushpin head facing up, except for the bottom right corner where there is an empty slot.

Step 2:
Result: No
  [ANSWER] No | log_prob=0.0
  [META] {'regex_found': 'No', 'pos': 214, 'mapped_to_token_id': 2458, 'decoded_token': ' No', 'step': 50, 'raw_prob': 1.0}

  [Sub-Q 4] MQ: Is there exactly one yellow pushpin head facing up...
  SQ: Does every visible space contain an exact number of yellow pushpins, all oriented upwards?
  [PROMPT]
You are a strict industrial quality control inspector.
Your task is to inspect a pushpins and answer a specific constraint question.

[What a NORMAL pushpins looks like]
1. Components:
   - pushpin

2. Quantities:
   - pushpin: exactly 15

3. Spatial Arrangement:
   - pushpin: center

4. Visual Appearance and Fill Level:
   - pushpin: yellow, round cap with a metal needle
   Relative sizes:
     - pushpin: roughly equal to other components

5. Relational and Proportional Constraints:
   - The pushpins occupy the most space.
   - There are no fixed size ratios between components.

6. Symmetry and Connectivity:
   - Components (pushpins) do not need to be strictly separated or parallel/adjacent unless specified by external constraints like a board layout, which is not shown here.

7. Per-Slot Completeness:
   - Each slot must contain exactly one yellow pushpin head facing up; there should be no empty slots nor any slots with two or more items in them

Question to verify: Does every visible space contain an exact number of yellow pushpins, all oriented upwards?

Look carefully at the image.
Step 1 — Observe: Describe what you see in the image that is directly relevant to this question. Be specific: count visible objects, note their location (left/right/center), and explicitly state if an expected component appears absent or is in the wrong position.
Step 2 — Conclude with exactly one of:
Result: Yes
Result: No
  [RESPONSE]
Step 1: Observe
- The image shows a clear plastic case with multiple compartments.
- Each compartment contains one yellow pushpin head facing upwards, except for the bottom right corner where there is an empty slot.

Step 2:
Result: No
  [ANSWER] No | log_prob=0.0
  [META] {'regex_found': 'No', 'pos': 233, 'mapped_to_token_id': 2458, 'decoded_token': ' No', 'step': 51, 'raw_prob': 1.0}

  [Sub-Q 5] MQ: Is there exactly one yellow pushpin head facing up...
  SQ: Can you see pushpin in the pushpins?
  [PROMPT]
You are a strict industrial quality control inspector.
Your task is to inspect a pushpins and answer a specific constraint question.

[What a NORMAL pushpins looks like]
1. Components:
   - pushpin

2. Quantities:
   - pushpin: exactly 15

3. Spatial Arrangement:
   - pushpin: center

4. Visual Appearance and Fill Level:
   - pushpin: yellow, round cap with a metal needle
   Relative sizes:
     - pushpin: roughly equal to other components

5. Relational and Proportional Constraints:
   - The pushpins occupy the most space.
   - There are no fixed size ratios between components.

6. Symmetry and Connectivity:
   - Components (pushpins) do not need to be strictly separated or parallel/adjacent unless specified by external constraints like a board layout, which is not shown here.

7. Per-Slot Completeness:
   - Each slot must contain exactly one yellow pushpin head facing up; there should be no empty slots nor any slots with two or more items in them

Question to verify: Can you see pushpin in the pushpins?

Look carefully at the image.
Step 1 — Observe: Describe what you see in the image that is directly relevant to this question. Be specific: count visible objects, note their location (left/right/center), and explicitly state if an expected component appears absent or is in the wrong position.
Step 2 — Conclude with exactly one of:
Result: Yes
Result: No
  [RESPONSE]
Step 1: Observe
- The image shows a clear plastic case with multiple compartments.
- Each compartment contains one yellow pushpin head facing up, except for the bottom right corner where there is an empty slot.

Step 2:
Result: No
  [ANSWER] No | log_prob=0.0
  [META] {'regex_found': 'No', 'pos': 228, 'mapped_to_token_id': 2458, 'decoded_token': ' No', 'step': 51, 'raw_prob': 1.0}
  [VOTE] 'Is there exactly one yellow pushpin head facing up in each s' → No (Yes=0, No=5)
  [RESULT] anomaly=True score=1.0000
           Logical anomaly detected. Violated constraints:
  - Is there exactly one yellow pushpin head facing up in each slot?

============================================================
Stage 4 | [0] /home/chikibriki/LoqicQA/dataset-ninja/mvtec-loco-ad/test/img/pushpins_logical_anomalies_025.png | gt=logical_anomaly | anomaly_type=1_additional_pushpin,missing_pushpin
============================================================

  [Sub-Q 1] MQ: Is there exactly one yellow pushpin head facing up...
  SQ: Is there exactly one yellow pushpin head facing up in each slot?
  [PROMPT]
You are a strict industrial quality control inspector.
Your task is to inspect a pushpins and answer a specific constraint question.

[What a NORMAL pushpins looks like]
1. Components:
   - pushpin

2. Quantities:
   - pushpin: exactly 15

3. Spatial Arrangement:
   - pushpin: center

4. Visual Appearance and Fill Level:
   - pushpin: yellow, round cap with a metal needle
   Relative sizes:
     - pushpin: roughly equal to other components

5. Relational and Proportional Constraints:
   - The pushpins occupy the most space.
   - There are no fixed size ratios between components.

6. Symmetry and Connectivity:
   - Components (pushpins) do not need to be strictly separated or parallel/adjacent unless specified by external constraints like a board layout, which is not shown here.

7. Per-Slot Completeness:
   - Each slot must contain exactly one yellow pushpin head facing up; there should be no empty slots nor any slots with two or more items in them

Question to verify: Is there exactly one yellow pushpin head facing up in each slot?

Look carefully at the image.
Step 1 — Observe: Describe what you see in the image that is directly relevant to this question. Be specific: count visible objects, note their location (left/right/center), and explicitly state if an expected component appears absent or is in the wrong position.
Step 2 — Conclude with exactly one of:
Result: Yes
Result: No
  [RESPONSE]
Step 1: Observe
- There are a total of nine slots in the image.
- Each slot contains one yellow pushpin head facing up.

Step 2:
Result: Yes
  [ANSWER] Yes | log_prob=0.0
  [META] {'regex_found': 'Yes', 'pos': 137, 'mapped_to_token_id': 7560, 'decoded_token': ' Yes', 'step': 37, 'raw_prob': 1.0}

  [Sub-Q 2] MQ: Is there exactly one yellow pushpin head facing up...
  SQ: Are there exactly 15 yellow pushpin heads facing up in the image?
  [PROMPT]
You are a strict industrial quality control inspector.
Your task is to inspect a pushpins and answer a specific constraint question.

[What a NORMAL pushpins looks like]
1. Components:
   - pushpin

2. Quantities:
   - pushpin: exactly 15

3. Spatial Arrangement:
   - pushpin: center

4. Visual Appearance and Fill Level:
   - pushpin: yellow, round cap with a metal needle
   Relative sizes:
     - pushpin: roughly equal to other components

5. Relational and Proportional Constraints:
   - The pushpins occupy the most space.
   - There are no fixed size ratios between components.

6. Symmetry and Connectivity:
   - Components (pushpins) do not need to be strictly separated or parallel/adjacent unless specified by external constraints like a board layout, which is not shown here.

7. Per-Slot Completeness:
   - Each slot must contain exactly one yellow pushpin head facing up; there should be no empty slots nor any slots with two or more items in them

Question to verify: Are there exactly 15 yellow pushpin heads facing up in the image?

Look carefully at the image.
Step 1 — Observe: Describe what you see in the image that is directly relevant to this question. Be specific: count visible objects, note their location (left/right/center), and explicitly state if an expected component appears absent or is in the wrong position.
Step 2 — Conclude with exactly one of:
Result: Yes
Result: No
  [RESPONSE]
Step 1: Observe
- The image shows a clear plastic case with multiple slots.
- Each slot contains one yellow pushpin head facing up, except for the bottom right and middle left slots which are empty.

Step 2:
Result: No
  [ANSWER] No | log_prob=0.0
  [META] {'regex_found': 'No', 'pos': 216, 'mapped_to_token_id': 2458, 'decoded_token': ' No', 'step': 50, 'raw_prob': 1.0}

  [Sub-Q 3] MQ: Is there exactly one yellow pushpin head facing up...
  SQ: Is each slot occupied by precisely one upward-facing yellow pushpin head?
  [PROMPT]
You are a strict industrial quality control inspector.
Your task is to inspect a pushpins and answer a specific constraint question.

[What a NORMAL pushpins looks like]
1. Components:
   - pushpin

2. Quantities:
   - pushpin: exactly 15

3. Spatial Arrangement:
   - pushpin: center

4. Visual Appearance and Fill Level:
   - pushpin: yellow, round cap with a metal needle
   Relative sizes:
     - pushpin: roughly equal to other components

5. Relational and Proportional Constraints:
   - The pushpins occupy the most space.
   - There are no fixed size ratios between components.

6. Symmetry and Connectivity:
   - Components (pushpins) do not need to be strictly separated or parallel/adjacent unless specified by external constraints like a board layout, which is not shown here.

7. Per-Slot Completeness:
   - Each slot must contain exactly one yellow pushpin head facing up; there should be no empty slots nor any slots with two or more items in them

Question to verify: Is each slot occupied by precisely one upward-facing yellow pushpin head?

Look carefully at the image.
Step 1 — Observe: Describe what you see in the image that is directly relevant to this question. Be specific: count visible objects, note their location (left/right/center), and explicitly state if an expected component appears absent or is in the wrong position.
Step 2 — Conclude with exactly one of:
Result: Yes
Result: No
  [RESPONSE]
Step 1: Observe
- The image shows a plastic case with multiple slots.
- Each slot contains one yellow pushpin head facing up, except for the bottom right and middle left slots which are empty.

Step 2:
Result: No
  [ANSWER] No | log_prob=0.0
  [META] {'regex_found': 'No', 'pos': 210, 'mapped_to_token_id': 2458, 'decoded_token': ' No', 'step': 49, 'raw_prob': 1.0}

  [Sub-Q 4] MQ: Is there exactly one yellow pushpin head facing up...
  SQ: Does every visible space contain an exact number of yellow pushpins, all oriented upwards?
  [PROMPT]
You are a strict industrial quality control inspector.
Your task is to inspect a pushpins and answer a specific constraint question.

[What a NORMAL pushpins looks like]
1. Components:
   - pushpin

2. Quantities:
   - pushpin: exactly 15

3. Spatial Arrangement:
   - pushpin: center

4. Visual Appearance and Fill Level:
   - pushpin: yellow, round cap with a metal needle
   Relative sizes:
     - pushpin: roughly equal to other components

5. Relational and Proportional Constraints:
   - The pushpins occupy the most space.
   - There are no fixed size ratios between components.

6. Symmetry and Connectivity:
   - Components (pushpins) do not need to be strictly separated or parallel/adjacent unless specified by external constraints like a board layout, which is not shown here.

7. Per-Slot Completeness:
   - Each slot must contain exactly one yellow pushpin head facing up; there should be no empty slots nor any slots with two or more items in them

Question to verify: Does every visible space contain an exact number of yellow pushpins, all oriented upwards?

Look carefully at the image.
Step 1 — Observe: Describe what you see in the image that is directly relevant to this question. Be specific: count visible objects, note their location (left/right/center), and explicitly state if an expected component appears absent or is in the wrong position.
Step 2 — Conclude with exactly one of:
Result: Yes
Result: No
  [RESPONSE]
Step 1: Observe
- The image shows a clear plastic case with multiple compartments.
- Each compartment contains one yellow pushpin head facing upwards, except for the bottom right corner where there is an empty slot.

Step 2:
Result: No
  [ANSWER] No | log_prob=0.0
  [META] {'regex_found': 'No', 'pos': 233, 'mapped_to_token_id': 2458, 'decoded_token': ' No', 'step': 51, 'raw_prob': 1.0}

  [Sub-Q 5] MQ: Is there exactly one yellow pushpin head facing up...
  SQ: Can you see pushpin in the pushpins?
  [PROMPT]
You are a strict industrial quality control inspector.
Your task is to inspect a pushpins and answer a specific constraint question.

[What a NORMAL pushpins looks like]
1. Components:
   - pushpin

2. Quantities:
   - pushpin: exactly 15

3. Spatial Arrangement:
   - pushpin: center

4. Visual Appearance and Fill Level:
   - pushpin: yellow, round cap with a metal needle
   Relative sizes:
     - pushpin: roughly equal to other components

5. Relational and Proportional Constraints:
   - The pushpins occupy the most space.
   - There are no fixed size ratios between components.

6. Symmetry and Connectivity:
   - Components (pushpins) do not need to be strictly separated or parallel/adjacent unless specified by external constraints like a board layout, which is not shown here.

7. Per-Slot Completeness:
   - Each slot must contain exactly one yellow pushpin head facing up; there should be no empty slots nor any slots with two or more items in them

Question to verify: Can you see pushpin in the pushpins?

Look carefully at the image.
Step 1 — Observe: Describe what you see in the image that is directly relevant to this question. Be specific: count visible objects, note their location (left/right/center), and explicitly state if an expected component appears absent or is in the wrong position.
Step 2 — Conclude with exactly one of:
Result: Yes
Result: No
  [RESPONSE]
Step 1: Observe
- There are a total of 15 slots in the image.
- Each slot contains one yellow pushpin head facing up, except for two empty slots.

Step 2:
Result: Yes
  [ANSWER] Yes | log_prob=0.0
  [META] {'regex_found': 'Yes', 'pos': 163, 'mapped_to_token_id': 7560, 'decoded_token': ' Yes', 'step': 44, 'raw_prob': 1.0}
  [VOTE] 'Is there exactly one yellow pushpin head facing up in each s' → No (Yes=2, No=3)
  [RESULT] anomaly=True score=1.0000
           Logical anomaly detected. Violated constraints:
  - Is there exactly one yellow pushpin head facing up in each slot?

============================================================
Stage 4 | [0] /home/chikibriki/LoqicQA/dataset-ninja/mvtec-loco-ad/test/img/pushpins_logical_anomalies_026.png | gt=logical_anomaly | anomaly_type=1_additional_pushpin,missing_pushpin
============================================================

  [Sub-Q 1] MQ: Is there exactly one yellow pushpin head facing up...
  SQ: Is there exactly one yellow pushpin head facing up in each slot?
  [PROMPT]
You are a strict industrial quality control inspector.
Your task is to inspect a pushpins and answer a specific constraint question.

[What a NORMAL pushpins looks like]
1. Components:
   - pushpin

2. Quantities:
   - pushpin: exactly 15

3. Spatial Arrangement:
   - pushpin: center

4. Visual Appearance and Fill Level:
   - pushpin: yellow, round cap with a metal needle
   Relative sizes:
     - pushpin: roughly equal to other components

5. Relational and Proportional Constraints:
   - The pushpins occupy the most space.
   - There are no fixed size ratios between components.

6. Symmetry and Connectivity:
   - Components (pushpins) do not need to be strictly separated or parallel/adjacent unless specified by external constraints like a board layout, which is not shown here.

7. Per-Slot Completeness:
   - Each slot must contain exactly one yellow pushpin head facing up; there should be no empty slots nor any slots with two or more items in them

Question to verify: Is there exactly one yellow pushpin head facing up in each slot?

Look carefully at the image.
Step 1 — Observe: Describe what you see in the image that is directly relevant to this question. Be specific: count visible objects, note their location (left/right/center), and explicitly state if an expected component appears absent or is in the wrong position.
Step 2 — Conclude with exactly one of:
Result: Yes
Result: No
  [RESPONSE]
Step 1: Observe
- There are a total of 15 slots.
- Each slot contains exactly one yellow pushpin head facing up.

Step 2:
Result: Yes
  [ANSWER] Yes | log_prob=0.0
  [META] {'regex_found': 'Yes', 'pos': 130, 'mapped_to_token_id': 7560, 'decoded_token': ' Yes', 'step': 36, 'raw_prob': 1.0}

  [Sub-Q 2] MQ: Is there exactly one yellow pushpin head facing up...
  SQ: Are there exactly 15 yellow pushpin heads facing up in the image?
  [PROMPT]
You are a strict industrial quality control inspector.
Your task is to inspect a pushpins and answer a specific constraint question.

[What a NORMAL pushpins looks like]
1. Components:
   - pushpin

2. Quantities:
   - pushpin: exactly 15

3. Spatial Arrangement:
   - pushpin: center

4. Visual Appearance and Fill Level:
   - pushpin: yellow, round cap with a metal needle
   Relative sizes:
     - pushpin: roughly equal to other components

5. Relational and Proportional Constraints:
   - The pushpins occupy the most space.
   - There are no fixed size ratios between components.

6. Symmetry and Connectivity:
   - Components (pushpins) do not need to be strictly separated or parallel/adjacent unless specified by external constraints like a board layout, which is not shown here.

7. Per-Slot Completeness:
   - Each slot must contain exactly one yellow pushpin head facing up; there should be no empty slots nor any slots with two or more items in them

Question to verify: Are there exactly 15 yellow pushpin heads facing up in the image?

Look carefully at the image.
Step 1 — Observe: Describe what you see in the image that is directly relevant to this question. Be specific: count visible objects, note their location (left/right/center), and explicitly state if an expected component appears absent or is in the wrong position.
Step 2 — Conclude with exactly one of:
Result: Yes
Result: No
  [RESPONSE]
Step 1: Observe
- The image shows a container with multiple slots.
- Each slot contains one yellow pushpin head facing up, except for the top-left and bottom-right corners which are empty.

Step 2:
Result: No
  [ANSWER] No | log_prob=0.0
  [META] {'regex_found': 'No', 'pos': 206, 'mapped_to_token_id': 2458, 'decoded_token': ' No', 'step': 48, 'raw_prob': 1.0}

  [Sub-Q 3] MQ: Is there exactly one yellow pushpin head facing up...
  SQ: Is each slot occupied by precisely one upward-facing yellow pushpin head?
  [PROMPT]
You are a strict industrial quality control inspector.
Your task is to inspect a pushpins and answer a specific constraint question.

[What a NORMAL pushpins looks like]
1. Components:
   - pushpin

2. Quantities:
   - pushpin: exactly 15

3. Spatial Arrangement:
   - pushpin: center

4. Visual Appearance and Fill Level:
   - pushpin: yellow, round cap with a metal needle
   Relative sizes:
     - pushpin: roughly equal to other components

5. Relational and Proportional Constraints:
   - The pushpins occupy the most space.
   - There are no fixed size ratios between components.

6. Symmetry and Connectivity:
   - Components (pushpins) do not need to be strictly separated or parallel/adjacent unless specified by external constraints like a board layout, which is not shown here.

7. Per-Slot Completeness:
   - Each slot must contain exactly one yellow pushpin head facing up; there should be no empty slots nor any slots with two or more items in them

Question to verify: Is each slot occupied by precisely one upward-facing yellow pushpin head?

Look carefully at the image.
Step 1 — Observe: Describe what you see in the image that is directly relevant to this question. Be specific: count visible objects, note their location (left/right/center), and explicitly state if an expected component appears absent or is in the wrong position.
Step 2 — Conclude with exactly one of:
Result: Yes
Result: No
  [RESPONSE]
Step 1: Observe
- The image shows a tray with multiple slots.
- Each slot contains one yellow pushpin head facing up, except for the top left and bottom right corners where there are no visible items.

Step 2:
Result: No
  [ANSWER] No | log_prob=0.0
  [META] {'regex_found': 'No', 'pos': 218, 'mapped_to_token_id': 2458, 'decoded_token': ' No', 'step': 51, 'raw_prob': 1.0}

  [Sub-Q 4] MQ: Is there exactly one yellow pushpin head facing up...
  SQ: Does every visible space contain an exact number of yellow pushpins, all oriented upwards?
  [PROMPT]
You are a strict industrial quality control inspector.
Your task is to inspect a pushpins and answer a specific constraint question.

[What a NORMAL pushpins looks like]
1. Components:
   - pushpin

2. Quantities:
   - pushpin: exactly 15

3. Spatial Arrangement:
   - pushpin: center

4. Visual Appearance and Fill Level:
   - pushpin: yellow, round cap with a metal needle
   Relative sizes:
     - pushpin: roughly equal to other components

5. Relational and Proportional Constraints:
   - The pushpins occupy the most space.
   - There are no fixed size ratios between components.

6. Symmetry and Connectivity:
   - Components (pushpins) do not need to be strictly separated or parallel/adjacent unless specified by external constraints like a board layout, which is not shown here.

7. Per-Slot Completeness:
   - Each slot must contain exactly one yellow pushpin head facing up; there should be no empty slots nor any slots with two or more items in them

Question to verify: Does every visible space contain an exact number of yellow pushpins, all oriented upwards?

Look carefully at the image.
Step 1 — Observe: Describe what you see in the image that is directly relevant to this question. Be specific: count visible objects, note their location (left/right/center), and explicitly state if an expected component appears absent or is in the wrong position.
Step 2 — Conclude with exactly one of:
Result: Yes
Result: No
  [RESPONSE]
Step 1: Observe
- The image shows a clear plastic case with multiple compartments.
- Each compartment contains one yellow pushpin head facing upwards, except for the top right and bottom left compartments which are empty.

Step 2:
Result: No
  [ANSWER] No | log_prob=0.0
  [META] {'regex_found': 'No', 'pos': 239, 'mapped_to_token_id': 2458, 'decoded_token': ' No', 'step': 52, 'raw_prob': 1.0}

  [Sub-Q 5] MQ: Is there exactly one yellow pushpin head facing up...
  SQ: Can you see pushpin in the pushpins?
  [PROMPT]
You are a strict industrial quality control inspector.
Your task is to inspect a pushpins and answer a specific constraint question.

[What a NORMAL pushpins looks like]
1. Components:
   - pushpin

2. Quantities:
   - pushpin: exactly 15

3. Spatial Arrangement:
   - pushpin: center

4. Visual Appearance and Fill Level:
   - pushpin: yellow, round cap with a metal needle
   Relative sizes:
     - pushpin: roughly equal to other components

5. Relational and Proportional Constraints:
   - The pushpins occupy the most space.
   - There are no fixed size ratios between components.

6. Symmetry and Connectivity:
   - Components (pushpins) do not need to be strictly separated or parallel/adjacent unless specified by external constraints like a board layout, which is not shown here.

7. Per-Slot Completeness:
   - Each slot must contain exactly one yellow pushpin head facing up; there should be no empty slots nor any slots with two or more items in them

Question to verify: Can you see pushpin in the pushpins?

Look carefully at the image.
Step 1 — Observe: Describe what you see in the image that is directly relevant to this question. Be specific: count visible objects, note their location (left/right/center), and explicitly state if an expected component appears absent or is in the wrong position.
Step 2 — Conclude with exactly one of:
Result: Yes
Result: No
  [RESPONSE]
Step 1: Observe
- The image shows a container with multiple slots.
- Each slot contains one yellow pushpin head facing up, except for the bottom left and middle right slots which are empty.

Step 2:
Result: No
  [ANSWER] No | log_prob=0.0
  [META] {'regex_found': 'No', 'pos': 207, 'mapped_to_token_id': 2458, 'decoded_token': ' No', 'step': 48, 'raw_prob': 1.0}
  [VOTE] 'Is there exactly one yellow pushpin head facing up in each s' → No (Yes=1, No=4)
  [RESULT] anomaly=True score=1.0000
           Logical anomaly detected. Violated constraints:
  - Is there exactly one yellow pushpin head facing up in each slot?

============================================================
Stage 4 | [0] /home/chikibriki/LoqicQA/dataset-ninja/mvtec-loco-ad/test/img/pushpins_logical_anomalies_027.png | gt=logical_anomaly | anomaly_type=1_additional_pushpin,missing_pushpin
============================================================

  [Sub-Q 1] MQ: Is there exactly one yellow pushpin head facing up...
  SQ: Is there exactly one yellow pushpin head facing up in each slot?
  [PROMPT]
You are a strict industrial quality control inspector.
Your task is to inspect a pushpins and answer a specific constraint question.

[What a NORMAL pushpins looks like]
1. Components:
   - pushpin

2. Quantities:
   - pushpin: exactly 15

3. Spatial Arrangement:
   - pushpin: center

4. Visual Appearance and Fill Level:
   - pushpin: yellow, round cap with a metal needle
   Relative sizes:
     - pushpin: roughly equal to other components

5. Relational and Proportional Constraints:
   - The pushpins occupy the most space.
   - There are no fixed size ratios between components.

6. Symmetry and Connectivity:
   - Components (pushpins) do not need to be strictly separated or parallel/adjacent unless specified by external constraints like a board layout, which is not shown here.

7. Per-Slot Completeness:
   - Each slot must contain exactly one yellow pushpin head facing up; there should be no empty slots nor any slots with two or more items in them

Question to verify: Is there exactly one yellow pushpin head facing up in each slot?

Look carefully at the image.
Step 1 — Observe: Describe what you see in the image that is directly relevant to this question. Be specific: count visible objects, note their location (left/right/center), and explicitly state if an expected component appears absent or is in the wrong position.
Step 2 — Conclude with exactly one of:
Result: Yes
Result: No
  [RESPONSE]
Step 1: Observe
- The image shows a clear plastic case with multiple slots.
- Each slot contains one yellow pushpin head facing up, except for the top right and bottom left corners where there are no visible items.

Step 2:
Result: No
  [ANSWER] No | log_prob=0.0
  [META] {'regex_found': 'No', 'pos': 232, 'mapped_to_token_id': 2458, 'decoded_token': ' No', 'step': 53, 'raw_prob': 1.0}

  [Sub-Q 2] MQ: Is there exactly one yellow pushpin head facing up...
  SQ: Are there exactly 15 yellow pushpin heads facing up in the image?
  [PROMPT]
You are a strict industrial quality control inspector.
Your task is to inspect a pushpins and answer a specific constraint question.

[What a NORMAL pushpins looks like]
1. Components:
   - pushpin

2. Quantities:
   - pushpin: exactly 15

3. Spatial Arrangement:
   - pushpin: center

4. Visual Appearance and Fill Level:
   - pushpin: yellow, round cap with a metal needle
   Relative sizes:
     - pushpin: roughly equal to other components

5. Relational and Proportional Constraints:
   - The pushpins occupy the most space.
   - There are no fixed size ratios between components.

6. Symmetry and Connectivity:
   - Components (pushpins) do not need to be strictly separated or parallel/adjacent unless specified by external constraints like a board layout, which is not shown here.

7. Per-Slot Completeness:
   - Each slot must contain exactly one yellow pushpin head facing up; there should be no empty slots nor any slots with two or more items in them

Question to verify: Are there exactly 15 yellow pushpin heads facing up in the image?

Look carefully at the image.
Step 1 — Observe: Describe what you see in the image that is directly relevant to this question. Be specific: count visible objects, note their location (left/right/center), and explicitly state if an expected component appears absent or is in the wrong position.
Step 2 — Conclude with exactly one of:
Result: Yes
Result: No
  [RESPONSE]
Step 1: Observe
- The image shows a plastic case with multiple slots.
- Each slot contains one yellow pushpin head facing up, except for the top right and bottom left corners which are empty.

Step 2:
Result: No
  [ANSWER] No | log_prob=0.0
  [META] {'regex_found': 'No', 'pos': 209, 'mapped_to_token_id': 2458, 'decoded_token': ' No', 'step': 49, 'raw_prob': 1.0}

  [Sub-Q 3] MQ: Is there exactly one yellow pushpin head facing up...
  SQ: Is each slot occupied by precisely one upward-facing yellow pushpin head?
  [PROMPT]
You are a strict industrial quality control inspector.
Your task is to inspect a pushpins and answer a specific constraint question.

[What a NORMAL pushpins looks like]
1. Components:
   - pushpin

2. Quantities:
   - pushpin: exactly 15

3. Spatial Arrangement:
   - pushpin: center

4. Visual Appearance and Fill Level:
   - pushpin: yellow, round cap with a metal needle
   Relative sizes:
     - pushpin: roughly equal to other components

5. Relational and Proportional Constraints:
   - The pushpins occupy the most space.
   - There are no fixed size ratios between components.

6. Symmetry and Connectivity:
   - Components (pushpins) do not need to be strictly separated or parallel/adjacent unless specified by external constraints like a board layout, which is not shown here.

7. Per-Slot Completeness:
   - Each slot must contain exactly one yellow pushpin head facing up; there should be no empty slots nor any slots with two or more items in them

Question to verify: Is each slot occupied by precisely one upward-facing yellow pushpin head?

Look carefully at the image.
Step 1 — Observe: Describe what you see in the image that is directly relevant to this question. Be specific: count visible objects, note their location (left/right/center), and explicitly state if an expected component appears absent or is in the wrong position.
Step 2 — Conclude with exactly one of:
Result: Yes
Result: No
  [RESPONSE]
Step 1: Observe
- There are a total of 15 slots.
- Each slot contains one yellow pushpin head facing up.

Step 2:
Result: Yes
  [ANSWER] Yes | log_prob=0.0
  [META] {'regex_found': 'Yes', 'pos': 122, 'mapped_to_token_id': 7560, 'decoded_token': ' Yes', 'step': 35, 'raw_prob': 1.0}

  [Sub-Q 4] MQ: Is there exactly one yellow pushpin head facing up...
  SQ: Does every visible space contain an exact number of yellow pushpins, all oriented upwards?
  [PROMPT]
You are a strict industrial quality control inspector.
Your task is to inspect a pushpins and answer a specific constraint question.

[What a NORMAL pushpins looks like]
1. Components:
   - pushpin

2. Quantities:
   - pushpin: exactly 15

3. Spatial Arrangement:
   - pushpin: center

4. Visual Appearance and Fill Level:
   - pushpin: yellow, round cap with a metal needle
   Relative sizes:
     - pushpin: roughly equal to other components

5. Relational and Proportional Constraints:
   - The pushpins occupy the most space.
   - There are no fixed size ratios between components.

6. Symmetry and Connectivity:
   - Components (pushpins) do not need to be strictly separated or parallel/adjacent unless specified by external constraints like a board layout, which is not shown here.

7. Per-Slot Completeness:
   - Each slot must contain exactly one yellow pushpin head facing up; there should be no empty slots nor any slots with two or more items in them

Question to verify: Does every visible space contain an exact number of yellow pushpins, all oriented upwards?

Look carefully at the image.
Step 1 — Observe: Describe what you see in the image that is directly relevant to this question. Be specific: count visible objects, note their location (left/right/center), and explicitly state if an expected component appears absent or is in the wrong position.
Step 2 — Conclude with exactly one of:
Result: Yes
Result: No
  [RESPONSE]
Step 1: Observe
- The image shows a clear plastic case with multiple compartments.
- Each compartment contains one yellow pushpin head facing upwards, except for the top right and bottom left compartments which are empty.

Step 2:
Result: No
  [ANSWER] No | log_prob=0.0
  [META] {'regex_found': 'No', 'pos': 239, 'mapped_to_token_id': 2458, 'decoded_token': ' No', 'step': 52, 'raw_prob': 1.0}

  [Sub-Q 5] MQ: Is there exactly one yellow pushpin head facing up...
  SQ: Can you see pushpin in the pushpins?
  [PROMPT]
You are a strict industrial quality control inspector.
Your task is to inspect a pushpins and answer a specific constraint question.

[What a NORMAL pushpins looks like]
1. Components:
   - pushpin

2. Quantities:
   - pushpin: exactly 15

3. Spatial Arrangement:
   - pushpin: center

4. Visual Appearance and Fill Level:
   - pushpin: yellow, round cap with a metal needle
   Relative sizes:
     - pushpin: roughly equal to other components

5. Relational and Proportional Constraints:
   - The pushpins occupy the most space.
   - There are no fixed size ratios between components.

6. Symmetry and Connectivity:
   - Components (pushpins) do not need to be strictly separated or parallel/adjacent unless specified by external constraints like a board layout, which is not shown here.

7. Per-Slot Completeness:
   - Each slot must contain exactly one yellow pushpin head facing up; there should be no empty slots nor any slots with two or more items in them

Question to verify: Can you see pushpin in the pushpins?

Look carefully at the image.
Step 1 — Observe: Describe what you see in the image that is directly relevant to this question. Be specific: count visible objects, note their location (left/right/center), and explicitly state if an expected component appears absent or is in the wrong position.
Step 2 — Conclude with exactly one of:
Result: Yes
Result: No
  [RESPONSE]
Step 1: Observe
- There are a total of 15 slots in the image.
- Each slot contains one yellow pushpin head facing up, except for two empty slots (top right and bottom left).
  
Step 2:
Result: Yes
  [ANSWER] Yes | log_prob=0.0
  [META] {'regex_found': 'Yes', 'pos': 193, 'mapped_to_token_id': 7560, 'decoded_token': ' Yes', 'step': 51, 'raw_prob': 1.0}
  [VOTE] 'Is there exactly one yellow pushpin head facing up in each s' → No (Yes=2, No=3)
  [RESULT] anomaly=True score=1.0000
           Logical anomaly detected. Violated constraints:
  - Is there exactly one yellow pushpin head facing up in each slot?

============================================================
Stage 4 | [0] /home/chikibriki/LoqicQA/dataset-ninja/mvtec-loco-ad/test/img/pushpins_logical_anomalies_028.png | gt=logical_anomaly | anomaly_type=1_additional_pushpin,missing_pushpin
============================================================

  [Sub-Q 1] MQ: Is there exactly one yellow pushpin head facing up...
  SQ: Is there exactly one yellow pushpin head facing up in each slot?
  [PROMPT]
You are a strict industrial quality control inspector.
Your task is to inspect a pushpins and answer a specific constraint question.

[What a NORMAL pushpins looks like]
1. Components:
   - pushpin

2. Quantities:
   - pushpin: exactly 15

3. Spatial Arrangement:
   - pushpin: center

4. Visual Appearance and Fill Level:
   - pushpin: yellow, round cap with a metal needle
   Relative sizes:
     - pushpin: roughly equal to other components

5. Relational and Proportional Constraints:
   - The pushpins occupy the most space.
   - There are no fixed size ratios between components.

6. Symmetry and Connectivity:
   - Components (pushpins) do not need to be strictly separated or parallel/adjacent unless specified by external constraints like a board layout, which is not shown here.

7. Per-Slot Completeness:
   - Each slot must contain exactly one yellow pushpin head facing up; there should be no empty slots nor any slots with two or more items in them

Question to verify: Is there exactly one yellow pushpin head facing up in each slot?

Look carefully at the image.
Step 1 — Observe: Describe what you see in the image that is directly relevant to this question. Be specific: count visible objects, note their location (left/right/center), and explicitly state if an expected component appears absent or is in the wrong position.
Step 2 — Conclude with exactly one of:
Result: Yes
Result: No
  [RESPONSE]
Step 1: Observe
- There are a total of 15 slots.
- Each slot contains exactly one yellow pushpin head facing up.

Step 2:
Result: Yes
  [ANSWER] Yes | log_prob=0.0
  [META] {'regex_found': 'Yes', 'pos': 130, 'mapped_to_token_id': 7560, 'decoded_token': ' Yes', 'step': 36, 'raw_prob': 1.0}

  [Sub-Q 2] MQ: Is there exactly one yellow pushpin head facing up...
  SQ: Are there exactly 15 yellow pushpin heads facing up in the image?
  [PROMPT]
You are a strict industrial quality control inspector.
Your task is to inspect a pushpins and answer a specific constraint question.

[What a NORMAL pushpins looks like]
1. Components:
   - pushpin

2. Quantities:
   - pushpin: exactly 15

3. Spatial Arrangement:
   - pushpin: center

4. Visual Appearance and Fill Level:
   - pushpin: yellow, round cap with a metal needle
   Relative sizes:
     - pushpin: roughly equal to other components

5. Relational and Proportional Constraints:
   - The pushpins occupy the most space.
   - There are no fixed size ratios between components.

6. Symmetry and Connectivity:
   - Components (pushpins) do not need to be strictly separated or parallel/adjacent unless specified by external constraints like a board layout, which is not shown here.

7. Per-Slot Completeness:
   - Each slot must contain exactly one yellow pushpin head facing up; there should be no empty slots nor any slots with two or more items in them

Question to verify: Are there exactly 15 yellow pushpin heads facing up in the image?

Look carefully at the image.
Step 1 — Observe: Describe what you see in the image that is directly relevant to this question. Be specific: count visible objects, note their location (left/right/center), and explicitly state if an expected component appears absent or is in the wrong position.
Step 2 — Conclude with exactly one of:
Result: Yes
Result: No
  [RESPONSE]
Step 1: Observe
- The image shows a grid with multiple slots.
- Each slot contains one yellow pushpin head facing up, except for the bottom right and middle left slots which are empty.

Step 2:
Result: No
  [ANSWER] No | log_prob=0.0
  [META] {'regex_found': 'No', 'pos': 202, 'mapped_to_token_id': 2458, 'decoded_token': ' No', 'step': 48, 'raw_prob': 1.0}

  [Sub-Q 3] MQ: Is there exactly one yellow pushpin head facing up...
  SQ: Is each slot occupied by precisely one upward-facing yellow pushpin head?
  [PROMPT]
You are a strict industrial quality control inspector.
Your task is to inspect a pushpins and answer a specific constraint question.

[What a NORMAL pushpins looks like]
1. Components:
   - pushpin

2. Quantities:
   - pushpin: exactly 15

3. Spatial Arrangement:
   - pushpin: center

4. Visual Appearance and Fill Level:
   - pushpin: yellow, round cap with a metal needle
   Relative sizes:
     - pushpin: roughly equal to other components

5. Relational and Proportional Constraints:
   - The pushpins occupy the most space.
   - There are no fixed size ratios between components.

6. Symmetry and Connectivity:
   - Components (pushpins) do not need to be strictly separated or parallel/adjacent unless specified by external constraints like a board layout, which is not shown here.

7. Per-Slot Completeness:
   - Each slot must contain exactly one yellow pushpin head facing up; there should be no empty slots nor any slots with two or more items in them

Question to verify: Is each slot occupied by precisely one upward-facing yellow pushpin head?

Look carefully at the image.
Step 1 — Observe: Describe what you see in the image that is directly relevant to this question. Be specific: count visible objects, note their location (left/right/center), and explicitly state if an expected component appears absent or is in the wrong position.
Step 2 — Conclude with exactly one of:
Result: Yes
Result: No
  [RESPONSE]
Step 1: Observe
- There are a total of 15 slots.
- Each slot contains one yellow pushpin head facing up.

Step 2:
Result: Yes
  [ANSWER] Yes | log_prob=0.0
  [META] {'regex_found': 'Yes', 'pos': 122, 'mapped_to_token_id': 7560, 'decoded_token': ' Yes', 'step': 35, 'raw_prob': 1.0}

  [Sub-Q 4] MQ: Is there exactly one yellow pushpin head facing up...
  SQ: Does every visible space contain an exact number of yellow pushpins, all oriented upwards?
  [PROMPT]
You are a strict industrial quality control inspector.
Your task is to inspect a pushpins and answer a specific constraint question.

[What a NORMAL pushpins looks like]
1. Components:
   - pushpin

2. Quantities:
   - pushpin: exactly 15

3. Spatial Arrangement:
   - pushpin: center

4. Visual Appearance and Fill Level:
   - pushpin: yellow, round cap with a metal needle
   Relative sizes:
     - pushpin: roughly equal to other components

5. Relational and Proportional Constraints:
   - The pushpins occupy the most space.
   - There are no fixed size ratios between components.

6. Symmetry and Connectivity:
   - Components (pushpins) do not need to be strictly separated or parallel/adjacent unless specified by external constraints like a board layout, which is not shown here.

7. Per-Slot Completeness:
   - Each slot must contain exactly one yellow pushpin head facing up; there should be no empty slots nor any slots with two or more items in them

Question to verify: Does every visible space contain an exact number of yellow pushpins, all oriented upwards?

Look carefully at the image.
Step 1 — Observe: Describe what you see in the image that is directly relevant to this question. Be specific: count visible objects, note their location (left/right/center), and explicitly state if an expected component appears absent or is in the wrong position.
Step 2 — Conclude with exactly one of:
Result: Yes
Result: No
  [RESPONSE]
Step 1: Observe
- The image shows a grid with multiple slots.
- Each slot contains one yellow pushpin head facing upwards, except for the top-left and bottom-right corners which are empty.

Step 2:
Result: No
  [ANSWER] No | log_prob=0.0
  [META] {'regex_found': 'No', 'pos': 206, 'mapped_to_token_id': 2458, 'decoded_token': ' No', 'step': 48, 'raw_prob': 1.0}

  [Sub-Q 5] MQ: Is there exactly one yellow pushpin head facing up...
  SQ: Can you see pushpin in the pushpins?
  [PROMPT]
You are a strict industrial quality control inspector.
Your task is to inspect a pushpins and answer a specific constraint question.

[What a NORMAL pushpins looks like]
1. Components:
   - pushpin

2. Quantities:
   - pushpin: exactly 15

3. Spatial Arrangement:
   - pushpin: center

4. Visual Appearance and Fill Level:
   - pushpin: yellow, round cap with a metal needle
   Relative sizes:
     - pushpin: roughly equal to other components

5. Relational and Proportional Constraints:
   - The pushpins occupy the most space.
   - There are no fixed size ratios between components.

6. Symmetry and Connectivity:
   - Components (pushpins) do not need to be strictly separated or parallel/adjacent unless specified by external constraints like a board layout, which is not shown here.

7. Per-Slot Completeness:
   - Each slot must contain exactly one yellow pushpin head facing up; there should be no empty slots nor any slots with two or more items in them

Question to verify: Can you see pushpin in the pushpins?

Look carefully at the image.
Step 1 — Observe: Describe what you see in the image that is directly relevant to this question. Be specific: count visible objects, note their location (left/right/center), and explicitly state if an expected component appears absent or is in the wrong position.
Step 2 — Conclude with exactly one of:
Result: Yes
Result: No
  [RESPONSE]
Step 1: Observe
- There are a total of 15 slots.
- Each slot contains one yellow pushpin head facing up, except for the bottom right slot which is empty.

Step 2:
Result: No
  [ANSWER] No | log_prob=0.0
  [META] {'regex_found': 'No', 'pos': 171, 'mapped_to_token_id': 2458, 'decoded_token': ' No', 'step': 45, 'raw_prob': 1.0}
  [VOTE] 'Is there exactly one yellow pushpin head facing up in each s' → No (Yes=2, No=3)
  [RESULT] anomaly=True score=1.0000
           Logical anomaly detected. Violated constraints:
  - Is there exactly one yellow pushpin head facing up in each slot?

============================================================
Stage 4 | [0] /home/chikibriki/LoqicQA/dataset-ninja/mvtec-loco-ad/test/img/pushpins_logical_anomalies_029.png | gt=logical_anomaly | anomaly_type=1_additional_pushpin,missing_pushpin
============================================================

  [Sub-Q 1] MQ: Is there exactly one yellow pushpin head facing up...
  SQ: Is there exactly one yellow pushpin head facing up in each slot?
  [PROMPT]
You are a strict industrial quality control inspector.
Your task is to inspect a pushpins and answer a specific constraint question.

[What a NORMAL pushpins looks like]
1. Components:
   - pushpin

2. Quantities:
   - pushpin: exactly 15

3. Spatial Arrangement:
   - pushpin: center

4. Visual Appearance and Fill Level:
   - pushpin: yellow, round cap with a metal needle
   Relative sizes:
     - pushpin: roughly equal to other components

5. Relational and Proportional Constraints:
   - The pushpins occupy the most space.
   - There are no fixed size ratios between components.

6. Symmetry and Connectivity:
   - Components (pushpins) do not need to be strictly separated or parallel/adjacent unless specified by external constraints like a board layout, which is not shown here.

7. Per-Slot Completeness:
   - Each slot must contain exactly one yellow pushpin head facing up; there should be no empty slots nor any slots with two or more items in them

Question to verify: Is there exactly one yellow pushpin head facing up in each slot?

Look carefully at the image.
Step 1 — Observe: Describe what you see in the image that is directly relevant to this question. Be specific: count visible objects, note their location (left/right/center), and explicitly state if an expected component appears absent or is in the wrong position.
Step 2 — Conclude with exactly one of:
Result: Yes
Result: No
  [RESPONSE]
Step 1: Observe
- There are a total of 15 slots.
- Each slot contains exactly one yellow pushpin head facing up.

Step 2:
Result: Yes
  [ANSWER] Yes | log_prob=0.0
  [META] {'regex_found': 'Yes', 'pos': 130, 'mapped_to_token_id': 7560, 'decoded_token': ' Yes', 'step': 36, 'raw_prob': 1.0}

  [Sub-Q 2] MQ: Is there exactly one yellow pushpin head facing up...
  SQ: Are there exactly 15 yellow pushpin heads facing up in the image?
  [PROMPT]
You are a strict industrial quality control inspector.
Your task is to inspect a pushpins and answer a specific constraint question.

[What a NORMAL pushpins looks like]
1. Components:
   - pushpin

2. Quantities:
   - pushpin: exactly 15

3. Spatial Arrangement:
   - pushpin: center

4. Visual Appearance and Fill Level:
   - pushpin: yellow, round cap with a metal needle
   Relative sizes:
     - pushpin: roughly equal to other components

5. Relational and Proportional Constraints:
   - The pushpins occupy the most space.
   - There are no fixed size ratios between components.

6. Symmetry and Connectivity:
   - Components (pushpins) do not need to be strictly separated or parallel/adjacent unless specified by external constraints like a board layout, which is not shown here.

7. Per-Slot Completeness:
   - Each slot must contain exactly one yellow pushpin head facing up; there should be no empty slots nor any slots with two or more items in them

Question to verify: Are there exactly 15 yellow pushpin heads facing up in the image?

Look carefully at the image.
Step 1 — Observe: Describe what you see in the image that is directly relevant to this question. Be specific: count visible objects, note their location (left/right/center), and explicitly state if an expected component appears absent or is in the wrong position.
Step 2 — Conclude with exactly one of:
Result: Yes
Result: No
  [RESPONSE]
Step 1: Observe
- The image shows a tray with multiple compartments.
- Each compartment contains one yellow pushpin head facing up, except for the top right and bottom left compartments which are empty.

Step 2:
Result: No
  [ANSWER] No | log_prob=0.0
  [META] {'regex_found': 'No', 'pos': 220, 'mapped_to_token_id': 2458, 'decoded_token': ' No', 'step': 50, 'raw_prob': 1.0}

  [Sub-Q 3] MQ: Is there exactly one yellow pushpin head facing up...
  SQ: Is each slot occupied by precisely one upward-facing yellow pushpin head?
  [PROMPT]
You are a strict industrial quality control inspector.
Your task is to inspect a pushpins and answer a specific constraint question.

[What a NORMAL pushpins looks like]
1. Components:
   - pushpin

2. Quantities:
   - pushpin: exactly 15

3. Spatial Arrangement:
   - pushpin: center

4. Visual Appearance and Fill Level:
   - pushpin: yellow, round cap with a metal needle
   Relative sizes:
     - pushpin: roughly equal to other components

5. Relational and Proportional Constraints:
   - The pushpins occupy the most space.
   - There are no fixed size ratios between components.

6. Symmetry and Connectivity:
   - Components (pushpins) do not need to be strictly separated or parallel/adjacent unless specified by external constraints like a board layout, which is not shown here.

7. Per-Slot Completeness:
   - Each slot must contain exactly one yellow pushpin head facing up; there should be no empty slots nor any slots with two or more items in them

Question to verify: Is each slot occupied by precisely one upward-facing yellow pushpin head?

Look carefully at the image.
Step 1 — Observe: Describe what you see in the image that is directly relevant to this question. Be specific: count visible objects, note their location (left/right/center), and explicitly state if an expected component appears absent or is in the wrong position.
Step 2 — Conclude with exactly one of:
Result: Yes
Result: No
  [RESPONSE]
Step 1: Observe
- The image shows a container with multiple slots.
- Each slot contains one yellow pushpin head facing up, except for the top right and bottom left slots which are empty.

Step 2:
Result: No
  [ANSWER] No | log_prob=0.0
  [META] {'regex_found': 'No', 'pos': 204, 'mapped_to_token_id': 2458, 'decoded_token': ' No', 'step': 48, 'raw_prob': 1.0}

  [Sub-Q 4] MQ: Is there exactly one yellow pushpin head facing up...
  SQ: Does every visible space contain an exact number of yellow pushpins, all oriented upwards?
  [PROMPT]
You are a strict industrial quality control inspector.
Your task is to inspect a pushpins and answer a specific constraint question.

[What a NORMAL pushpins looks like]
1. Components:
   - pushpin

2. Quantities:
   - pushpin: exactly 15

3. Spatial Arrangement:
   - pushpin: center

4. Visual Appearance and Fill Level:
   - pushpin: yellow, round cap with a metal needle
   Relative sizes:
     - pushpin: roughly equal to other components

5. Relational and Proportional Constraints:
   - The pushpins occupy the most space.
   - There are no fixed size ratios between components.

6. Symmetry and Connectivity:
   - Components (pushpins) do not need to be strictly separated or parallel/adjacent unless specified by external constraints like a board layout, which is not shown here.

7. Per-Slot Completeness:
   - Each slot must contain exactly one yellow pushpin head facing up; there should be no empty slots nor any slots with two or more items in them

Question to verify: Does every visible space contain an exact number of yellow pushpins, all oriented upwards?

Look carefully at the image.
Step 1 — Observe: Describe what you see in the image that is directly relevant to this question. Be specific: count visible objects, note their location (left/right/center), and explicitly state if an expected component appears absent or is in the wrong position.
Step 2 — Conclude with exactly one of:
Result: Yes
Result: No
  [RESPONSE]
Step 1: Observe
- There are a total of 15 slots in the image.
- Each slot contains one yellow pushpin head facing upwards.

Step 2:
Result: Yes
  [ANSWER] Yes | log_prob=0.0
  [META] {'regex_found': 'Yes', 'pos': 140, 'mapped_to_token_id': 7560, 'decoded_token': ' Yes', 'step': 38, 'raw_prob': 1.0}

  [Sub-Q 5] MQ: Is there exactly one yellow pushpin head facing up...
  SQ: Can you see pushpin in the pushpins?
  [PROMPT]
You are a strict industrial quality control inspector.
Your task is to inspect a pushpins and answer a specific constraint question.

[What a NORMAL pushpins looks like]
1. Components:
   - pushpin

2. Quantities:
   - pushpin: exactly 15

3. Spatial Arrangement:
   - pushpin: center

4. Visual Appearance and Fill Level:
   - pushpin: yellow, round cap with a metal needle
   Relative sizes:
     - pushpin: roughly equal to other components

5. Relational and Proportional Constraints:
   - The pushpins occupy the most space.
   - There are no fixed size ratios between components.

6. Symmetry and Connectivity:
   - Components (pushpins) do not need to be strictly separated or parallel/adjacent unless specified by external constraints like a board layout, which is not shown here.

7. Per-Slot Completeness:
   - Each slot must contain exactly one yellow pushpin head facing up; there should be no empty slots nor any slots with two or more items in them

Question to verify: Can you see pushpin in the pushpins?

Look carefully at the image.
Step 1 — Observe: Describe what you see in the image that is directly relevant to this question. Be specific: count visible objects, note their location (left/right/center), and explicitly state if an expected component appears absent or is in the wrong position.
Step 2 — Conclude with exactly one of:
Result: Yes
Result: No
  [RESPONSE]
Step 1: Observe
- There are a total of 15 slots in the image.
- Each slot contains exactly one yellow pushpin head facing up, with no empty slots or extra items.

Step 2:
Result: Yes
  [ANSWER] Yes | log_prob=0.0
  [META] {'regex_found': 'Yes', 'pos': 179, 'mapped_to_token_id': 7560, 'decoded_token': ' Yes', 'step': 47, 'raw_prob': 1.0}
  [VOTE] 'Is there exactly one yellow pushpin head facing up in each s' → Yes (Yes=3, No=2)
  [RESULT] anomaly=False score=0.0000
           Image appears normal. All constraints satisfied.

============================================================
Stage 4 | [0] /home/chikibriki/LoqicQA/dataset-ninja/mvtec-loco-ad/test/img/pushpins_logical_anomalies_036.png | gt=logical_anomaly | anomaly_type=missing_pushpin
============================================================

  [Sub-Q 1] MQ: Is there exactly one yellow pushpin head facing up...
  SQ: Is there exactly one yellow pushpin head facing up in each slot?
  [PROMPT]
You are a strict industrial quality control inspector.
Your task is to inspect a pushpins and answer a specific constraint question.

[What a NORMAL pushpins looks like]
1. Components:
   - pushpin

2. Quantities:
   - pushpin: exactly 15

3. Spatial Arrangement:
   - pushpin: center

4. Visual Appearance and Fill Level:
   - pushpin: yellow, round cap with a metal needle
   Relative sizes:
     - pushpin: roughly equal to other components

5. Relational and Proportional Constraints:
   - The pushpins occupy the most space.
   - There are no fixed size ratios between components.

6. Symmetry and Connectivity:
   - Components (pushpins) do not need to be strictly separated or parallel/adjacent unless specified by external constraints like a board layout, which is not shown here.

7. Per-Slot Completeness:
   - Each slot must contain exactly one yellow pushpin head facing up; there should be no empty slots nor any slots with two or more items in them

Question to verify: Is there exactly one yellow pushpin head facing up in each slot?

Look carefully at the image.
Step 1 — Observe: Describe what you see in the image that is directly relevant to this question. Be specific: count visible objects, note their location (left/right/center), and explicitly state if an expected component appears absent or is in the wrong position.
Step 2 — Conclude with exactly one of:
Result: Yes
Result: No
  [RESPONSE]
Step 1: Observe
- There are a total of 15 slots in the image.
- Each slot contains exactly one yellow pushpin head facing up.

Step 2: Conclude with exact result:
Result: Yes
  [ANSWER] Yes | log_prob=0.0
  [META] {'regex_found': 'Yes', 'pos': 171, 'mapped_to_token_id': 7560, 'decoded_token': ' Yes', 'step': 45, 'raw_prob': 1.0}

  [Sub-Q 2] MQ: Is there exactly one yellow pushpin head facing up...
  SQ: Are there exactly 15 yellow pushpin heads facing up in the image?
  [PROMPT]
You are a strict industrial quality control inspector.
Your task is to inspect a pushpins and answer a specific constraint question.

[What a NORMAL pushpins looks like]
1. Components:
   - pushpin

2. Quantities:
   - pushpin: exactly 15

3. Spatial Arrangement:
   - pushpin: center

4. Visual Appearance and Fill Level:
   - pushpin: yellow, round cap with a metal needle
   Relative sizes:
     - pushpin: roughly equal to other components

5. Relational and Proportional Constraints:
   - The pushpins occupy the most space.
   - There are no fixed size ratios between components.

6. Symmetry and Connectivity:
   - Components (pushpins) do not need to be strictly separated or parallel/adjacent unless specified by external constraints like a board layout, which is not shown here.

7. Per-Slot Completeness:
   - Each slot must contain exactly one yellow pushpin head facing up; there should be no empty slots nor any slots with two or more items in them

Question to verify: Are there exactly 15 yellow pushpin heads facing up in the image?

Look carefully at the image.
Step 1 — Observe: Describe what you see in the image that is directly relevant to this question. Be specific: count visible objects, note their location (left/right/center), and explicitly state if an expected component appears absent or is in the wrong position.
Step 2 — Conclude with exactly one of:
Result: Yes
Result: No
  [RESPONSE]
Step 1: Observe
- The image shows a container with multiple slots.
- Each slot contains one yellow pushpin head facing up, except for the top left and bottom right corners which are empty.

Step 2:
Result: No
  [ANSWER] No | log_prob=0.0
  [META] {'regex_found': 'No', 'pos': 206, 'mapped_to_token_id': 2458, 'decoded_token': ' No', 'step': 48, 'raw_prob': 1.0}

  [Sub-Q 3] MQ: Is there exactly one yellow pushpin head facing up...
  SQ: Is each slot occupied by precisely one upward-facing yellow pushpin head?
  [PROMPT]
You are a strict industrial quality control inspector.
Your task is to inspect a pushpins and answer a specific constraint question.

[What a NORMAL pushpins looks like]
1. Components:
   - pushpin

2. Quantities:
   - pushpin: exactly 15

3. Spatial Arrangement:
   - pushpin: center

4. Visual Appearance and Fill Level:
   - pushpin: yellow, round cap with a metal needle
   Relative sizes:
     - pushpin: roughly equal to other components

5. Relational and Proportional Constraints:
   - The pushpins occupy the most space.
   - There are no fixed size ratios between components.

6. Symmetry and Connectivity:
   - Components (pushpins) do not need to be strictly separated or parallel/adjacent unless specified by external constraints like a board layout, which is not shown here.

7. Per-Slot Completeness:
   - Each slot must contain exactly one yellow pushpin head facing up; there should be no empty slots nor any slots with two or more items in them

Question to verify: Is each slot occupied by precisely one upward-facing yellow pushpin head?

Look carefully at the image.
Step 1 — Observe: Describe what you see in the image that is directly relevant to this question. Be specific: count visible objects, note their location (left/right/center), and explicitly state if an expected component appears absent or is in the wrong position.
Step 2 — Conclude with exactly one of:
Result: Yes
Result: No
  [RESPONSE]
Step 1: Observe
- There are a total of 15 slots.
- Each slot contains one yellow pushpin head facing up.

Step 2:
Result: Yes
  [ANSWER] Yes | log_prob=0.0
  [META] {'regex_found': 'Yes', 'pos': 122, 'mapped_to_token_id': 7560, 'decoded_token': ' Yes', 'step': 35, 'raw_prob': 1.0}

  [Sub-Q 4] MQ: Is there exactly one yellow pushpin head facing up...
  SQ: Does every visible space contain an exact number of yellow pushpins, all oriented upwards?
  [PROMPT]
You are a strict industrial quality control inspector.
Your task is to inspect a pushpins and answer a specific constraint question.

[What a NORMAL pushpins looks like]
1. Components:
   - pushpin

2. Quantities:
   - pushpin: exactly 15

3. Spatial Arrangement:
   - pushpin: center

4. Visual Appearance and Fill Level:
   - pushpin: yellow, round cap with a metal needle
   Relative sizes:
     - pushpin: roughly equal to other components

5. Relational and Proportional Constraints:
   - The pushpins occupy the most space.
   - There are no fixed size ratios between components.

6. Symmetry and Connectivity:
   - Components (pushpins) do not need to be strictly separated or parallel/adjacent unless specified by external constraints like a board layout, which is not shown here.

7. Per-Slot Completeness:
   - Each slot must contain exactly one yellow pushpin head facing up; there should be no empty slots nor any slots with two or more items in them

Question to verify: Does every visible space contain an exact number of yellow pushpins, all oriented upwards?

Look carefully at the image.
Step 1 — Observe: Describe what you see in the image that is directly relevant to this question. Be specific: count visible objects, note their location (left/right/center), and explicitly state if an expected component appears absent or is in the wrong position.
Step 2 — Conclude with exactly one of:
Result: Yes
Result: No
  [RESPONSE]
Step 1: Observe
- The image shows a container with multiple compartments.
- Each compartment contains one yellow pushpin head facing upwards.

Step 2:
Result: Yes
  [ANSWER] Yes | log_prob=0.0
  [META] {'regex_found': 'Yes', 'pos': 159, 'mapped_to_token_id': 7560, 'decoded_token': ' Yes', 'step': 36, 'raw_prob': 1.0}

  [Sub-Q 5] MQ: Is there exactly one yellow pushpin head facing up...
  SQ: Can you see pushpin in the pushpins?
  [PROMPT]
You are a strict industrial quality control inspector.
Your task is to inspect a pushpins and answer a specific constraint question.

[What a NORMAL pushpins looks like]
1. Components:
   - pushpin

2. Quantities:
   - pushpin: exactly 15

3. Spatial Arrangement:
   - pushpin: center

4. Visual Appearance and Fill Level:
   - pushpin: yellow, round cap with a metal needle
   Relative sizes:
     - pushpin: roughly equal to other components

5. Relational and Proportional Constraints:
   - The pushpins occupy the most space.
   - There are no fixed size ratios between components.

6. Symmetry and Connectivity:
   - Components (pushpins) do not need to be strictly separated or parallel/adjacent unless specified by external constraints like a board layout, which is not shown here.

7. Per-Slot Completeness:
   - Each slot must contain exactly one yellow pushpin head facing up; there should be no empty slots nor any slots with two or more items in them

Question to verify: Can you see pushpin in the pushpins?

Look carefully at the image.
Step 1 — Observe: Describe what you see in the image that is directly relevant to this question. Be specific: count visible objects, note their location (left/right/center), and explicitly state if an expected component appears absent or is in the wrong position.
Step 2 — Conclude with exactly one of:
Result: Yes
Result: No
  [RESPONSE]
Step 1: Observe
- There are a total of nine visible pushpins in the image.
- The pushpins appear to be evenly distributed across different slots, with some empty slots.

Step 2:
Result: No
  [ANSWER] No | log_prob=0.0
  [META] {'regex_found': 'No', 'pos': 186, 'mapped_to_token_id': 2458, 'decoded_token': ' No', 'step': 47, 'raw_prob': 1.0}
  [VOTE] 'Is there exactly one yellow pushpin head facing up in each s' → Yes (Yes=3, No=2)
  [RESULT] anomaly=False score=0.0000
           Image appears normal. All constraints satisfied.

============================================================
Stage 4 | [0] /home/chikibriki/LoqicQA/dataset-ninja/mvtec-loco-ad/test/img/pushpins_logical_anomalies_037.png | gt=logical_anomaly | anomaly_type=missing_pushpin
============================================================

  [Sub-Q 1] MQ: Is there exactly one yellow pushpin head facing up...
  SQ: Is there exactly one yellow pushpin head facing up in each slot?
  [PROMPT]
You are a strict industrial quality control inspector.
Your task is to inspect a pushpins and answer a specific constraint question.

[What a NORMAL pushpins looks like]
1. Components:
   - pushpin

2. Quantities:
   - pushpin: exactly 15

3. Spatial Arrangement:
   - pushpin: center

4. Visual Appearance and Fill Level:
   - pushpin: yellow, round cap with a metal needle
   Relative sizes:
     - pushpin: roughly equal to other components

5. Relational and Proportional Constraints:
   - The pushpins occupy the most space.
   - There are no fixed size ratios between components.

6. Symmetry and Connectivity:
   - Components (pushpins) do not need to be strictly separated or parallel/adjacent unless specified by external constraints like a board layout, which is not shown here.

7. Per-Slot Completeness:
   - Each slot must contain exactly one yellow pushpin head facing up; there should be no empty slots nor any slots with two or more items in them

Question to verify: Is there exactly one yellow pushpin head facing up in each slot?

Look carefully at the image.
Step 1 — Observe: Describe what you see in the image that is directly relevant to this question. Be specific: count visible objects, note their location (left/right/center), and explicitly state if an expected component appears absent or is in the wrong position.
Step 2 — Conclude with exactly one of:
Result: Yes
Result: No
  [RESPONSE]
Step 1: Observe
- There are a total of 15 slots.
- Each slot contains one yellow pushpin head facing up.

Step 2:
Result: Yes
  [ANSWER] Yes | log_prob=0.0
  [META] {'regex_found': 'Yes', 'pos': 122, 'mapped_to_token_id': 7560, 'decoded_token': ' Yes', 'step': 35, 'raw_prob': 1.0}

  [Sub-Q 2] MQ: Is there exactly one yellow pushpin head facing up...
  SQ: Are there exactly 15 yellow pushpin heads facing up in the image?
  [PROMPT]
You are a strict industrial quality control inspector.
Your task is to inspect a pushpins and answer a specific constraint question.

[What a NORMAL pushpins looks like]
1. Components:
   - pushpin

2. Quantities:
   - pushpin: exactly 15

3. Spatial Arrangement:
   - pushpin: center

4. Visual Appearance and Fill Level:
   - pushpin: yellow, round cap with a metal needle
   Relative sizes:
     - pushpin: roughly equal to other components

5. Relational and Proportional Constraints:
   - The pushpins occupy the most space.
   - There are no fixed size ratios between components.

6. Symmetry and Connectivity:
   - Components (pushpins) do not need to be strictly separated or parallel/adjacent unless specified by external constraints like a board layout, which is not shown here.

7. Per-Slot Completeness:
   - Each slot must contain exactly one yellow pushpin head facing up; there should be no empty slots nor any slots with two or more items in them

Question to verify: Are there exactly 15 yellow pushpin heads facing up in the image?

Look carefully at the image.
Step 1 — Observe: Describe what you see in the image that is directly relevant to this question. Be specific: count visible objects, note their location (left/right/center), and explicitly state if an expected component appears absent or is in the wrong position.
Step 2 — Conclude with exactly one of:
Result: Yes
Result: No
  [RESPONSE]
Step 1: Observe
- The image shows a plastic container with multiple slots.
- Each slot contains one yellow pushpin head facing up, except for the bottom left and middle right slots which are empty.

Step 2:
Result: No
  [ANSWER] No | log_prob=0.0
  [META] {'regex_found': 'No', 'pos': 215, 'mapped_to_token_id': 2458, 'decoded_token': ' No', 'step': 49, 'raw_prob': 1.0}

  [Sub-Q 3] MQ: Is there exactly one yellow pushpin head facing up...
  SQ: Is each slot occupied by precisely one upward-facing yellow pushpin head?
  [PROMPT]
You are a strict industrial quality control inspector.
Your task is to inspect a pushpins and answer a specific constraint question.

[What a NORMAL pushpins looks like]
1. Components:
   - pushpin

2. Quantities:
   - pushpin: exactly 15

3. Spatial Arrangement:
   - pushpin: center

4. Visual Appearance and Fill Level:
   - pushpin: yellow, round cap with a metal needle
   Relative sizes:
     - pushpin: roughly equal to other components

5. Relational and Proportional Constraints:
   - The pushpins occupy the most space.
   - There are no fixed size ratios between components.

6. Symmetry and Connectivity:
   - Components (pushpins) do not need to be strictly separated or parallel/adjacent unless specified by external constraints like a board layout, which is not shown here.

7. Per-Slot Completeness:
   - Each slot must contain exactly one yellow pushpin head facing up; there should be no empty slots nor any slots with two or more items in them

Question to verify: Is each slot occupied by precisely one upward-facing yellow pushpin head?

Look carefully at the image.
Step 1 — Observe: Describe what you see in the image that is directly relevant to this question. Be specific: count visible objects, note their location (left/right/center), and explicitly state if an expected component appears absent or is in the wrong position.
Step 2 — Conclude with exactly one of:
Result: Yes
Result: No
  [RESPONSE]
Step 1: Observe
- There are a total of 15 slots in the container.
- Each slot contains one yellow pushpin head facing up, except for two empty slots on either side.

Step 2:
Result: No
  [ANSWER] No | log_prob=0.0
  [META] {'regex_found': 'No', 'pos': 182, 'mapped_to_token_id': 2458, 'decoded_token': ' No', 'step': 47, 'raw_prob': 1.0}

  [Sub-Q 4] MQ: Is there exactly one yellow pushpin head facing up...
  SQ: Does every visible space contain an exact number of yellow pushpins, all oriented upwards?
  [PROMPT]
You are a strict industrial quality control inspector.
Your task is to inspect a pushpins and answer a specific constraint question.

[What a NORMAL pushpins looks like]
1. Components:
   - pushpin

2. Quantities:
   - pushpin: exactly 15

3. Spatial Arrangement:
   - pushpin: center

4. Visual Appearance and Fill Level:
   - pushpin: yellow, round cap with a metal needle
   Relative sizes:
     - pushpin: roughly equal to other components

5. Relational and Proportional Constraints:
   - The pushpins occupy the most space.
   - There are no fixed size ratios between components.

6. Symmetry and Connectivity:
   - Components (pushpins) do not need to be strictly separated or parallel/adjacent unless specified by external constraints like a board layout, which is not shown here.

7. Per-Slot Completeness:
   - Each slot must contain exactly one yellow pushpin head facing up; there should be no empty slots nor any slots with two or more items in them

Question to verify: Does every visible space contain an exact number of yellow pushpins, all oriented upwards?

Look carefully at the image.
Step 1 — Observe: Describe what you see in the image that is directly relevant to this question. Be specific: count visible objects, note their location (left/right/center), and explicitly state if an expected component appears absent or is in the wrong position.
Step 2 — Conclude with exactly one of:
Result: Yes
Result: No
  [RESPONSE]
Step 1: Observe
- There are a total of 15 slots in the container.
- Each slot contains one yellow pushpin head facing upwards.

Step 2:
Result: Yes
  [ANSWER] Yes | log_prob=0.0
  [META] {'regex_found': 'Yes', 'pos': 144, 'mapped_to_token_id': 7560, 'decoded_token': ' Yes', 'step': 38, 'raw_prob': 1.0}

  [Sub-Q 5] MQ: Is there exactly one yellow pushpin head facing up...
  SQ: Can you see pushpin in the pushpins?
  [PROMPT]
You are a strict industrial quality control inspector.
Your task is to inspect a pushpins and answer a specific constraint question.

[What a NORMAL pushpins looks like]
1. Components:
   - pushpin

2. Quantities:
   - pushpin: exactly 15

3. Spatial Arrangement:
   - pushpin: center

4. Visual Appearance and Fill Level:
   - pushpin: yellow, round cap with a metal needle
   Relative sizes:
     - pushpin: roughly equal to other components

5. Relational and Proportional Constraints:
   - The pushpins occupy the most space.
   - There are no fixed size ratios between components.

6. Symmetry and Connectivity:
   - Components (pushpins) do not need to be strictly separated or parallel/adjacent unless specified by external constraints like a board layout, which is not shown here.

7. Per-Slot Completeness:
   - Each slot must contain exactly one yellow pushpin head facing up; there should be no empty slots nor any slots with two or more items in them

Question to verify: Can you see pushpin in the pushpins?

Look carefully at the image.
Step 1 — Observe: Describe what you see in the image that is directly relevant to this question. Be specific: count visible objects, note their location (left/right/center), and explicitly state if an expected component appears absent or is in the wrong position.
Step 2 — Conclude with exactly one of:
Result: Yes
Result: No
  [RESPONSE]
Step 1: Observe
- There are a total of 15 slots in the image.
- Each slot contains exactly one yellow pushpin head facing up, with no empty slots or extra items.

Step 2:
Result: Yes
  [ANSWER] Yes | log_prob=0.0
  [META] {'regex_found': 'Yes', 'pos': 179, 'mapped_to_token_id': 7560, 'decoded_token': ' Yes', 'step': 47, 'raw_prob': 1.0}
  [VOTE] 'Is there exactly one yellow pushpin head facing up in each s' → Yes (Yes=3, No=2)
  [RESULT] anomaly=False score=0.0000
           Image appears normal. All constraints satisfied.

============================================================
Stage 4 | [0] /home/chikibriki/LoqicQA/dataset-ninja/mvtec-loco-ad/test/img/pushpins_logical_anomalies_038.png | gt=logical_anomaly | anomaly_type=missing_pushpin
============================================================

  [Sub-Q 1] MQ: Is there exactly one yellow pushpin head facing up...
  SQ: Is there exactly one yellow pushpin head facing up in each slot?
  [PROMPT]
You are a strict industrial quality control inspector.
Your task is to inspect a pushpins and answer a specific constraint question.

[What a NORMAL pushpins looks like]
1. Components:
   - pushpin

2. Quantities:
   - pushpin: exactly 15

3. Spatial Arrangement:
   - pushpin: center

4. Visual Appearance and Fill Level:
   - pushpin: yellow, round cap with a metal needle
   Relative sizes:
     - pushpin: roughly equal to other components

5. Relational and Proportional Constraints:
   - The pushpins occupy the most space.
   - There are no fixed size ratios between components.

6. Symmetry and Connectivity:
   - Components (pushpins) do not need to be strictly separated or parallel/adjacent unless specified by external constraints like a board layout, which is not shown here.

7. Per-Slot Completeness:
   - Each slot must contain exactly one yellow pushpin head facing up; there should be no empty slots nor any slots with two or more items in them

Question to verify: Is there exactly one yellow pushpin head facing up in each slot?

Look carefully at the image.
Step 1 — Observe: Describe what you see in the image that is directly relevant to this question. Be specific: count visible objects, note their location (left/right/center), and explicitly state if an expected component appears absent or is in the wrong position.
Step 2 — Conclude with exactly one of:
Result: Yes
Result: No
  [RESPONSE]
Step 1: Observe
- There are a total of 15 slots.
- Each slot contains one yellow pushpin head facing up.

Step 2:
Result: Yes
  [ANSWER] Yes | log_prob=0.0
  [META] {'regex_found': 'Yes', 'pos': 122, 'mapped_to_token_id': 7560, 'decoded_token': ' Yes', 'step': 35, 'raw_prob': 1.0}

  [Sub-Q 2] MQ: Is there exactly one yellow pushpin head facing up...
  SQ: Are there exactly 15 yellow pushpin heads facing up in the image?
  [PROMPT]
You are a strict industrial quality control inspector.
Your task is to inspect a pushpins and answer a specific constraint question.

[What a NORMAL pushpins looks like]
1. Components:
   - pushpin

2. Quantities:
   - pushpin: exactly 15

3. Spatial Arrangement:
   - pushpin: center

4. Visual Appearance and Fill Level:
   - pushpin: yellow, round cap with a metal needle
   Relative sizes:
     - pushpin: roughly equal to other components

5. Relational and Proportional Constraints:
   - The pushpins occupy the most space.
   - There are no fixed size ratios between components.

6. Symmetry and Connectivity:
   - Components (pushpins) do not need to be strictly separated or parallel/adjacent unless specified by external constraints like a board layout, which is not shown here.

7. Per-Slot Completeness:
   - Each slot must contain exactly one yellow pushpin head facing up; there should be no empty slots nor any slots with two or more items in them

Question to verify: Are there exactly 15 yellow pushpin heads facing up in the image?

Look carefully at the image.
Step 1 — Observe: Describe what you see in the image that is directly relevant to this question. Be specific: count visible objects, note their location (left/right/center), and explicitly state if an expected component appears absent or is in the wrong position.
Step 2 — Conclude with exactly one of:
Result: Yes
Result: No
  [RESPONSE]
Step 1: Observe
- The image shows a clear plastic case with multiple slots.
- Each slot contains one yellow pushpin head facing up, except for the top right and bottom left corners which are empty.

Step 2:
Result: No
  [ANSWER] No | log_prob=0.0
  [META] {'regex_found': 'No', 'pos': 215, 'mapped_to_token_id': 2458, 'decoded_token': ' No', 'step': 50, 'raw_prob': 1.0}

  [Sub-Q 3] MQ: Is there exactly one yellow pushpin head facing up...
  SQ: Is each slot occupied by precisely one upward-facing yellow pushpin head?
  [PROMPT]
You are a strict industrial quality control inspector.
Your task is to inspect a pushpins and answer a specific constraint question.

[What a NORMAL pushpins looks like]
1. Components:
   - pushpin

2. Quantities:
   - pushpin: exactly 15

3. Spatial Arrangement:
   - pushpin: center

4. Visual Appearance and Fill Level:
   - pushpin: yellow, round cap with a metal needle
   Relative sizes:
     - pushpin: roughly equal to other components

5. Relational and Proportional Constraints:
   - The pushpins occupy the most space.
   - There are no fixed size ratios between components.

6. Symmetry and Connectivity:
   - Components (pushpins) do not need to be strictly separated or parallel/adjacent unless specified by external constraints like a board layout, which is not shown here.

7. Per-Slot Completeness:
   - Each slot must contain exactly one yellow pushpin head facing up; there should be no empty slots nor any slots with two or more items in them

Question to verify: Is each slot occupied by precisely one upward-facing yellow pushpin head?

Look carefully at the image.
Step 1 — Observe: Describe what you see in the image that is directly relevant to this question. Be specific: count visible objects, note their location (left/right/center), and explicitly state if an expected component appears absent or is in the wrong position.
Step 2 — Conclude with exactly one of:
Result: Yes
Result: No
  [RESPONSE]
Step 1: Observe
- The image shows a plastic tray with multiple slots.
- Each slot contains one yellow pushpin head facing up, except for the top right and bottom left corners which are empty.

Step 2:
Result: No
  [ANSWER] No | log_prob=0.0
  [META] {'regex_found': 'No', 'pos': 209, 'mapped_to_token_id': 2458, 'decoded_token': ' No', 'step': 49, 'raw_prob': 1.0}

  [Sub-Q 4] MQ: Is there exactly one yellow pushpin head facing up...
  SQ: Does every visible space contain an exact number of yellow pushpins, all oriented upwards?
  [PROMPT]
You are a strict industrial quality control inspector.
Your task is to inspect a pushpins and answer a specific constraint question.

[What a NORMAL pushpins looks like]
1. Components:
   - pushpin

2. Quantities:
   - pushpin: exactly 15

3. Spatial Arrangement:
   - pushpin: center

4. Visual Appearance and Fill Level:
   - pushpin: yellow, round cap with a metal needle
   Relative sizes:
     - pushpin: roughly equal to other components

5. Relational and Proportional Constraints:
   - The pushpins occupy the most space.
   - There are no fixed size ratios between components.

6. Symmetry and Connectivity:
   - Components (pushpins) do not need to be strictly separated or parallel/adjacent unless specified by external constraints like a board layout, which is not shown here.

7. Per-Slot Completeness:
   - Each slot must contain exactly one yellow pushpin head facing up; there should be no empty slots nor any slots with two or more items in them

Question to verify: Does every visible space contain an exact number of yellow pushpins, all oriented upwards?

Look carefully at the image.
Step 1 — Observe: Describe what you see in the image that is directly relevant to this question. Be specific: count visible objects, note their location (left/right/center), and explicitly state if an expected component appears absent or is in the wrong position.
Step 2 — Conclude with exactly one of:
Result: Yes
Result: No
  [RESPONSE]
Step 1: Observe
- There are a total of 15 slots in the container.
- Each slot contains one yellow pushpin head facing upwards.

Step 2:
Result: Yes
  [ANSWER] Yes | log_prob=0.0
  [META] {'regex_found': 'Yes', 'pos': 144, 'mapped_to_token_id': 7560, 'decoded_token': ' Yes', 'step': 38, 'raw_prob': 1.0}

  [Sub-Q 5] MQ: Is there exactly one yellow pushpin head facing up...
  SQ: Can you see pushpin in the pushpins?
  [PROMPT]
You are a strict industrial quality control inspector.
Your task is to inspect a pushpins and answer a specific constraint question.

[What a NORMAL pushpins looks like]
1. Components:
   - pushpin

2. Quantities:
   - pushpin: exactly 15

3. Spatial Arrangement:
   - pushpin: center

4. Visual Appearance and Fill Level:
   - pushpin: yellow, round cap with a metal needle
   Relative sizes:
     - pushpin: roughly equal to other components

5. Relational and Proportional Constraints:
   - The pushpins occupy the most space.
   - There are no fixed size ratios between components.

6. Symmetry and Connectivity:
   - Components (pushpins) do not need to be strictly separated or parallel/adjacent unless specified by external constraints like a board layout, which is not shown here.

7. Per-Slot Completeness:
   - Each slot must contain exactly one yellow pushpin head facing up; there should be no empty slots nor any slots with two or more items in them

Question to verify: Can you see pushpin in the pushpins?

Look carefully at the image.
Step 1 — Observe: Describe what you see in the image that is directly relevant to this question. Be specific: count visible objects, note their location (left/right/center), and explicitly state if an expected component appears absent or is in the wrong position.
Step 2 — Conclude with exactly one of:
Result: Yes
Result: No
  [RESPONSE]
Step 1: Observe
- The image shows a plastic case with multiple slots.
- Each slot contains one yellow pushpin head facing up, except for the top right and bottom left slots which are empty.

Step 2:
Result: No
  [ANSWER] No | log_prob=0.0
  [META] {'regex_found': 'No', 'pos': 207, 'mapped_to_token_id': 2458, 'decoded_token': ' No', 'step': 49, 'raw_prob': 1.0}
  [VOTE] 'Is there exactly one yellow pushpin head facing up in each s' → No (Yes=2, No=3)
  [RESULT] anomaly=True score=1.0000
           Logical anomaly detected. Violated constraints:
  - Is there exactly one yellow pushpin head facing up in each slot?

============================================================
Stage 4 | [0] /home/chikibriki/LoqicQA/dataset-ninja/mvtec-loco-ad/test/img/pushpins_logical_anomalies_039.png | gt=logical_anomaly | anomaly_type=missing_pushpin
============================================================

  [Sub-Q 1] MQ: Is there exactly one yellow pushpin head facing up...
  SQ: Is there exactly one yellow pushpin head facing up in each slot?
  [PROMPT]
You are a strict industrial quality control inspector.
Your task is to inspect a pushpins and answer a specific constraint question.

[What a NORMAL pushpins looks like]
1. Components:
   - pushpin

2. Quantities:
   - pushpin: exactly 15

3. Spatial Arrangement:
   - pushpin: center

4. Visual Appearance and Fill Level:
   - pushpin: yellow, round cap with a metal needle
   Relative sizes:
     - pushpin: roughly equal to other components

5. Relational and Proportional Constraints:
   - The pushpins occupy the most space.
   - There are no fixed size ratios between components.

6. Symmetry and Connectivity:
   - Components (pushpins) do not need to be strictly separated or parallel/adjacent unless specified by external constraints like a board layout, which is not shown here.

7. Per-Slot Completeness:
   - Each slot must contain exactly one yellow pushpin head facing up; there should be no empty slots nor any slots with two or more items in them

Question to verify: Is there exactly one yellow pushpin head facing up in each slot?

Look carefully at the image.
Step 1 — Observe: Describe what you see in the image that is directly relevant to this question. Be specific: count visible objects, note their location (left/right/center), and explicitly state if an expected component appears absent or is in the wrong position.
Step 2 — Conclude with exactly one of:
Result: Yes
Result: No
  [RESPONSE]
Step 1: Observe
- The image shows a clear plastic case with multiple slots.
- Each slot contains one yellow pushpin head facing up, except for the bottom right and middle left slots which are empty.

Step 2:
Result: No
  [ANSWER] No | log_prob=0.0
  [META] {'regex_found': 'No', 'pos': 216, 'mapped_to_token_id': 2458, 'decoded_token': ' No', 'step': 50, 'raw_prob': 1.0}

  [Sub-Q 2] MQ: Is there exactly one yellow pushpin head facing up...
  SQ: Are there exactly 15 yellow pushpin heads facing up in the image?
  [PROMPT]
You are a strict industrial quality control inspector.
Your task is to inspect a pushpins and answer a specific constraint question.

[What a NORMAL pushpins looks like]
1. Components:
   - pushpin

2. Quantities:
   - pushpin: exactly 15

3. Spatial Arrangement:
   - pushpin: center

4. Visual Appearance and Fill Level:
   - pushpin: yellow, round cap with a metal needle
   Relative sizes:
     - pushpin: roughly equal to other components

5. Relational and Proportional Constraints:
   - The pushpins occupy the most space.
   - There are no fixed size ratios between components.

6. Symmetry and Connectivity:
   - Components (pushpins) do not need to be strictly separated or parallel/adjacent unless specified by external constraints like a board layout, which is not shown here.

7. Per-Slot Completeness:
   - Each slot must contain exactly one yellow pushpin head facing up; there should be no empty slots nor any slots with two or more items in them

Question to verify: Are there exactly 15 yellow pushpin heads facing up in the image?

Look carefully at the image.
Step 1 — Observe: Describe what you see in the image that is directly relevant to this question. Be specific: count visible objects, note their location (left/right/center), and explicitly state if an expected component appears absent or is in the wrong position.
Step 2 — Conclude with exactly one of:
Result: Yes
Result: No
  [RESPONSE]
Step 1: Observe
- The image shows a container with multiple slots.
- Each slot contains one yellow pushpin head facing up, except for the bottom right and middle left slots which are empty.

Step 2:
Result: No
  [ANSWER] No | log_prob=0.0
  [META] {'regex_found': 'No', 'pos': 207, 'mapped_to_token_id': 2458, 'decoded_token': ' No', 'step': 48, 'raw_prob': 1.0}

  [Sub-Q 3] MQ: Is there exactly one yellow pushpin head facing up...
  SQ: Is each slot occupied by precisely one upward-facing yellow pushpin head?
  [PROMPT]
You are a strict industrial quality control inspector.
Your task is to inspect a pushpins and answer a specific constraint question.

[What a NORMAL pushpins looks like]
1. Components:
   - pushpin

2. Quantities:
   - pushpin: exactly 15

3. Spatial Arrangement:
   - pushpin: center

4. Visual Appearance and Fill Level:
   - pushpin: yellow, round cap with a metal needle
   Relative sizes:
     - pushpin: roughly equal to other components

5. Relational and Proportional Constraints:
   - The pushpins occupy the most space.
   - There are no fixed size ratios between components.

6. Symmetry and Connectivity:
   - Components (pushpins) do not need to be strictly separated or parallel/adjacent unless specified by external constraints like a board layout, which is not shown here.

7. Per-Slot Completeness:
   - Each slot must contain exactly one yellow pushpin head facing up; there should be no empty slots nor any slots with two or more items in them

Question to verify: Is each slot occupied by precisely one upward-facing yellow pushpin head?

Look carefully at the image.
Step 1 — Observe: Describe what you see in the image that is directly relevant to this question. Be specific: count visible objects, note their location (left/right/center), and explicitly state if an expected component appears absent or is in the wrong position.
Step 2 — Conclude with exactly one of:
Result: Yes
Result: No
  [RESPONSE]
Step 1: Observe
- There are a total of 15 slots.
- Each slot contains one yellow pushpin head facing up.

Step 2:
Result: Yes
  [ANSWER] Yes | log_prob=0.0
  [META] {'regex_found': 'Yes', 'pos': 122, 'mapped_to_token_id': 7560, 'decoded_token': ' Yes', 'step': 35, 'raw_prob': 1.0}

  [Sub-Q 4] MQ: Is there exactly one yellow pushpin head facing up...
  SQ: Does every visible space contain an exact number of yellow pushpins, all oriented upwards?
  [PROMPT]
You are a strict industrial quality control inspector.
Your task is to inspect a pushpins and answer a specific constraint question.

[What a NORMAL pushpins looks like]
1. Components:
   - pushpin

2. Quantities:
   - pushpin: exactly 15

3. Spatial Arrangement:
   - pushpin: center

4. Visual Appearance and Fill Level:
   - pushpin: yellow, round cap with a metal needle
   Relative sizes:
     - pushpin: roughly equal to other components

5. Relational and Proportional Constraints:
   - The pushpins occupy the most space.
   - There are no fixed size ratios between components.

6. Symmetry and Connectivity:
   - Components (pushpins) do not need to be strictly separated or parallel/adjacent unless specified by external constraints like a board layout, which is not shown here.

7. Per-Slot Completeness:
   - Each slot must contain exactly one yellow pushpin head facing up; there should be no empty slots nor any slots with two or more items in them

Question to verify: Does every visible space contain an exact number of yellow pushpins, all oriented upwards?

Look carefully at the image.
Step 1 — Observe: Describe what you see in the image that is directly relevant to this question. Be specific: count visible objects, note their location (left/right/center), and explicitly state if an expected component appears absent or is in the wrong position.
Step 2 — Conclude with exactly one of:
Result: Yes
Result: No
  [RESPONSE]
Step 1: Observe
- The image shows a clear plastic case with multiple compartments.
- Each compartment contains one yellow pushpin head facing upwards, except for the bottom right corner where there is no visible item.

Step 2:
Result: No
  [ANSWER] No | log_prob=0.0
  [META] {'regex_found': 'No', 'pos': 235, 'mapped_to_token_id': 2458, 'decoded_token': ' No', 'step': 51, 'raw_prob': 1.0}

  [Sub-Q 5] MQ: Is there exactly one yellow pushpin head facing up...
  SQ: Can you see pushpin in the pushpins?
  [PROMPT]
You are a strict industrial quality control inspector.
Your task is to inspect a pushpins and answer a specific constraint question.

[What a NORMAL pushpins looks like]
1. Components:
   - pushpin

2. Quantities:
   - pushpin: exactly 15

3. Spatial Arrangement:
   - pushpin: center

4. Visual Appearance and Fill Level:
   - pushpin: yellow, round cap with a metal needle
   Relative sizes:
     - pushpin: roughly equal to other components

5. Relational and Proportional Constraints:
   - The pushpins occupy the most space.
   - There are no fixed size ratios between components.

6. Symmetry and Connectivity:
   - Components (pushpins) do not need to be strictly separated or parallel/adjacent unless specified by external constraints like a board layout, which is not shown here.

7. Per-Slot Completeness:
   - Each slot must contain exactly one yellow pushpin head facing up; there should be no empty slots nor any slots with two or more items in them

Question to verify: Can you see pushpin in the pushpins?

Look carefully at the image.
Step 1 — Observe: Describe what you see in the image that is directly relevant to this question. Be specific: count visible objects, note their location (left/right/center), and explicitly state if an expected component appears absent or is in the wrong position.
Step 2 — Conclude with exactly one of:
Result: Yes
Result: No
  [RESPONSE]
Step 1: Observe
- There are a total of 15 slots in the image.
- Each slot contains one yellow pushpin head facing up, except for three empty slots.

Step 2:
Result: Yes
  [ANSWER] Yes | log_prob=0.0
  [META] {'regex_found': 'Yes', 'pos': 165, 'mapped_to_token_id': 7560, 'decoded_token': ' Yes', 'step': 44, 'raw_prob': 1.0}
  [VOTE] 'Is there exactly one yellow pushpin head facing up in each s' → No (Yes=2, No=3)
  [RESULT] anomaly=True score=1.0000
           Logical anomaly detected. Violated constraints:
  - Is there exactly one yellow pushpin head facing up in each slot?

============================================================
Stage 4 | [0] /home/chikibriki/LoqicQA/dataset-ninja/mvtec-loco-ad/test/img/pushpins_logical_anomalies_040.png | gt=logical_anomaly | anomaly_type=missing_pushpin
============================================================

  [Sub-Q 1] MQ: Is there exactly one yellow pushpin head facing up...
  SQ: Is there exactly one yellow pushpin head facing up in each slot?
  [PROMPT]
You are a strict industrial quality control inspector.
Your task is to inspect a pushpins and answer a specific constraint question.

[What a NORMAL pushpins looks like]
1. Components:
   - pushpin

2. Quantities:
   - pushpin: exactly 15

3. Spatial Arrangement:
   - pushpin: center

4. Visual Appearance and Fill Level:
   - pushpin: yellow, round cap with a metal needle
   Relative sizes:
     - pushpin: roughly equal to other components

5. Relational and Proportional Constraints:
   - The pushpins occupy the most space.
   - There are no fixed size ratios between components.

6. Symmetry and Connectivity:
   - Components (pushpins) do not need to be strictly separated or parallel/adjacent unless specified by external constraints like a board layout, which is not shown here.

7. Per-Slot Completeness:
   - Each slot must contain exactly one yellow pushpin head facing up; there should be no empty slots nor any slots with two or more items in them

Question to verify: Is there exactly one yellow pushpin head facing up in each slot?

Look carefully at the image.
Step 1 — Observe: Describe what you see in the image that is directly relevant to this question. Be specific: count visible objects, note their location (left/right/center), and explicitly state if an expected component appears absent or is in the wrong position.
Step 2 — Conclude with exactly one of:
Result: Yes
Result: No
  [RESPONSE]
Step 1: Observe
- The image shows a plastic case with multiple slots.
- Each slot contains one yellow pushpin head facing up, except for the bottom left and middle right slots which are empty.

Step 2: Conclude 
Result: No
  [ANSWER] No | log_prob=0.0
  [META] {'regex_found': 'No', 'pos': 220, 'mapped_to_token_id': 2458, 'decoded_token': ' No', 'step': 52, 'raw_prob': 1.0}

  [Sub-Q 2] MQ: Is there exactly one yellow pushpin head facing up...
  SQ: Are there exactly 15 yellow pushpin heads facing up in the image?
  [PROMPT]
You are a strict industrial quality control inspector.
Your task is to inspect a pushpins and answer a specific constraint question.

[What a NORMAL pushpins looks like]
1. Components:
   - pushpin

2. Quantities:
   - pushpin: exactly 15

3. Spatial Arrangement:
   - pushpin: center

4. Visual Appearance and Fill Level:
   - pushpin: yellow, round cap with a metal needle
   Relative sizes:
     - pushpin: roughly equal to other components

5. Relational and Proportional Constraints:
   - The pushpins occupy the most space.
   - There are no fixed size ratios between components.

6. Symmetry and Connectivity:
   - Components (pushpins) do not need to be strictly separated or parallel/adjacent unless specified by external constraints like a board layout, which is not shown here.

7. Per-Slot Completeness:
   - Each slot must contain exactly one yellow pushpin head facing up; there should be no empty slots nor any slots with two or more items in them

Question to verify: Are there exactly 15 yellow pushpin heads facing up in the image?

Look carefully at the image.
Step 1 — Observe: Describe what you see in the image that is directly relevant to this question. Be specific: count visible objects, note their location (left/right/center), and explicitly state if an expected component appears absent or is in the wrong position.
Step 2 — Conclude with exactly one of:
Result: Yes
Result: No
  [RESPONSE]
Step 1: Observe
- The image shows a clear plastic container with multiple compartments.
- Each compartment contains one yellow pushpin head facing up, except for the bottom left and middle right compartments which are empty.

Step 2:
Result: No
  [ANSWER] No | log_prob=0.0
  [META] {'regex_found': 'No', 'pos': 242, 'mapped_to_token_id': 2458, 'decoded_token': ' No', 'step': 52, 'raw_prob': 1.0}

  [Sub-Q 3] MQ: Is there exactly one yellow pushpin head facing up...
  SQ: Is each slot occupied by precisely one upward-facing yellow pushpin head?
  [PROMPT]
You are a strict industrial quality control inspector.
Your task is to inspect a pushpins and answer a specific constraint question.

[What a NORMAL pushpins looks like]
1. Components:
   - pushpin

2. Quantities:
   - pushpin: exactly 15

3. Spatial Arrangement:
   - pushpin: center

4. Visual Appearance and Fill Level:
   - pushpin: yellow, round cap with a metal needle
   Relative sizes:
     - pushpin: roughly equal to other components

5. Relational and Proportional Constraints:
   - The pushpins occupy the most space.
   - There are no fixed size ratios between components.

6. Symmetry and Connectivity:
   - Components (pushpins) do not need to be strictly separated or parallel/adjacent unless specified by external constraints like a board layout, which is not shown here.

7. Per-Slot Completeness:
   - Each slot must contain exactly one yellow pushpin head facing up; there should be no empty slots nor any slots with two or more items in them

Question to verify: Is each slot occupied by precisely one upward-facing yellow pushpin head?

Look carefully at the image.
Step 1 — Observe: Describe what you see in the image that is directly relevant to this question. Be specific: count visible objects, note their location (left/right/center), and explicitly state if an expected component appears absent or is in the wrong position.
Step 2 — Conclude with exactly one of:
Result: Yes
Result: No
  [RESPONSE]
Step 1: Observe
- There are a total of 15 slots.
- Each slot contains one yellow pushpin head facing up.

Step 2:
Result: Yes
  [ANSWER] Yes | log_prob=0.0
  [META] {'regex_found': 'Yes', 'pos': 122, 'mapped_to_token_id': 7560, 'decoded_token': ' Yes', 'step': 35, 'raw_prob': 1.0}

  [Sub-Q 4] MQ: Is there exactly one yellow pushpin head facing up...
  SQ: Does every visible space contain an exact number of yellow pushpins, all oriented upwards?
  [PROMPT]
You are a strict industrial quality control inspector.
Your task is to inspect a pushpins and answer a specific constraint question.

[What a NORMAL pushpins looks like]
1. Components:
   - pushpin

2. Quantities:
   - pushpin: exactly 15

3. Spatial Arrangement:
   - pushpin: center

4. Visual Appearance and Fill Level:
   - pushpin: yellow, round cap with a metal needle
   Relative sizes:
     - pushpin: roughly equal to other components

5. Relational and Proportional Constraints:
   - The pushpins occupy the most space.
   - There are no fixed size ratios between components.

6. Symmetry and Connectivity:
   - Components (pushpins) do not need to be strictly separated or parallel/adjacent unless specified by external constraints like a board layout, which is not shown here.

7. Per-Slot Completeness:
   - Each slot must contain exactly one yellow pushpin head facing up; there should be no empty slots nor any slots with two or more items in them

Question to verify: Does every visible space contain an exact number of yellow pushpins, all oriented upwards?

Look carefully at the image.
Step 1 — Observe: Describe what you see in the image that is directly relevant to this question. Be specific: count visible objects, note their location (left/right/center), and explicitly state if an expected component appears absent or is in the wrong position.
Step 2 — Conclude with exactly one of:
Result: Yes
Result: No
  [RESPONSE]
Step 1: Observe
- There are a total of 15 slots.
- Each slot contains one yellow pushpin head facing upwards, except for the bottom left and middle right slots which appear to be empty.

Step 2:
Result: No
  [ANSWER] No | log_prob=0.0
  [META] {'regex_found': 'No', 'pos': 203, 'mapped_to_token_id': 2458, 'decoded_token': ' No', 'step': 50, 'raw_prob': 1.0}

  [Sub-Q 5] MQ: Is there exactly one yellow pushpin head facing up...
  SQ: Can you see pushpin in the pushpins?
  [PROMPT]
You are a strict industrial quality control inspector.
Your task is to inspect a pushpins and answer a specific constraint question.

[What a NORMAL pushpins looks like]
1. Components:
   - pushpin

2. Quantities:
   - pushpin: exactly 15

3. Spatial Arrangement:
   - pushpin: center

4. Visual Appearance and Fill Level:
   - pushpin: yellow, round cap with a metal needle
   Relative sizes:
     - pushpin: roughly equal to other components

5. Relational and Proportional Constraints:
   - The pushpins occupy the most space.
   - There are no fixed size ratios between components.

6. Symmetry and Connectivity:
   - Components (pushpins) do not need to be strictly separated or parallel/adjacent unless specified by external constraints like a board layout, which is not shown here.

7. Per-Slot Completeness:
   - Each slot must contain exactly one yellow pushpin head facing up; there should be no empty slots nor any slots with two or more items in them

Question to verify: Can you see pushpin in the pushpins?

Look carefully at the image.
Step 1 — Observe: Describe what you see in the image that is directly relevant to this question. Be specific: count visible objects, note their location (left/right/center), and explicitly state if an expected component appears absent or is in the wrong position.
Step 2 — Conclude with exactly one of:
Result: Yes
Result: No
  [RESPONSE]
Step 1: Observe
- The image shows a clear plastic case with multiple slots.
- Each slot contains one yellow pushpin head facing up, except for the bottom left and middle right slots which are empty.

Step 2:
Result: No
  [ANSWER] No | log_prob=0.0
  [META] {'regex_found': 'No', 'pos': 216, 'mapped_to_token_id': 2458, 'decoded_token': ' No', 'step': 50, 'raw_prob': 1.0}
  [VOTE] 'Is there exactly one yellow pushpin head facing up in each s' → No (Yes=1, No=4)
  [RESULT] anomaly=True score=1.0000
           Logical anomaly detected. Violated constraints:
  - Is there exactly one yellow pushpin head facing up in each slot?

============================================================
Stage 4 | [0] /home/chikibriki/LoqicQA/dataset-ninja/mvtec-loco-ad/test/img/pushpins_logical_anomalies_062.png | gt=logical_anomaly | anomaly_type=missing_separator
============================================================

  [Sub-Q 1] MQ: Is there exactly one yellow pushpin head facing up...
  SQ: Is there exactly one yellow pushpin head facing up in each slot?
  [PROMPT]
You are a strict industrial quality control inspector.
Your task is to inspect a pushpins and answer a specific constraint question.

[What a NORMAL pushpins looks like]
1. Components:
   - pushpin

2. Quantities:
   - pushpin: exactly 15

3. Spatial Arrangement:
   - pushpin: center

4. Visual Appearance and Fill Level:
   - pushpin: yellow, round cap with a metal needle
   Relative sizes:
     - pushpin: roughly equal to other components

5. Relational and Proportional Constraints:
   - The pushpins occupy the most space.
   - There are no fixed size ratios between components.

6. Symmetry and Connectivity:
   - Components (pushpins) do not need to be strictly separated or parallel/adjacent unless specified by external constraints like a board layout, which is not shown here.

7. Per-Slot Completeness:
   - Each slot must contain exactly one yellow pushpin head facing up; there should be no empty slots nor any slots with two or more items in them

Question to verify: Is there exactly one yellow pushpin head facing up in each slot?

Look carefully at the image.
Step 1 — Observe: Describe what you see in the image that is directly relevant to this question. Be specific: count visible objects, note their location (left/right/center), and explicitly state if an expected component appears absent or is in the wrong position.
Step 2 — Conclude with exactly one of:
Result: Yes
Result: No
  [RESPONSE]
Step 1: Observe
- There are a total of 15 slots in the image.
- Each slot contains one yellow pushpin head facing up.

Step 2:
Result: Yes
  [ANSWER] Yes | log_prob=0.0
  [META] {'regex_found': 'Yes', 'pos': 135, 'mapped_to_token_id': 7560, 'decoded_token': ' Yes', 'step': 38, 'raw_prob': 1.0}

  [Sub-Q 2] MQ: Is there exactly one yellow pushpin head facing up...
  SQ: Are there exactly 15 yellow pushpin heads facing up in the image?
  [PROMPT]
You are a strict industrial quality control inspector.
Your task is to inspect a pushpins and answer a specific constraint question.

[What a NORMAL pushpins looks like]
1. Components:
   - pushpin

2. Quantities:
   - pushpin: exactly 15

3. Spatial Arrangement:
   - pushpin: center

4. Visual Appearance and Fill Level:
   - pushpin: yellow, round cap with a metal needle
   Relative sizes:
     - pushpin: roughly equal to other components

5. Relational and Proportional Constraints:
   - The pushpins occupy the most space.
   - There are no fixed size ratios between components.

6. Symmetry and Connectivity:
   - Components (pushpins) do not need to be strictly separated or parallel/adjacent unless specified by external constraints like a board layout, which is not shown here.

7. Per-Slot Completeness:
   - Each slot must contain exactly one yellow pushpin head facing up; there should be no empty slots nor any slots with two or more items in them

Question to verify: Are there exactly 15 yellow pushpin heads facing up in the image?

Look carefully at the image.
Step 1 — Observe: Describe what you see in the image that is directly relevant to this question. Be specific: count visible objects, note their location (left/right/center), and explicitly state if an expected component appears absent or is in the wrong position.
Step 2 — Conclude with exactly one of:
Result: Yes
Result: No
  [RESPONSE]
Step 1: Observe
- The image shows a plastic case with multiple slots.
- Each slot contains one yellow pushpin head facing up, except for some empty slots.

Counting the visible objects:
There are exactly 15 yellow pushpin heads that appear to be correctly positioned in their respective slots. 

Step 2: Conclude

Result: Yes
  [ANSWER] Yes | log_prob=0.0
  [META] {'regex_found': 'Yes', 'pos': 322, 'mapped_to_token_id': 7560, 'decoded_token': ' Yes', 'step': 72, 'raw_prob': 1.0}

  [Sub-Q 3] MQ: Is there exactly one yellow pushpin head facing up...
  SQ: Is each slot occupied by precisely one upward-facing yellow pushpin head?
  [PROMPT]
You are a strict industrial quality control inspector.
Your task is to inspect a pushpins and answer a specific constraint question.

[What a NORMAL pushpins looks like]
1. Components:
   - pushpin

2. Quantities:
   - pushpin: exactly 15

3. Spatial Arrangement:
   - pushpin: center

4. Visual Appearance and Fill Level:
   - pushpin: yellow, round cap with a metal needle
   Relative sizes:
     - pushpin: roughly equal to other components

5. Relational and Proportional Constraints:
   - The pushpins occupy the most space.
   - There are no fixed size ratios between components.

6. Symmetry and Connectivity:
   - Components (pushpins) do not need to be strictly separated or parallel/adjacent unless specified by external constraints like a board layout, which is not shown here.

7. Per-Slot Completeness:
   - Each slot must contain exactly one yellow pushpin head facing up; there should be no empty slots nor any slots with two or more items in them

Question to verify: Is each slot occupied by precisely one upward-facing yellow pushpin head?

Look carefully at the image.
Step 1 — Observe: Describe what you see in the image that is directly relevant to this question. Be specific: count visible objects, note their location (left/right/center), and explicitly state if an expected component appears absent or is in the wrong position.
Step 2 — Conclude with exactly one of:
Result: Yes
Result: No
  [RESPONSE]
Step 1: Observe
- The image shows a plastic case with multiple slots.
- Each slot contains one yellow pushpin head facing up, except for the top left and bottom right corners which are empty.

Step 2:
Result: No
  [ANSWER] No | log_prob=0.0
  [META] {'regex_found': 'No', 'pos': 209, 'mapped_to_token_id': 2458, 'decoded_token': ' No', 'step': 49, 'raw_prob': 1.0}

  [Sub-Q 4] MQ: Is there exactly one yellow pushpin head facing up...
  SQ: Does every visible space contain an exact number of yellow pushpins, all oriented upwards?
  [PROMPT]
You are a strict industrial quality control inspector.
Your task is to inspect a pushpins and answer a specific constraint question.

[What a NORMAL pushpins looks like]
1. Components:
   - pushpin

2. Quantities:
   - pushpin: exactly 15

3. Spatial Arrangement:
   - pushpin: center

4. Visual Appearance and Fill Level:
   - pushpin: yellow, round cap with a metal needle
   Relative sizes:
     - pushpin: roughly equal to other components

5. Relational and Proportional Constraints:
   - The pushpins occupy the most space.
   - There are no fixed size ratios between components.

6. Symmetry and Connectivity:
   - Components (pushpins) do not need to be strictly separated or parallel/adjacent unless specified by external constraints like a board layout, which is not shown here.

7. Per-Slot Completeness:
   - Each slot must contain exactly one yellow pushpin head facing up; there should be no empty slots nor any slots with two or more items in them

Question to verify: Does every visible space contain an exact number of yellow pushpins, all oriented upwards?

Look carefully at the image.
Step 1 — Observe: Describe what you see in the image that is directly relevant to this question. Be specific: count visible objects, note their location (left/right/center), and explicitly state if an expected component appears absent or is in the wrong position.
Step 2 — Conclude with exactly one of:
Result: Yes
Result: No
  [RESPONSE]
Step 1: Observe
- There are a total of 15 slots in the container.
- Each slot contains one yellow pushpin head facing upwards, except for two empty slots.

Step 2:
Result: No
  [ANSWER] No | log_prob=0.0
  [META] {'regex_found': 'No', 'pos': 172, 'mapped_to_token_id': 2458, 'decoded_token': ' No', 'step': 44, 'raw_prob': 1.0}

  [Sub-Q 5] MQ: Is there exactly one yellow pushpin head facing up...
  SQ: Can you see pushpin in the pushpins?
  [PROMPT]
You are a strict industrial quality control inspector.
Your task is to inspect a pushpins and answer a specific constraint question.

[What a NORMAL pushpins looks like]
1. Components:
   - pushpin

2. Quantities:
   - pushpin: exactly 15

3. Spatial Arrangement:
   - pushpin: center

4. Visual Appearance and Fill Level:
   - pushpin: yellow, round cap with a metal needle
   Relative sizes:
     - pushpin: roughly equal to other components

5. Relational and Proportional Constraints:
   - The pushpins occupy the most space.
   - There are no fixed size ratios between components.

6. Symmetry and Connectivity:
   - Components (pushpins) do not need to be strictly separated or parallel/adjacent unless specified by external constraints like a board layout, which is not shown here.

7. Per-Slot Completeness:
   - Each slot must contain exactly one yellow pushpin head facing up; there should be no empty slots nor any slots with two or more items in them

Question to verify: Can you see pushpin in the pushpins?

Look carefully at the image.
Step 1 — Observe: Describe what you see in the image that is directly relevant to this question. Be specific: count visible objects, note their location (left/right/center), and explicitly state if an expected component appears absent or is in the wrong position.
Step 2 — Conclude with exactly one of:
Result: Yes
Result: No
  [RESPONSE]
Step 1: Observe
- The image shows a plastic case with multiple slots.
- Each slot contains one yellow pushpin head facing up, except for the top left and bottom right corners where there are no items.

Step 2:
Result: No
  [ANSWER] No | log_prob=0.0
  [META] {'regex_found': 'No', 'pos': 218, 'mapped_to_token_id': 2458, 'decoded_token': ' No', 'step': 51, 'raw_prob': 1.0}
  [VOTE] 'Is there exactly one yellow pushpin head facing up in each s' → No (Yes=2, No=3)
  [RESULT] anomaly=True score=1.0000
           Logical anomaly detected. Violated constraints:
  - Is there exactly one yellow pushpin head facing up in each slot?

============================================================
Stage 4 | [0] /home/chikibriki/LoqicQA/dataset-ninja/mvtec-loco-ad/test/img/pushpins_logical_anomalies_063.png | gt=logical_anomaly | anomaly_type=missing_separator
============================================================

  [Sub-Q 1] MQ: Is there exactly one yellow pushpin head facing up...
  SQ: Is there exactly one yellow pushpin head facing up in each slot?
  [PROMPT]
You are a strict industrial quality control inspector.
Your task is to inspect a pushpins and answer a specific constraint question.

[What a NORMAL pushpins looks like]
1. Components:
   - pushpin

2. Quantities:
   - pushpin: exactly 15

3. Spatial Arrangement:
   - pushpin: center

4. Visual Appearance and Fill Level:
   - pushpin: yellow, round cap with a metal needle
   Relative sizes:
     - pushpin: roughly equal to other components

5. Relational and Proportional Constraints:
   - The pushpins occupy the most space.
   - There are no fixed size ratios between components.

6. Symmetry and Connectivity:
   - Components (pushpins) do not need to be strictly separated or parallel/adjacent unless specified by external constraints like a board layout, which is not shown here.

7. Per-Slot Completeness:
   - Each slot must contain exactly one yellow pushpin head facing up; there should be no empty slots nor any slots with two or more items in them

Question to verify: Is there exactly one yellow pushpin head facing up in each slot?

Look carefully at the image.
Step 1 — Observe: Describe what you see in the image that is directly relevant to this question. Be specific: count visible objects, note their location (left/right/center), and explicitly state if an expected component appears absent or is in the wrong position.
Step 2 — Conclude with exactly one of:
Result: Yes
Result: No
  [RESPONSE]
Step 1: Observe
- The image shows a clear plastic case with multiple slots.
- Each slot contains one yellow pushpin head facing up, except for the top left and bottom right corners where there are no visible items.

Step 2:
Result: No
  [ANSWER] No | log_prob=0.0
  [META] {'regex_found': 'No', 'pos': 232, 'mapped_to_token_id': 2458, 'decoded_token': ' No', 'step': 53, 'raw_prob': 1.0}

  [Sub-Q 2] MQ: Is there exactly one yellow pushpin head facing up...
  SQ: Are there exactly 15 yellow pushpin heads facing up in the image?
  [PROMPT]
You are a strict industrial quality control inspector.
Your task is to inspect a pushpins and answer a specific constraint question.

[What a NORMAL pushpins looks like]
1. Components:
   - pushpin

2. Quantities:
   - pushpin: exactly 15

3. Spatial Arrangement:
   - pushpin: center

4. Visual Appearance and Fill Level:
   - pushpin: yellow, round cap with a metal needle
   Relative sizes:
     - pushpin: roughly equal to other components

5. Relational and Proportional Constraints:
   - The pushpins occupy the most space.
   - There are no fixed size ratios between components.

6. Symmetry and Connectivity:
   - Components (pushpins) do not need to be strictly separated or parallel/adjacent unless specified by external constraints like a board layout, which is not shown here.

7. Per-Slot Completeness:
   - Each slot must contain exactly one yellow pushpin head facing up; there should be no empty slots nor any slots with two or more items in them

Question to verify: Are there exactly 15 yellow pushpin heads facing up in the image?

Look carefully at the image.
Step 1 — Observe: Describe what you see in the image that is directly relevant to this question. Be specific: count visible objects, note their location (left/right/center), and explicitly state if an expected component appears absent or is in the wrong position.
Step 2 — Conclude with exactly one of:
Result: Yes
Result: No
  [RESPONSE]
Step 1: Observe
- The image shows a clear plastic case with multiple compartments.
- Each compartment contains one yellow pushpin head facing up, except for the top left and bottom right corners which are empty.

Step 2:
Result: No
  [ANSWER] No | log_prob=0.0
  [META] {'regex_found': 'No', 'pos': 229, 'mapped_to_token_id': 2458, 'decoded_token': ' No', 'step': 51, 'raw_prob': 1.0}

  [Sub-Q 3] MQ: Is there exactly one yellow pushpin head facing up...
  SQ: Is each slot occupied by precisely one upward-facing yellow pushpin head?
  [PROMPT]
You are a strict industrial quality control inspector.
Your task is to inspect a pushpins and answer a specific constraint question.

[What a NORMAL pushpins looks like]
1. Components:
   - pushpin

2. Quantities:
   - pushpin: exactly 15

3. Spatial Arrangement:
   - pushpin: center

4. Visual Appearance and Fill Level:
   - pushpin: yellow, round cap with a metal needle
   Relative sizes:
     - pushpin: roughly equal to other components

5. Relational and Proportional Constraints:
   - The pushpins occupy the most space.
   - There are no fixed size ratios between components.

6. Symmetry and Connectivity:
   - Components (pushpins) do not need to be strictly separated or parallel/adjacent unless specified by external constraints like a board layout, which is not shown here.

7. Per-Slot Completeness:
   - Each slot must contain exactly one yellow pushpin head facing up; there should be no empty slots nor any slots with two or more items in them

Question to verify: Is each slot occupied by precisely one upward-facing yellow pushpin head?

Look carefully at the image.
Step 1 — Observe: Describe what you see in the image that is directly relevant to this question. Be specific: count visible objects, note their location (left/right/center), and explicitly state if an expected component appears absent or is in the wrong position.
Step 2 — Conclude with exactly one of:
Result: Yes
Result: No
  [RESPONSE]
Step 1: Observe
- There are a total of 15 slots.
- Each slot contains one yellow pushpin head facing up.

Step 2:
Result: Yes
  [ANSWER] Yes | log_prob=0.0
  [META] {'regex_found': 'Yes', 'pos': 122, 'mapped_to_token_id': 7560, 'decoded_token': ' Yes', 'step': 35, 'raw_prob': 1.0}

  [Sub-Q 4] MQ: Is there exactly one yellow pushpin head facing up...
  SQ: Does every visible space contain an exact number of yellow pushpins, all oriented upwards?
  [PROMPT]
You are a strict industrial quality control inspector.
Your task is to inspect a pushpins and answer a specific constraint question.

[What a NORMAL pushpins looks like]
1. Components:
   - pushpin

2. Quantities:
   - pushpin: exactly 15

3. Spatial Arrangement:
   - pushpin: center

4. Visual Appearance and Fill Level:
   - pushpin: yellow, round cap with a metal needle
   Relative sizes:
     - pushpin: roughly equal to other components

5. Relational and Proportional Constraints:
   - The pushpins occupy the most space.
   - There are no fixed size ratios between components.

6. Symmetry and Connectivity:
   - Components (pushpins) do not need to be strictly separated or parallel/adjacent unless specified by external constraints like a board layout, which is not shown here.

7. Per-Slot Completeness:
   - Each slot must contain exactly one yellow pushpin head facing up; there should be no empty slots nor any slots with two or more items in them

Question to verify: Does every visible space contain an exact number of yellow pushpins, all oriented upwards?

Look carefully at the image.
Step 1 — Observe: Describe what you see in the image that is directly relevant to this question. Be specific: count visible objects, note their location (left/right/center), and explicitly state if an expected component appears absent or is in the wrong position.
Step 2 — Conclude with exactly one of:
Result: Yes
Result: No
  [RESPONSE]
Step 1: Observe
- There are a total of 15 slots in the image.
- Each slot contains one yellow pushpin head facing upwards.

Step 2:
Result: Yes
  [ANSWER] Yes | log_prob=0.0
  [META] {'regex_found': 'Yes', 'pos': 140, 'mapped_to_token_id': 7560, 'decoded_token': ' Yes', 'step': 38, 'raw_prob': 1.0}

  [Sub-Q 5] MQ: Is there exactly one yellow pushpin head facing up...
  SQ: Can you see pushpin in the pushpins?
  [PROMPT]
You are a strict industrial quality control inspector.
Your task is to inspect a pushpins and answer a specific constraint question.

[What a NORMAL pushpins looks like]
1. Components:
   - pushpin

2. Quantities:
   - pushpin: exactly 15

3. Spatial Arrangement:
   - pushpin: center

4. Visual Appearance and Fill Level:
   - pushpin: yellow, round cap with a metal needle
   Relative sizes:
     - pushpin: roughly equal to other components

5. Relational and Proportional Constraints:
   - The pushpins occupy the most space.
   - There are no fixed size ratios between components.

6. Symmetry and Connectivity:
   - Components (pushpins) do not need to be strictly separated or parallel/adjacent unless specified by external constraints like a board layout, which is not shown here.

7. Per-Slot Completeness:
   - Each slot must contain exactly one yellow pushpin head facing up; there should be no empty slots nor any slots with two or more items in them

Question to verify: Can you see pushpin in the pushpins?

Look carefully at the image.
Step 1 — Observe: Describe what you see in the image that is directly relevant to this question. Be specific: count visible objects, note their location (left/right/center), and explicitly state if an expected component appears absent or is in the wrong position.
Step 2 — Conclude with exactly one of:
Result: Yes
Result: No
  [RESPONSE]
Step 1: Observe
- The image shows a clear plastic container with multiple compartments.
- Each compartment contains one yellow pushpin head facing up, except for the top left and bottom right compartments which are empty.

Step 2:
Result: No
  [ANSWER] No | log_prob=0.0
  [META] {'regex_found': 'No', 'pos': 239, 'mapped_to_token_id': 2458, 'decoded_token': ' No', 'step': 52, 'raw_prob': 1.0}
  [VOTE] 'Is there exactly one yellow pushpin head facing up in each s' → No (Yes=2, No=3)
  [RESULT] anomaly=True score=1.0000
           Logical anomaly detected. Violated constraints:
  - Is there exactly one yellow pushpin head facing up in each slot?

============================================================
Stage 4 | [0] /home/chikibriki/LoqicQA/dataset-ninja/mvtec-loco-ad/test/img/pushpins_logical_anomalies_064.png | gt=logical_anomaly | anomaly_type=missing_separator
============================================================

  [Sub-Q 1] MQ: Is there exactly one yellow pushpin head facing up...
  SQ: Is there exactly one yellow pushpin head facing up in each slot?
  [PROMPT]
You are a strict industrial quality control inspector.
Your task is to inspect a pushpins and answer a specific constraint question.

[What a NORMAL pushpins looks like]
1. Components:
   - pushpin

2. Quantities:
   - pushpin: exactly 15

3. Spatial Arrangement:
   - pushpin: center

4. Visual Appearance and Fill Level:
   - pushpin: yellow, round cap with a metal needle
   Relative sizes:
     - pushpin: roughly equal to other components

5. Relational and Proportional Constraints:
   - The pushpins occupy the most space.
   - There are no fixed size ratios between components.

6. Symmetry and Connectivity:
   - Components (pushpins) do not need to be strictly separated or parallel/adjacent unless specified by external constraints like a board layout, which is not shown here.

7. Per-Slot Completeness:
   - Each slot must contain exactly one yellow pushpin head facing up; there should be no empty slots nor any slots with two or more items in them

Question to verify: Is there exactly one yellow pushpin head facing up in each slot?

Look carefully at the image.
Step 1 — Observe: Describe what you see in the image that is directly relevant to this question. Be specific: count visible objects, note their location (left/right/center), and explicitly state if an expected component appears absent or is in the wrong position.
Step 2 — Conclude with exactly one of:
Result: Yes
Result: No
  [RESPONSE]
Step 1: Observe
- There are a total of 15 slots in the image.
- Each slot contains one yellow pushpin head facing up.

Step 2: Conclude with exactly one of:
Result: Yes
  [ANSWER] Yes | log_prob=0.0
  [META] {'regex_found': 'Yes', 'pos': 165, 'mapped_to_token_id': 7560, 'decoded_token': ' Yes', 'step': 45, 'raw_prob': 1.0}

  [Sub-Q 2] MQ: Is there exactly one yellow pushpin head facing up...
  SQ: Are there exactly 15 yellow pushpin heads facing up in the image?
  [PROMPT]
You are a strict industrial quality control inspector.
Your task is to inspect a pushpins and answer a specific constraint question.

[What a NORMAL pushpins looks like]
1. Components:
   - pushpin

2. Quantities:
   - pushpin: exactly 15

3. Spatial Arrangement:
   - pushpin: center

4. Visual Appearance and Fill Level:
   - pushpin: yellow, round cap with a metal needle
   Relative sizes:
     - pushpin: roughly equal to other components

5. Relational and Proportional Constraints:
   - The pushpins occupy the most space.
   - There are no fixed size ratios between components.

6. Symmetry and Connectivity:
   - Components (pushpins) do not need to be strictly separated or parallel/adjacent unless specified by external constraints like a board layout, which is not shown here.

7. Per-Slot Completeness:
   - Each slot must contain exactly one yellow pushpin head facing up; there should be no empty slots nor any slots with two or more items in them

Question to verify: Are there exactly 15 yellow pushpin heads facing up in the image?

Look carefully at the image.
Step 1 — Observe: Describe what you see in the image that is directly relevant to this question. Be specific: count visible objects, note their location (left/right/center), and explicitly state if an expected component appears absent or is in the wrong position.
Step 2 — Conclude with exactly one of:
Result: Yes
Result: No
  [RESPONSE]
Step 1: Observe
- The image shows a container with multiple slots.
- Each slot contains one yellow pushpin head facing up, except for the top left and bottom right corners which are empty.

Step 2:
Result: No
  [ANSWER] No | log_prob=0.0
  [META] {'regex_found': 'No', 'pos': 206, 'mapped_to_token_id': 2458, 'decoded_token': ' No', 'step': 48, 'raw_prob': 1.0}

  [Sub-Q 3] MQ: Is there exactly one yellow pushpin head facing up...
  SQ: Is each slot occupied by precisely one upward-facing yellow pushpin head?
  [PROMPT]
You are a strict industrial quality control inspector.
Your task is to inspect a pushpins and answer a specific constraint question.

[What a NORMAL pushpins looks like]
1. Components:
   - pushpin

2. Quantities:
   - pushpin: exactly 15

3. Spatial Arrangement:
   - pushpin: center

4. Visual Appearance and Fill Level:
   - pushpin: yellow, round cap with a metal needle
   Relative sizes:
     - pushpin: roughly equal to other components

5. Relational and Proportional Constraints:
   - The pushpins occupy the most space.
   - There are no fixed size ratios between components.

6. Symmetry and Connectivity:
   - Components (pushpins) do not need to be strictly separated or parallel/adjacent unless specified by external constraints like a board layout, which is not shown here.

7. Per-Slot Completeness:
   - Each slot must contain exactly one yellow pushpin head facing up; there should be no empty slots nor any slots with two or more items in them

Question to verify: Is each slot occupied by precisely one upward-facing yellow pushpin head?

Look carefully at the image.
Step 1 — Observe: Describe what you see in the image that is directly relevant to this question. Be specific: count visible objects, note their location (left/right/center), and explicitly state if an expected component appears absent or is in the wrong position.
Step 2 — Conclude with exactly one of:
Result: Yes
Result: No
  [RESPONSE]
Step 1: Observe
- There are a total of 15 slots in the image.
- Each slot contains one yellow pushpin head facing up.

Step 2: Conclude with exactly one:
Result: Yes
  [ANSWER] Yes | log_prob=0.0
  [META] {'regex_found': 'Yes', 'pos': 162, 'mapped_to_token_id': 7560, 'decoded_token': ' Yes', 'step': 44, 'raw_prob': 1.0}

  [Sub-Q 4] MQ: Is there exactly one yellow pushpin head facing up...
  SQ: Does every visible space contain an exact number of yellow pushpins, all oriented upwards?
  [PROMPT]
You are a strict industrial quality control inspector.
Your task is to inspect a pushpins and answer a specific constraint question.

[What a NORMAL pushpins looks like]
1. Components:
   - pushpin

2. Quantities:
   - pushpin: exactly 15

3. Spatial Arrangement:
   - pushpin: center

4. Visual Appearance and Fill Level:
   - pushpin: yellow, round cap with a metal needle
   Relative sizes:
     - pushpin: roughly equal to other components

5. Relational and Proportional Constraints:
   - The pushpins occupy the most space.
   - There are no fixed size ratios between components.

6. Symmetry and Connectivity:
   - Components (pushpins) do not need to be strictly separated or parallel/adjacent unless specified by external constraints like a board layout, which is not shown here.

7. Per-Slot Completeness:
   - Each slot must contain exactly one yellow pushpin head facing up; there should be no empty slots nor any slots with two or more items in them

Question to verify: Does every visible space contain an exact number of yellow pushpins, all oriented upwards?

Look carefully at the image.
Step 1 — Observe: Describe what you see in the image that is directly relevant to this question. Be specific: count visible objects, note their location (left/right/center), and explicitly state if an expected component appears absent or is in the wrong position.
Step 2 — Conclude with exactly one of:
Result: Yes
Result: No
  [RESPONSE]
Step 1: Observe
- The image shows a container with multiple compartments.
- Each compartment contains one yellow pushpin head facing upwards, except for the top left and bottom right compartments which are empty.

Step 2:
Result: No
  [ANSWER] No | log_prob=0.0
  [META] {'regex_found': 'No', 'pos': 230, 'mapped_to_token_id': 2458, 'decoded_token': ' No', 'step': 50, 'raw_prob': 1.0}

  [Sub-Q 5] MQ: Is there exactly one yellow pushpin head facing up...
  SQ: Can you see pushpin in the pushpins?
  [PROMPT]
You are a strict industrial quality control inspector.
Your task is to inspect a pushpins and answer a specific constraint question.

[What a NORMAL pushpins looks like]
1. Components:
   - pushpin

2. Quantities:
   - pushpin: exactly 15

3. Spatial Arrangement:
   - pushpin: center

4. Visual Appearance and Fill Level:
   - pushpin: yellow, round cap with a metal needle
   Relative sizes:
     - pushpin: roughly equal to other components

5. Relational and Proportional Constraints:
   - The pushpins occupy the most space.
   - There are no fixed size ratios between components.

6. Symmetry and Connectivity:
   - Components (pushpins) do not need to be strictly separated or parallel/adjacent unless specified by external constraints like a board layout, which is not shown here.

7. Per-Slot Completeness:
   - Each slot must contain exactly one yellow pushpin head facing up; there should be no empty slots nor any slots with two or more items in them

Question to verify: Can you see pushpin in the pushpins?

Look carefully at the image.
Step 1 — Observe: Describe what you see in the image that is directly relevant to this question. Be specific: count visible objects, note their location (left/right/center), and explicitly state if an expected component appears absent or is in the wrong position.
Step 2 — Conclude with exactly one of:
Result: Yes
Result: No
  [RESPONSE]
Step 1: Observe
- There are a total of 15 slots in the container.
- Each slot contains one yellow pushpin head facing up, except for two empty slots on either side.

Step 2:
Result: Yes
  [ANSWER] Yes | log_prob=0.0
  [META] {'regex_found': 'Yes', 'pos': 182, 'mapped_to_token_id': 7560, 'decoded_token': ' Yes', 'step': 47, 'raw_prob': 1.0}
  [VOTE] 'Is there exactly one yellow pushpin head facing up in each s' → Yes (Yes=3, No=2)
  [RESULT] anomaly=False score=0.0000
           Image appears normal. All constraints satisfied.

============================================================
Stage 4 | [0] /home/chikibriki/LoqicQA/dataset-ninja/mvtec-loco-ad/test/img/pushpins_logical_anomalies_065.png | gt=logical_anomaly | anomaly_type=missing_separator
============================================================

  [Sub-Q 1] MQ: Is there exactly one yellow pushpin head facing up...
  SQ: Is there exactly one yellow pushpin head facing up in each slot?
  [PROMPT]
You are a strict industrial quality control inspector.
Your task is to inspect a pushpins and answer a specific constraint question.

[What a NORMAL pushpins looks like]
1. Components:
   - pushpin

2. Quantities:
   - pushpin: exactly 15

3. Spatial Arrangement:
   - pushpin: center

4. Visual Appearance and Fill Level:
   - pushpin: yellow, round cap with a metal needle
   Relative sizes:
     - pushpin: roughly equal to other components

5. Relational and Proportional Constraints:
   - The pushpins occupy the most space.
   - There are no fixed size ratios between components.

6. Symmetry and Connectivity:
   - Components (pushpins) do not need to be strictly separated or parallel/adjacent unless specified by external constraints like a board layout, which is not shown here.

7. Per-Slot Completeness:
   - Each slot must contain exactly one yellow pushpin head facing up; there should be no empty slots nor any slots with two or more items in them

Question to verify: Is there exactly one yellow pushpin head facing up in each slot?

Look carefully at the image.
Step 1 — Observe: Describe what you see in the image that is directly relevant to this question. Be specific: count visible objects, note their location (left/right/center), and explicitly state if an expected component appears absent or is in the wrong position.
Step 2 — Conclude with exactly one of:
Result: Yes
Result: No
  [RESPONSE]
Step 1: Observe
- There are a total of 15 slots.
- Each slot contains one yellow pushpin head facing up.

Step 2:
Result: Yes
  [ANSWER] Yes | log_prob=0.0
  [META] {'regex_found': 'Yes', 'pos': 122, 'mapped_to_token_id': 7560, 'decoded_token': ' Yes', 'step': 35, 'raw_prob': 1.0}

  [Sub-Q 2] MQ: Is there exactly one yellow pushpin head facing up...
  SQ: Are there exactly 15 yellow pushpin heads facing up in the image?
  [PROMPT]
You are a strict industrial quality control inspector.
Your task is to inspect a pushpins and answer a specific constraint question.

[What a NORMAL pushpins looks like]
1. Components:
   - pushpin

2. Quantities:
   - pushpin: exactly 15

3. Spatial Arrangement:
   - pushpin: center

4. Visual Appearance and Fill Level:
   - pushpin: yellow, round cap with a metal needle
   Relative sizes:
     - pushpin: roughly equal to other components

5. Relational and Proportional Constraints:
   - The pushpins occupy the most space.
   - There are no fixed size ratios between components.

6. Symmetry and Connectivity:
   - Components (pushpins) do not need to be strictly separated or parallel/adjacent unless specified by external constraints like a board layout, which is not shown here.

7. Per-Slot Completeness:
   - Each slot must contain exactly one yellow pushpin head facing up; there should be no empty slots nor any slots with two or more items in them

Question to verify: Are there exactly 15 yellow pushpin heads facing up in the image?

Look carefully at the image.
Step 1 — Observe: Describe what you see in the image that is directly relevant to this question. Be specific: count visible objects, note their location (left/right/center), and explicitly state if an expected component appears absent or is in the wrong position.
Step 2 — Conclude with exactly one of:
Result: Yes
Result: No
  [RESPONSE]
Step 1: Observe
- The image shows a container with multiple slots.
- Each slot contains one yellow pushpin head facing up, except for the top left and bottom right slots which are empty.

Step 2:
Result: No
  [ANSWER] No | log_prob=0.0
  [META] {'regex_found': 'No', 'pos': 204, 'mapped_to_token_id': 2458, 'decoded_token': ' No', 'step': 48, 'raw_prob': 1.0}

  [Sub-Q 3] MQ: Is there exactly one yellow pushpin head facing up...
  SQ: Is each slot occupied by precisely one upward-facing yellow pushpin head?
  [PROMPT]
You are a strict industrial quality control inspector.
Your task is to inspect a pushpins and answer a specific constraint question.

[What a NORMAL pushpins looks like]
1. Components:
   - pushpin

2. Quantities:
   - pushpin: exactly 15

3. Spatial Arrangement:
   - pushpin: center

4. Visual Appearance and Fill Level:
   - pushpin: yellow, round cap with a metal needle
   Relative sizes:
     - pushpin: roughly equal to other components

5. Relational and Proportional Constraints:
   - The pushpins occupy the most space.
   - There are no fixed size ratios between components.

6. Symmetry and Connectivity:
   - Components (pushpins) do not need to be strictly separated or parallel/adjacent unless specified by external constraints like a board layout, which is not shown here.

7. Per-Slot Completeness:
   - Each slot must contain exactly one yellow pushpin head facing up; there should be no empty slots nor any slots with two or more items in them

Question to verify: Is each slot occupied by precisely one upward-facing yellow pushpin head?

Look carefully at the image.
Step 1 — Observe: Describe what you see in the image that is directly relevant to this question. Be specific: count visible objects, note their location (left/right/center), and explicitly state if an expected component appears absent or is in the wrong position.
Step 2 — Conclude with exactly one of:
Result: Yes
Result: No
  [RESPONSE]
Step 1: Observe
- The image shows a plastic case with multiple slots.
- Each slot contains one yellow pushpin head facing up, except for the top left and bottom right slots which are empty.

Step 2:
Result: No
  [ANSWER] No | log_prob=0.0
  [META] {'regex_found': 'No', 'pos': 207, 'mapped_to_token_id': 2458, 'decoded_token': ' No', 'step': 49, 'raw_prob': 1.0}

  [Sub-Q 4] MQ: Is there exactly one yellow pushpin head facing up...
  SQ: Does every visible space contain an exact number of yellow pushpins, all oriented upwards?
  [PROMPT]
You are a strict industrial quality control inspector.
Your task is to inspect a pushpins and answer a specific constraint question.

[What a NORMAL pushpins looks like]
1. Components:
   - pushpin

2. Quantities:
   - pushpin: exactly 15

3. Spatial Arrangement:
   - pushpin: center

4. Visual Appearance and Fill Level:
   - pushpin: yellow, round cap with a metal needle
   Relative sizes:
     - pushpin: roughly equal to other components

5. Relational and Proportional Constraints:
   - The pushpins occupy the most space.
   - There are no fixed size ratios between components.

6. Symmetry and Connectivity:
   - Components (pushpins) do not need to be strictly separated or parallel/adjacent unless specified by external constraints like a board layout, which is not shown here.

7. Per-Slot Completeness:
   - Each slot must contain exactly one yellow pushpin head facing up; there should be no empty slots nor any slots with two or more items in them

Question to verify: Does every visible space contain an exact number of yellow pushpins, all oriented upwards?

Look carefully at the image.
Step 1 — Observe: Describe what you see in the image that is directly relevant to this question. Be specific: count visible objects, note their location (left/right/center), and explicitly state if an expected component appears absent or is in the wrong position.
Step 2 — Conclude with exactly one of:
Result: Yes
Result: No
  [RESPONSE]
Step 1: Observe
- The image shows a clear plastic container with multiple compartments.
- Each compartment contains one yellow pushpin head facing upwards, except for the top left and bottom right compartments which are empty.

Step 2:
Result: No
  [ANSWER] No | log_prob=0.0
  [META] {'regex_found': 'No', 'pos': 244, 'mapped_to_token_id': 2458, 'decoded_token': ' No', 'step': 52, 'raw_prob': 1.0}

  [Sub-Q 5] MQ: Is there exactly one yellow pushpin head facing up...
  SQ: Can you see pushpin in the pushpins?
  [PROMPT]
You are a strict industrial quality control inspector.
Your task is to inspect a pushpins and answer a specific constraint question.

[What a NORMAL pushpins looks like]
1. Components:
   - pushpin

2. Quantities:
   - pushpin: exactly 15

3. Spatial Arrangement:
   - pushpin: center

4. Visual Appearance and Fill Level:
   - pushpin: yellow, round cap with a metal needle
   Relative sizes:
     - pushpin: roughly equal to other components

5. Relational and Proportional Constraints:
   - The pushpins occupy the most space.
   - There are no fixed size ratios between components.

6. Symmetry and Connectivity:
   - Components (pushpins) do not need to be strictly separated or parallel/adjacent unless specified by external constraints like a board layout, which is not shown here.

7. Per-Slot Completeness:
   - Each slot must contain exactly one yellow pushpin head facing up; there should be no empty slots nor any slots with two or more items in them

Question to verify: Can you see pushpin in the pushpins?

Look carefully at the image.
Step 1 — Observe: Describe what you see in the image that is directly relevant to this question. Be specific: count visible objects, note their location (left/right/center), and explicitly state if an expected component appears absent or is in the wrong position.
Step 2 — Conclude with exactly one of:
Result: Yes
Result: No
  [RESPONSE]
Step 1: Observe
- There are a total of 15 slots.
- Each slot contains one yellow pushpin head facing up.

Step 2:
Result: Yes
  [ANSWER] Yes | log_prob=0.0
  [META] {'regex_found': 'Yes', 'pos': 122, 'mapped_to_token_id': 7560, 'decoded_token': ' Yes', 'step': 35, 'raw_prob': 1.0}
  [VOTE] 'Is there exactly one yellow pushpin head facing up in each s' → No (Yes=2, No=3)
  [RESULT] anomaly=True score=1.0000
           Logical anomaly detected. Violated constraints:
  - Is there exactly one yellow pushpin head facing up in each slot?

============================================================
Stage 4 | [0] /home/chikibriki/LoqicQA/dataset-ninja/mvtec-loco-ad/test/img/pushpins_logical_anomalies_066.png | gt=logical_anomaly | anomaly_type=missing_separator
============================================================

  [Sub-Q 1] MQ: Is there exactly one yellow pushpin head facing up...
  SQ: Is there exactly one yellow pushpin head facing up in each slot?
  [PROMPT]
You are a strict industrial quality control inspector.
Your task is to inspect a pushpins and answer a specific constraint question.

[What a NORMAL pushpins looks like]
1. Components:
   - pushpin

2. Quantities:
   - pushpin: exactly 15

3. Spatial Arrangement:
   - pushpin: center

4. Visual Appearance and Fill Level:
   - pushpin: yellow, round cap with a metal needle
   Relative sizes:
     - pushpin: roughly equal to other components

5. Relational and Proportional Constraints:
   - The pushpins occupy the most space.
   - There are no fixed size ratios between components.

6. Symmetry and Connectivity:
   - Components (pushpins) do not need to be strictly separated or parallel/adjacent unless specified by external constraints like a board layout, which is not shown here.

7. Per-Slot Completeness:
   - Each slot must contain exactly one yellow pushpin head facing up; there should be no empty slots nor any slots with two or more items in them

Question to verify: Is there exactly one yellow pushpin head facing up in each slot?

Look carefully at the image.
Step 1 — Observe: Describe what you see in the image that is directly relevant to this question. Be specific: count visible objects, note their location (left/right/center), and explicitly state if an expected component appears absent or is in the wrong position.
Step 2 — Conclude with exactly one of:
Result: Yes
Result: No
  [RESPONSE]
Step 1: Observe
- The image shows a grid with multiple slots.
- Each slot contains one yellow pushpin head facing up, except for the top right and bottom left slots which are empty.

Step 2:
Result: No
  [ANSWER] No | log_prob=0.0
  [META] {'regex_found': 'No', 'pos': 199, 'mapped_to_token_id': 2458, 'decoded_token': ' No', 'step': 48, 'raw_prob': 1.0}

  [Sub-Q 2] MQ: Is there exactly one yellow pushpin head facing up...
  SQ: Are there exactly 15 yellow pushpin heads facing up in the image?
  [PROMPT]
You are a strict industrial quality control inspector.
Your task is to inspect a pushpins and answer a specific constraint question.

[What a NORMAL pushpins looks like]
1. Components:
   - pushpin

2. Quantities:
   - pushpin: exactly 15

3. Spatial Arrangement:
   - pushpin: center

4. Visual Appearance and Fill Level:
   - pushpin: yellow, round cap with a metal needle
   Relative sizes:
     - pushpin: roughly equal to other components

5. Relational and Proportional Constraints:
   - The pushpins occupy the most space.
   - There are no fixed size ratios between components.

6. Symmetry and Connectivity:
   - Components (pushpins) do not need to be strictly separated or parallel/adjacent unless specified by external constraints like a board layout, which is not shown here.

7. Per-Slot Completeness:
   - Each slot must contain exactly one yellow pushpin head facing up; there should be no empty slots nor any slots with two or more items in them

Question to verify: Are there exactly 15 yellow pushpin heads facing up in the image?

Look carefully at the image.
Step 1 — Observe: Describe what you see in the image that is directly relevant to this question. Be specific: count visible objects, note their location (left/right/center), and explicitly state if an expected component appears absent or is in the wrong position.
Step 2 — Conclude with exactly one of:
Result: Yes
Result: No
  [RESPONSE]
Step 1: Observe
- The image shows a clear plastic case with multiple slots.
- Each slot contains one yellow pushpin head facing up, except for the top right and bottom left corners which are empty.

Step 2:
Result: No
  [ANSWER] No | log_prob=0.0
  [META] {'regex_found': 'No', 'pos': 215, 'mapped_to_token_id': 2458, 'decoded_token': ' No', 'step': 50, 'raw_prob': 1.0}

  [Sub-Q 3] MQ: Is there exactly one yellow pushpin head facing up...
  SQ: Is each slot occupied by precisely one upward-facing yellow pushpin head?
  [PROMPT]
You are a strict industrial quality control inspector.
Your task is to inspect a pushpins and answer a specific constraint question.

[What a NORMAL pushpins looks like]
1. Components:
   - pushpin

2. Quantities:
   - pushpin: exactly 15

3. Spatial Arrangement:
   - pushpin: center

4. Visual Appearance and Fill Level:
   - pushpin: yellow, round cap with a metal needle
   Relative sizes:
     - pushpin: roughly equal to other components

5. Relational and Proportional Constraints:
   - The pushpins occupy the most space.
   - There are no fixed size ratios between components.

6. Symmetry and Connectivity:
   - Components (pushpins) do not need to be strictly separated or parallel/adjacent unless specified by external constraints like a board layout, which is not shown here.

7. Per-Slot Completeness:
   - Each slot must contain exactly one yellow pushpin head facing up; there should be no empty slots nor any slots with two or more items in them

Question to verify: Is each slot occupied by precisely one upward-facing yellow pushpin head?

Look carefully at the image.
Step 1 — Observe: Describe what you see in the image that is directly relevant to this question. Be specific: count visible objects, note their location (left/right/center), and explicitly state if an expected component appears absent or is in the wrong position.
Step 2 — Conclude with exactly one of:
Result: Yes
Result: No
  [RESPONSE]
Step 1: Observe
- There are a total of 15 slots.
- Each slot contains one yellow pushpin head facing up.

Step 2:
Result: Yes
  [ANSWER] Yes | log_prob=0.0
  [META] {'regex_found': 'Yes', 'pos': 122, 'mapped_to_token_id': 7560, 'decoded_token': ' Yes', 'step': 35, 'raw_prob': 1.0}

  [Sub-Q 4] MQ: Is there exactly one yellow pushpin head facing up...
  SQ: Does every visible space contain an exact number of yellow pushpins, all oriented upwards?
  [PROMPT]
You are a strict industrial quality control inspector.
Your task is to inspect a pushpins and answer a specific constraint question.

[What a NORMAL pushpins looks like]
1. Components:
   - pushpin

2. Quantities:
   - pushpin: exactly 15

3. Spatial Arrangement:
   - pushpin: center

4. Visual Appearance and Fill Level:
   - pushpin: yellow, round cap with a metal needle
   Relative sizes:
     - pushpin: roughly equal to other components

5. Relational and Proportional Constraints:
   - The pushpins occupy the most space.
   - There are no fixed size ratios between components.

6. Symmetry and Connectivity:
   - Components (pushpins) do not need to be strictly separated or parallel/adjacent unless specified by external constraints like a board layout, which is not shown here.

7. Per-Slot Completeness:
   - Each slot must contain exactly one yellow pushpin head facing up; there should be no empty slots nor any slots with two or more items in them

Question to verify: Does every visible space contain an exact number of yellow pushpins, all oriented upwards?

Look carefully at the image.
Step 1 — Observe: Describe what you see in the image that is directly relevant to this question. Be specific: count visible objects, note their location (left/right/center), and explicitly state if an expected component appears absent or is in the wrong position.
Step 2 — Conclude with exactly one of:
Result: Yes
Result: No
  [RESPONSE]
Step 1: Observe
- There are a total of 15 slots.
- Each slot contains one yellow pushpin head facing upwards.

Step 2:
Result: Yes
  [ANSWER] Yes | log_prob=0.0
  [META] {'regex_found': 'Yes', 'pos': 127, 'mapped_to_token_id': 7560, 'decoded_token': ' Yes', 'step': 35, 'raw_prob': 1.0}

  [Sub-Q 5] MQ: Is there exactly one yellow pushpin head facing up...
  SQ: Can you see pushpin in the pushpins?
  [PROMPT]
You are a strict industrial quality control inspector.
Your task is to inspect a pushpins and answer a specific constraint question.

[What a NORMAL pushpins looks like]
1. Components:
   - pushpin

2. Quantities:
   - pushpin: exactly 15

3. Spatial Arrangement:
   - pushpin: center

4. Visual Appearance and Fill Level:
   - pushpin: yellow, round cap with a metal needle
   Relative sizes:
     - pushpin: roughly equal to other components

5. Relational and Proportional Constraints:
   - The pushpins occupy the most space.
   - There are no fixed size ratios between components.

6. Symmetry and Connectivity:
   - Components (pushpins) do not need to be strictly separated or parallel/adjacent unless specified by external constraints like a board layout, which is not shown here.

7. Per-Slot Completeness:
   - Each slot must contain exactly one yellow pushpin head facing up; there should be no empty slots nor any slots with two or more items in them

Question to verify: Can you see pushpin in the pushpins?

Look carefully at the image.
Step 1 — Observe: Describe what you see in the image that is directly relevant to this question. Be specific: count visible objects, note their location (left/right/center), and explicitly state if an expected component appears absent or is in the wrong position.
Step 2 — Conclude with exactly one of:
Result: Yes
Result: No
  [RESPONSE]
Step 1: Observe
- The image shows a set of pushpins in individual slots.
- There are exactly 15 visible yellow pushpins, each with its head facing up and the metal needle pointing downwards.

Step 2:
Result: Yes
  [ANSWER] Yes | log_prob=0.0
  [META] {'regex_found': 'Yes', 'pos': 208, 'mapped_to_token_id': 7560, 'decoded_token': ' Yes', 'step': 53, 'raw_prob': 1.0}
  [VOTE] 'Is there exactly one yellow pushpin head facing up in each s' → Yes (Yes=3, No=2)
  [RESULT] anomaly=False score=0.0000
           Image appears normal. All constraints satisfied.

============================================================
Stage 4 | [0] /home/chikibriki/LoqicQA/dataset-ninja/mvtec-loco-ad/test/img/pushpins_logical_anomalies_070.png | gt=logical_anomaly | anomaly_type=2_additional_pushpins
============================================================

  [Sub-Q 1] MQ: Is there exactly one yellow pushpin head facing up...
  SQ: Is there exactly one yellow pushpin head facing up in each slot?
  [PROMPT]
You are a strict industrial quality control inspector.
Your task is to inspect a pushpins and answer a specific constraint question.

[What a NORMAL pushpins looks like]
1. Components:
   - pushpin

2. Quantities:
   - pushpin: exactly 15

3. Spatial Arrangement:
   - pushpin: center

4. Visual Appearance and Fill Level:
   - pushpin: yellow, round cap with a metal needle
   Relative sizes:
     - pushpin: roughly equal to other components

5. Relational and Proportional Constraints:
   - The pushpins occupy the most space.
   - There are no fixed size ratios between components.

6. Symmetry and Connectivity:
   - Components (pushpins) do not need to be strictly separated or parallel/adjacent unless specified by external constraints like a board layout, which is not shown here.

7. Per-Slot Completeness:
   - Each slot must contain exactly one yellow pushpin head facing up; there should be no empty slots nor any slots with two or more items in them

Question to verify: Is there exactly one yellow pushpin head facing up in each slot?

Look carefully at the image.
Step 1 — Observe: Describe what you see in the image that is directly relevant to this question. Be specific: count visible objects, note their location (left/right/center), and explicitly state if an expected component appears absent or is in the wrong position.
Step 2 — Conclude with exactly one of:
Result: Yes
Result: No
  [RESPONSE]
Step 1: Observe
- The image shows a plastic container with multiple slots.
- Each slot contains one yellow pushpin head facing up, except for the bottom left and middle right slots which are empty.

Step 2:
Result: No
  [ANSWER] No | log_prob=0.0
  [META] {'regex_found': 'No', 'pos': 215, 'mapped_to_token_id': 2458, 'decoded_token': ' No', 'step': 49, 'raw_prob': 1.0}

  [Sub-Q 2] MQ: Is there exactly one yellow pushpin head facing up...
  SQ: Are there exactly 15 yellow pushpin heads facing up in the image?
  [PROMPT]
You are a strict industrial quality control inspector.
Your task is to inspect a pushpins and answer a specific constraint question.

[What a NORMAL pushpins looks like]
1. Components:
   - pushpin

2. Quantities:
   - pushpin: exactly 15

3. Spatial Arrangement:
   - pushpin: center

4. Visual Appearance and Fill Level:
   - pushpin: yellow, round cap with a metal needle
   Relative sizes:
     - pushpin: roughly equal to other components

5. Relational and Proportional Constraints:
   - The pushpins occupy the most space.
   - There are no fixed size ratios between components.

6. Symmetry and Connectivity:
   - Components (pushpins) do not need to be strictly separated or parallel/adjacent unless specified by external constraints like a board layout, which is not shown here.

7. Per-Slot Completeness:
   - Each slot must contain exactly one yellow pushpin head facing up; there should be no empty slots nor any slots with two or more items in them

Question to verify: Are there exactly 15 yellow pushpin heads facing up in the image?

Look carefully at the image.
Step 1 — Observe: Describe what you see in the image that is directly relevant to this question. Be specific: count visible objects, note their location (left/right/center), and explicitly state if an expected component appears absent or is in the wrong position.
Step 2 — Conclude with exactly one of:
Result: Yes
Result: No
  [RESPONSE]
Step 1: Observe
- The image shows a container with multiple slots.
- Each slot contains one yellow pushpin head facing up, except for the bottom left and middle right slots which are empty.

Step 2:
Result: No
  [ANSWER] No | log_prob=0.0
  [META] {'regex_found': 'No', 'pos': 207, 'mapped_to_token_id': 2458, 'decoded_token': ' No', 'step': 48, 'raw_prob': 1.0}

  [Sub-Q 3] MQ: Is there exactly one yellow pushpin head facing up...
  SQ: Is each slot occupied by precisely one upward-facing yellow pushpin head?
  [PROMPT]
You are a strict industrial quality control inspector.
Your task is to inspect a pushpins and answer a specific constraint question.

[What a NORMAL pushpins looks like]
1. Components:
   - pushpin

2. Quantities:
   - pushpin: exactly 15

3. Spatial Arrangement:
   - pushpin: center

4. Visual Appearance and Fill Level:
   - pushpin: yellow, round cap with a metal needle
   Relative sizes:
     - pushpin: roughly equal to other components

5. Relational and Proportional Constraints:
   - The pushpins occupy the most space.
   - There are no fixed size ratios between components.

6. Symmetry and Connectivity:
   - Components (pushpins) do not need to be strictly separated or parallel/adjacent unless specified by external constraints like a board layout, which is not shown here.

7. Per-Slot Completeness:
   - Each slot must contain exactly one yellow pushpin head facing up; there should be no empty slots nor any slots with two or more items in them

Question to verify: Is each slot occupied by precisely one upward-facing yellow pushpin head?

Look carefully at the image.
Step 1 — Observe: Describe what you see in the image that is directly relevant to this question. Be specific: count visible objects, note their location (left/right/center), and explicitly state if an expected component appears absent or is in the wrong position.
Step 2 — Conclude with exactly one of:
Result: Yes
Result: No
  [RESPONSE]
Step 1: Observe
- The image shows a plastic container with multiple slots.
- Each slot contains one yellow pushpin head facing up, except for the bottom left and middle right slots which are empty.

Step 2:
Result: No
  [ANSWER] No | log_prob=0.0
  [META] {'regex_found': 'No', 'pos': 215, 'mapped_to_token_id': 2458, 'decoded_token': ' No', 'step': 49, 'raw_prob': 1.0}

  [Sub-Q 4] MQ: Is there exactly one yellow pushpin head facing up...
  SQ: Does every visible space contain an exact number of yellow pushpins, all oriented upwards?
  [PROMPT]
You are a strict industrial quality control inspector.
Your task is to inspect a pushpins and answer a specific constraint question.

[What a NORMAL pushpins looks like]
1. Components:
   - pushpin

2. Quantities:
   - pushpin: exactly 15

3. Spatial Arrangement:
   - pushpin: center

4. Visual Appearance and Fill Level:
   - pushpin: yellow, round cap with a metal needle
   Relative sizes:
     - pushpin: roughly equal to other components

5. Relational and Proportional Constraints:
   - The pushpins occupy the most space.
   - There are no fixed size ratios between components.

6. Symmetry and Connectivity:
   - Components (pushpins) do not need to be strictly separated or parallel/adjacent unless specified by external constraints like a board layout, which is not shown here.

7. Per-Slot Completeness:
   - Each slot must contain exactly one yellow pushpin head facing up; there should be no empty slots nor any slots with two or more items in them

Question to verify: Does every visible space contain an exact number of yellow pushpins, all oriented upwards?

Look carefully at the image.
Step 1 — Observe: Describe what you see in the image that is directly relevant to this question. Be specific: count visible objects, note their location (left/right/center), and explicitly state if an expected component appears absent or is in the wrong position.
Step 2 — Conclude with exactly one of:
Result: Yes
Result: No
  [RESPONSE]
Step 1: Observe
- The image shows a clear plastic container with multiple compartments.
- Each compartment contains one yellow pushpin head facing upwards, except for the bottom right corner where there is an empty slot.

Step 2:
Result: No
  [ANSWER] No | log_prob=0.0
  [META] {'regex_found': 'No', 'pos': 238, 'mapped_to_token_id': 2458, 'decoded_token': ' No', 'step': 51, 'raw_prob': 1.0}

  [Sub-Q 5] MQ: Is there exactly one yellow pushpin head facing up...
  SQ: Can you see pushpin in the pushpins?
  [PROMPT]
You are a strict industrial quality control inspector.
Your task is to inspect a pushpins and answer a specific constraint question.

[What a NORMAL pushpins looks like]
1. Components:
   - pushpin

2. Quantities:
   - pushpin: exactly 15

3. Spatial Arrangement:
   - pushpin: center

4. Visual Appearance and Fill Level:
   - pushpin: yellow, round cap with a metal needle
   Relative sizes:
     - pushpin: roughly equal to other components

5. Relational and Proportional Constraints:
   - The pushpins occupy the most space.
   - There are no fixed size ratios between components.

6. Symmetry and Connectivity:
   - Components (pushpins) do not need to be strictly separated or parallel/adjacent unless specified by external constraints like a board layout, which is not shown here.

7. Per-Slot Completeness:
   - Each slot must contain exactly one yellow pushpin head facing up; there should be no empty slots nor any slots with two or more items in them

Question to verify: Can you see pushpin in the pushpins?

Look carefully at the image.
Step 1 — Observe: Describe what you see in the image that is directly relevant to this question. Be specific: count visible objects, note their location (left/right/center), and explicitly state if an expected component appears absent or is in the wrong position.
Step 2 — Conclude with exactly one of:
Result: Yes
Result: No
  [RESPONSE]
Step 1: Observe
- The image shows a plastic container with multiple compartments.
- Each compartment contains one yellow pushpin head facing up, except for the bottom left and middle right compartments which are empty.

Step 2:
Result: No
  [ANSWER] No | log_prob=0.0
  [META] {'regex_found': 'No', 'pos': 236, 'mapped_to_token_id': 2458, 'decoded_token': ' No', 'step': 51, 'raw_prob': 1.0}
  [VOTE] 'Is there exactly one yellow pushpin head facing up in each s' → No (Yes=0, No=5)
  [RESULT] anomaly=True score=1.0000
           Logical anomaly detected. Violated constraints:
  - Is there exactly one yellow pushpin head facing up in each slot?

============================================================
Stage 4 | [0] /home/chikibriki/LoqicQA/dataset-ninja/mvtec-loco-ad/test/img/pushpins_logical_anomalies_071.png | gt=logical_anomaly | anomaly_type=2_additional_pushpins
============================================================

  [Sub-Q 1] MQ: Is there exactly one yellow pushpin head facing up...
  SQ: Is there exactly one yellow pushpin head facing up in each slot?
  [PROMPT]
You are a strict industrial quality control inspector.
Your task is to inspect a pushpins and answer a specific constraint question.

[What a NORMAL pushpins looks like]
1. Components:
   - pushpin

2. Quantities:
   - pushpin: exactly 15

3. Spatial Arrangement:
   - pushpin: center

4. Visual Appearance and Fill Level:
   - pushpin: yellow, round cap with a metal needle
   Relative sizes:
     - pushpin: roughly equal to other components

5. Relational and Proportional Constraints:
   - The pushpins occupy the most space.
   - There are no fixed size ratios between components.

6. Symmetry and Connectivity:
   - Components (pushpins) do not need to be strictly separated or parallel/adjacent unless specified by external constraints like a board layout, which is not shown here.

7. Per-Slot Completeness:
   - Each slot must contain exactly one yellow pushpin head facing up; there should be no empty slots nor any slots with two or more items in them

Question to verify: Is there exactly one yellow pushpin head facing up in each slot?

Look carefully at the image.
Step 1 — Observe: Describe what you see in the image that is directly relevant to this question. Be specific: count visible objects, note their location (left/right/center), and explicitly state if an expected component appears absent or is in the wrong position.
Step 2 — Conclude with exactly one of:
Result: Yes
Result: No
  [RESPONSE]
Step 1: Observe
- The image shows a set of pushpins in individual slots.
- There are exactly 15 visible yellow pushpin heads facing up, each occupying its own slot.

Step 2: Conclude with the result:
Result: Yes
  [ANSWER] Yes | log_prob=0.0
  [META] {'regex_found': 'Yes', 'pos': 208, 'mapped_to_token_id': 7560, 'decoded_token': ' Yes', 'step': 54, 'raw_prob': 1.0}

  [Sub-Q 2] MQ: Is there exactly one yellow pushpin head facing up...
  SQ: Are there exactly 15 yellow pushpin heads facing up in the image?
  [PROMPT]
You are a strict industrial quality control inspector.
Your task is to inspect a pushpins and answer a specific constraint question.

[What a NORMAL pushpins looks like]
1. Components:
   - pushpin

2. Quantities:
   - pushpin: exactly 15

3. Spatial Arrangement:
   - pushpin: center

4. Visual Appearance and Fill Level:
   - pushpin: yellow, round cap with a metal needle
   Relative sizes:
     - pushpin: roughly equal to other components

5. Relational and Proportional Constraints:
   - The pushpins occupy the most space.
   - There are no fixed size ratios between components.

6. Symmetry and Connectivity:
   - Components (pushpins) do not need to be strictly separated or parallel/adjacent unless specified by external constraints like a board layout, which is not shown here.

7. Per-Slot Completeness:
   - Each slot must contain exactly one yellow pushpin head facing up; there should be no empty slots nor any slots with two or more items in them

Question to verify: Are there exactly 15 yellow pushpin heads facing up in the image?

Look carefully at the image.
Step 1 — Observe: Describe what you see in the image that is directly relevant to this question. Be specific: count visible objects, note their location (left/right/center), and explicitly state if an expected component appears absent or is in the wrong position.
Step 2 — Conclude with exactly one of:
Result: Yes
Result: No
  [RESPONSE]
Step 1: Observe
- The image shows a set of pushpins in individual slots.
- There are exactly 15 visible yellow pushpin heads facing up, each occupying its own slot.

Step 2:
Result: Yes
  [ANSWER] Yes | log_prob=0.0
  [META] {'regex_found': 'Yes', 'pos': 182, 'mapped_to_token_id': 7560, 'decoded_token': ' Yes', 'step': 48, 'raw_prob': 1.0}

  [Sub-Q 3] MQ: Is there exactly one yellow pushpin head facing up...
  SQ: Is each slot occupied by precisely one upward-facing yellow pushpin head?
  [PROMPT]
You are a strict industrial quality control inspector.
Your task is to inspect a pushpins and answer a specific constraint question.

[What a NORMAL pushpins looks like]
1. Components:
   - pushpin

2. Quantities:
   - pushpin: exactly 15

3. Spatial Arrangement:
   - pushpin: center

4. Visual Appearance and Fill Level:
   - pushpin: yellow, round cap with a metal needle
   Relative sizes:
     - pushpin: roughly equal to other components

5. Relational and Proportional Constraints:
   - The pushpins occupy the most space.
   - There are no fixed size ratios between components.

6. Symmetry and Connectivity:
   - Components (pushpins) do not need to be strictly separated or parallel/adjacent unless specified by external constraints like a board layout, which is not shown here.

7. Per-Slot Completeness:
   - Each slot must contain exactly one yellow pushpin head facing up; there should be no empty slots nor any slots with two or more items in them

Question to verify: Is each slot occupied by precisely one upward-facing yellow pushpin head?

Look carefully at the image.
Step 1 — Observe: Describe what you see in the image that is directly relevant to this question. Be specific: count visible objects, note their location (left/right/center), and explicitly state if an expected component appears absent or is in the wrong position.
Step 2 — Conclude with exactly one of:
Result: Yes
Result: No
  [RESPONSE]
Step 1: Observe
- There are a total of 15 slots.
- Each slot contains one yellow pushpin head facing up.

Step 2:
Result: Yes
  [ANSWER] Yes | log_prob=0.0
  [META] {'regex_found': 'Yes', 'pos': 122, 'mapped_to_token_id': 7560, 'decoded_token': ' Yes', 'step': 35, 'raw_prob': 1.0}

  [Sub-Q 4] MQ: Is there exactly one yellow pushpin head facing up...
  SQ: Does every visible space contain an exact number of yellow pushpins, all oriented upwards?
  [PROMPT]
You are a strict industrial quality control inspector.
Your task is to inspect a pushpins and answer a specific constraint question.

[What a NORMAL pushpins looks like]
1. Components:
   - pushpin

2. Quantities:
   - pushpin: exactly 15

3. Spatial Arrangement:
   - pushpin: center

4. Visual Appearance and Fill Level:
   - pushpin: yellow, round cap with a metal needle
   Relative sizes:
     - pushpin: roughly equal to other components

5. Relational and Proportional Constraints:
   - The pushpins occupy the most space.
   - There are no fixed size ratios between components.

6. Symmetry and Connectivity:
   - Components (pushpins) do not need to be strictly separated or parallel/adjacent unless specified by external constraints like a board layout, which is not shown here.

7. Per-Slot Completeness:
   - Each slot must contain exactly one yellow pushpin head facing up; there should be no empty slots nor any slots with two or more items in them

Question to verify: Does every visible space contain an exact number of yellow pushpins, all oriented upwards?

Look carefully at the image.
Step 1 — Observe: Describe what you see in the image that is directly relevant to this question. Be specific: count visible objects, note their location (left/right/center), and explicitly state if an expected component appears absent or is in the wrong position.
Step 2 — Conclude with exactly one of:
Result: Yes
Result: No
  [RESPONSE]
Step 1: Observe
- The image shows a plastic case with multiple slots.
- Each slot contains one yellow pushpin head facing upwards, except for the top left and bottom right corners which are empty.

Step 2:
Result: No
  [ANSWER] No | log_prob=0.0
  [META] {'regex_found': 'No', 'pos': 214, 'mapped_to_token_id': 2458, 'decoded_token': ' No', 'step': 49, 'raw_prob': 1.0}

  [Sub-Q 5] MQ: Is there exactly one yellow pushpin head facing up...
  SQ: Can you see pushpin in the pushpins?
  [PROMPT]
You are a strict industrial quality control inspector.
Your task is to inspect a pushpins and answer a specific constraint question.

[What a NORMAL pushpins looks like]
1. Components:
   - pushpin

2. Quantities:
   - pushpin: exactly 15

3. Spatial Arrangement:
   - pushpin: center

4. Visual Appearance and Fill Level:
   - pushpin: yellow, round cap with a metal needle
   Relative sizes:
     - pushpin: roughly equal to other components

5. Relational and Proportional Constraints:
   - The pushpins occupy the most space.
   - There are no fixed size ratios between components.

6. Symmetry and Connectivity:
   - Components (pushpins) do not need to be strictly separated or parallel/adjacent unless specified by external constraints like a board layout, which is not shown here.

7. Per-Slot Completeness:
   - Each slot must contain exactly one yellow pushpin head facing up; there should be no empty slots nor any slots with two or more items in them

Question to verify: Can you see pushpin in the pushpins?

Look carefully at the image.
Step 1 — Observe: Describe what you see in the image that is directly relevant to this question. Be specific: count visible objects, note their location (left/right/center), and explicitly state if an expected component appears absent or is in the wrong position.
Step 2 — Conclude with exactly one of:
Result: Yes
Result: No
  [RESPONSE]
Step 1: Observe
- The image shows a set of pushpins in individual slots.
- There are exactly 15 visible yellow pushpins, each with round caps and metal needles. 
- Each slot contains one pushpin head facing up.

Step 2:
Result: Yes
  [ANSWER] Yes | log_prob=0.0
  [META] {'regex_found': 'Yes', 'pos': 228, 'mapped_to_token_id': 7560, 'decoded_token': ' Yes', 'step': 59, 'raw_prob': 1.0}
  [VOTE] 'Is there exactly one yellow pushpin head facing up in each s' → Yes (Yes=4, No=1)
  [RESULT] anomaly=False score=0.0000
           Image appears normal. All constraints satisfied.

============================================================
Stage 4 | [0] /home/chikibriki/LoqicQA/dataset-ninja/mvtec-loco-ad/test/img/pushpins_logical_anomalies_072.png | gt=logical_anomaly | anomaly_type=2_additional_pushpins
============================================================

  [Sub-Q 1] MQ: Is there exactly one yellow pushpin head facing up...
  SQ: Is there exactly one yellow pushpin head facing up in each slot?
  [PROMPT]
You are a strict industrial quality control inspector.
Your task is to inspect a pushpins and answer a specific constraint question.

[What a NORMAL pushpins looks like]
1. Components:
   - pushpin

2. Quantities:
   - pushpin: exactly 15

3. Spatial Arrangement:
   - pushpin: center

4. Visual Appearance and Fill Level:
   - pushpin: yellow, round cap with a metal needle
   Relative sizes:
     - pushpin: roughly equal to other components

5. Relational and Proportional Constraints:
   - The pushpins occupy the most space.
   - There are no fixed size ratios between components.

6. Symmetry and Connectivity:
   - Components (pushpins) do not need to be strictly separated or parallel/adjacent unless specified by external constraints like a board layout, which is not shown here.

7. Per-Slot Completeness:
   - Each slot must contain exactly one yellow pushpin head facing up; there should be no empty slots nor any slots with two or more items in them

Question to verify: Is there exactly one yellow pushpin head facing up in each slot?

Look carefully at the image.
Step 1 — Observe: Describe what you see in the image that is directly relevant to this question. Be specific: count visible objects, note their location (left/right/center), and explicitly state if an expected component appears absent or is in the wrong position.
Step 2 — Conclude with exactly one of:
Result: Yes
Result: No
  [RESPONSE]
Step 1: Observe
- The image shows a set of pushpins in individual slots.
- There are visible empty slots, indicating that not all slots contain exactly one yellow pushpin head facing up.

Step 2:
Result: No
  [ANSWER] No | log_prob=0.0
  [META] {'regex_found': 'No', 'pos': 204, 'mapped_to_token_id': 2458, 'decoded_token': ' No', 'step': 49, 'raw_prob': 1.0}

  [Sub-Q 2] MQ: Is there exactly one yellow pushpin head facing up...
  SQ: Are there exactly 15 yellow pushpin heads facing up in the image?
  [PROMPT]
You are a strict industrial quality control inspector.
Your task is to inspect a pushpins and answer a specific constraint question.

[What a NORMAL pushpins looks like]
1. Components:
   - pushpin

2. Quantities:
   - pushpin: exactly 15

3. Spatial Arrangement:
   - pushpin: center

4. Visual Appearance and Fill Level:
   - pushpin: yellow, round cap with a metal needle
   Relative sizes:
     - pushpin: roughly equal to other components

5. Relational and Proportional Constraints:
   - The pushpins occupy the most space.
   - There are no fixed size ratios between components.

6. Symmetry and Connectivity:
   - Components (pushpins) do not need to be strictly separated or parallel/adjacent unless specified by external constraints like a board layout, which is not shown here.

7. Per-Slot Completeness:
   - Each slot must contain exactly one yellow pushpin head facing up; there should be no empty slots nor any slots with two or more items in them

Question to verify: Are there exactly 15 yellow pushpin heads facing up in the image?

Look carefully at the image.
Step 1 — Observe: Describe what you see in the image that is directly relevant to this question. Be specific: count visible objects, note their location (left/right/center), and explicitly state if an expected component appears absent or is in the wrong position.
Step 2 — Conclude with exactly one of:
Result: Yes
Result: No
  [RESPONSE]
Step 1: Observe
- The image shows a plastic case with multiple slots.
- Each slot contains one yellow pushpin head facing up, except for the bottom right and middle left slots which are empty.

Step 2:
Result: No
  [ANSWER] No | log_prob=0.0
  [META] {'regex_found': 'No', 'pos': 210, 'mapped_to_token_id': 2458, 'decoded_token': ' No', 'step': 49, 'raw_prob': 1.0}

  [Sub-Q 3] MQ: Is there exactly one yellow pushpin head facing up...
  SQ: Is each slot occupied by precisely one upward-facing yellow pushpin head?
  [PROMPT]
You are a strict industrial quality control inspector.
Your task is to inspect a pushpins and answer a specific constraint question.

[What a NORMAL pushpins looks like]
1. Components:
   - pushpin

2. Quantities:
   - pushpin: exactly 15

3. Spatial Arrangement:
   - pushpin: center

4. Visual Appearance and Fill Level:
   - pushpin: yellow, round cap with a metal needle
   Relative sizes:
     - pushpin: roughly equal to other components

5. Relational and Proportional Constraints:
   - The pushpins occupy the most space.
   - There are no fixed size ratios between components.

6. Symmetry and Connectivity:
   - Components (pushpins) do not need to be strictly separated or parallel/adjacent unless specified by external constraints like a board layout, which is not shown here.

7. Per-Slot Completeness:
   - Each slot must contain exactly one yellow pushpin head facing up; there should be no empty slots nor any slots with two or more items in them

Question to verify: Is each slot occupied by precisely one upward-facing yellow pushpin head?

Look carefully at the image.
Step 1 — Observe: Describe what you see in the image that is directly relevant to this question. Be specific: count visible objects, note their location (left/right/center), and explicitly state if an expected component appears absent or is in the wrong position.
Step 2 — Conclude with exactly one of:
Result: Yes
Result: No
  [RESPONSE]
Step 1: Observe
- There are a total of 15 slots.
- Each slot contains one yellow pushpin head facing up, except for the top-left and bottom-right corners which have empty slots.

Step 2:
Result: No
  [ANSWER] No | log_prob=0.0
  [META] {'regex_found': 'No', 'pos': 195, 'mapped_to_token_id': 2458, 'decoded_token': ' No', 'step': 49, 'raw_prob': 1.0}

  [Sub-Q 4] MQ: Is there exactly one yellow pushpin head facing up...
  SQ: Does every visible space contain an exact number of yellow pushpins, all oriented upwards?
  [PROMPT]
You are a strict industrial quality control inspector.
Your task is to inspect a pushpins and answer a specific constraint question.

[What a NORMAL pushpins looks like]
1. Components:
   - pushpin

2. Quantities:
   - pushpin: exactly 15

3. Spatial Arrangement:
   - pushpin: center

4. Visual Appearance and Fill Level:
   - pushpin: yellow, round cap with a metal needle
   Relative sizes:
     - pushpin: roughly equal to other components

5. Relational and Proportional Constraints:
   - The pushpins occupy the most space.
   - There are no fixed size ratios between components.

6. Symmetry and Connectivity:
   - Components (pushpins) do not need to be strictly separated or parallel/adjacent unless specified by external constraints like a board layout, which is not shown here.

7. Per-Slot Completeness:
   - Each slot must contain exactly one yellow pushpin head facing up; there should be no empty slots nor any slots with two or more items in them

Question to verify: Does every visible space contain an exact number of yellow pushpins, all oriented upwards?

Look carefully at the image.
Step 1 — Observe: Describe what you see in the image that is directly relevant to this question. Be specific: count visible objects, note their location (left/right/center), and explicitly state if an expected component appears absent or is in the wrong position.
Step 2 — Conclude with exactly one of:
Result: Yes
Result: No
  [RESPONSE]
Step 1: Observe
- The image shows a plastic container with multiple compartments.
- Each compartment is supposed to contain one yellow pushpin head facing upwards, but several are missing or misplaced.

Specific observations:
- Top row (leftmost and second from the left): Two slots appear empty. 
- Second row (second slot on right side), third row (first two slots on far-right column) also have no visible pushpins in them at all; they seem completely absent there as well.
- Some of the existing pushpins do not face up correctly within their respective slots either due to being tilted sideways instead which violates per-slot completeness rule stated earlier

Step 2: Conclude 

Result: No
  [ANSWER] No | log_prob=0.0
  [META] {'regex_found': 'No', 'pos': 693, 'mapped_to_token_id': 2458, 'decoded_token': ' No', 'step': 151, 'raw_prob': 1.0}

  [Sub-Q 5] MQ: Is there exactly one yellow pushpin head facing up...
  SQ: Can you see pushpin in the pushpins?
  [PROMPT]
You are a strict industrial quality control inspector.
Your task is to inspect a pushpins and answer a specific constraint question.

[What a NORMAL pushpins looks like]
1. Components:
   - pushpin

2. Quantities:
   - pushpin: exactly 15

3. Spatial Arrangement:
   - pushpin: center

4. Visual Appearance and Fill Level:
   - pushpin: yellow, round cap with a metal needle
   Relative sizes:
     - pushpin: roughly equal to other components

5. Relational and Proportional Constraints:
   - The pushpins occupy the most space.
   - There are no fixed size ratios between components.

6. Symmetry and Connectivity:
   - Components (pushpins) do not need to be strictly separated or parallel/adjacent unless specified by external constraints like a board layout, which is not shown here.

7. Per-Slot Completeness:
   - Each slot must contain exactly one yellow pushpin head facing up; there should be no empty slots nor any slots with two or more items in them

Question to verify: Can you see pushpin in the pushpins?

Look carefully at the image.
Step 1 — Observe: Describe what you see in the image that is directly relevant to this question. Be specific: count visible objects, note their location (left/right/center), and explicitly state if an expected component appears absent or is in the wrong position.
Step 2 — Conclude with exactly one of:
Result: Yes
Result: No
  [RESPONSE]
Step 1: Observe
- The image shows a plastic case with multiple slots, each containing one yellow pushpin.
- There are exactly 15 visible pushpins in the image.

Step 2:
Result: Yes
  [ANSWER] Yes | log_prob=0.0
  [META] {'regex_found': 'Yes', 'pos': 177, 'mapped_to_token_id': 7560, 'decoded_token': ' Yes', 'step': 45, 'raw_prob': 1.0}
  [VOTE] 'Is there exactly one yellow pushpin head facing up in each s' → No (Yes=1, No=4)
  [RESULT] anomaly=True score=1.0000
           Logical anomaly detected. Violated constraints:
  - Is there exactly one yellow pushpin head facing up in each slot?

============================================================
Stage 4 | [0] /home/chikibriki/LoqicQA/dataset-ninja/mvtec-loco-ad/test/img/pushpins_logical_anomalies_073.png | gt=logical_anomaly | anomaly_type=2_additional_pushpins
============================================================

  [Sub-Q 1] MQ: Is there exactly one yellow pushpin head facing up...
  SQ: Is there exactly one yellow pushpin head facing up in each slot?
  [PROMPT]
You are a strict industrial quality control inspector.
Your task is to inspect a pushpins and answer a specific constraint question.

[What a NORMAL pushpins looks like]
1. Components:
   - pushpin

2. Quantities:
   - pushpin: exactly 15

3. Spatial Arrangement:
   - pushpin: center

4. Visual Appearance and Fill Level:
   - pushpin: yellow, round cap with a metal needle
   Relative sizes:
     - pushpin: roughly equal to other components

5. Relational and Proportional Constraints:
   - The pushpins occupy the most space.
   - There are no fixed size ratios between components.

6. Symmetry and Connectivity:
   - Components (pushpins) do not need to be strictly separated or parallel/adjacent unless specified by external constraints like a board layout, which is not shown here.

7. Per-Slot Completeness:
   - Each slot must contain exactly one yellow pushpin head facing up; there should be no empty slots nor any slots with two or more items in them

Question to verify: Is there exactly one yellow pushpin head facing up in each slot?

Look carefully at the image.
Step 1 — Observe: Describe what you see in the image that is directly relevant to this question. Be specific: count visible objects, note their location (left/right/center), and explicitly state if an expected component appears absent or is in the wrong position.
Step 2 — Conclude with exactly one of:
Result: Yes
Result: No
  [RESPONSE]
Step 1: Observe
- The image shows a plastic case with multiple slots.
- Each slot contains one yellow pushpin head facing up, except for the top left and bottom right slots which are empty.

Step 2:
Result: No
  [ANSWER] No | log_prob=0.0
  [META] {'regex_found': 'No', 'pos': 207, 'mapped_to_token_id': 2458, 'decoded_token': ' No', 'step': 49, 'raw_prob': 1.0}

  [Sub-Q 2] MQ: Is there exactly one yellow pushpin head facing up...
  SQ: Are there exactly 15 yellow pushpin heads facing up in the image?
  [PROMPT]
You are a strict industrial quality control inspector.
Your task is to inspect a pushpins and answer a specific constraint question.

[What a NORMAL pushpins looks like]
1. Components:
   - pushpin

2. Quantities:
   - pushpin: exactly 15

3. Spatial Arrangement:
   - pushpin: center

4. Visual Appearance and Fill Level:
   - pushpin: yellow, round cap with a metal needle
   Relative sizes:
     - pushpin: roughly equal to other components

5. Relational and Proportional Constraints:
   - The pushpins occupy the most space.
   - There are no fixed size ratios between components.

6. Symmetry and Connectivity:
   - Components (pushpins) do not need to be strictly separated or parallel/adjacent unless specified by external constraints like a board layout, which is not shown here.

7. Per-Slot Completeness:
   - Each slot must contain exactly one yellow pushpin head facing up; there should be no empty slots nor any slots with two or more items in them

Question to verify: Are there exactly 15 yellow pushpin heads facing up in the image?

Look carefully at the image.
Step 1 — Observe: Describe what you see in the image that is directly relevant to this question. Be specific: count visible objects, note their location (left/right/center), and explicitly state if an expected component appears absent or is in the wrong position.
Step 2 — Conclude with exactly one of:
Result: Yes
Result: No
  [RESPONSE]
Step 1: Observe
- The image shows a clear plastic case with multiple slots.
- Each slot contains one yellow pushpin head facing up, except for the top left and bottom right corners which are empty.

Step 2:
Result: No
  [ANSWER] No | log_prob=0.0
  [META] {'regex_found': 'No', 'pos': 215, 'mapped_to_token_id': 2458, 'decoded_token': ' No', 'step': 50, 'raw_prob': 1.0}

  [Sub-Q 3] MQ: Is there exactly one yellow pushpin head facing up...
  SQ: Is each slot occupied by precisely one upward-facing yellow pushpin head?
  [PROMPT]
You are a strict industrial quality control inspector.
Your task is to inspect a pushpins and answer a specific constraint question.

[What a NORMAL pushpins looks like]
1. Components:
   - pushpin

2. Quantities:
   - pushpin: exactly 15

3. Spatial Arrangement:
   - pushpin: center

4. Visual Appearance and Fill Level:
   - pushpin: yellow, round cap with a metal needle
   Relative sizes:
     - pushpin: roughly equal to other components

5. Relational and Proportional Constraints:
   - The pushpins occupy the most space.
   - There are no fixed size ratios between components.

6. Symmetry and Connectivity:
   - Components (pushpins) do not need to be strictly separated or parallel/adjacent unless specified by external constraints like a board layout, which is not shown here.

7. Per-Slot Completeness:
   - Each slot must contain exactly one yellow pushpin head facing up; there should be no empty slots nor any slots with two or more items in them

Question to verify: Is each slot occupied by precisely one upward-facing yellow pushpin head?

Look carefully at the image.
Step 1 — Observe: Describe what you see in the image that is directly relevant to this question. Be specific: count visible objects, note their location (left/right/center), and explicitly state if an expected component appears absent or is in the wrong position.
Step 2 — Conclude with exactly one of:
Result: Yes
Result: No
  [RESPONSE]
Step 1: Observe
- The image shows a clear plastic container with multiple slots.
- Each slot contains one yellow pushpin head facing up, except for the top left and bottom right corners where there are no items.

Step 2:
Result: No
  [ANSWER] No | log_prob=0.0
  [META] {'regex_found': 'No', 'pos': 229, 'mapped_to_token_id': 2458, 'decoded_token': ' No', 'step': 52, 'raw_prob': 1.0}

  [Sub-Q 4] MQ: Is there exactly one yellow pushpin head facing up...
  SQ: Does every visible space contain an exact number of yellow pushpins, all oriented upwards?
  [PROMPT]
You are a strict industrial quality control inspector.
Your task is to inspect a pushpins and answer a specific constraint question.

[What a NORMAL pushpins looks like]
1. Components:
   - pushpin

2. Quantities:
   - pushpin: exactly 15

3. Spatial Arrangement:
   - pushpin: center

4. Visual Appearance and Fill Level:
   - pushpin: yellow, round cap with a metal needle
   Relative sizes:
     - pushpin: roughly equal to other components

5. Relational and Proportional Constraints:
   - The pushpins occupy the most space.
   - There are no fixed size ratios between components.

6. Symmetry and Connectivity:
   - Components (pushpins) do not need to be strictly separated or parallel/adjacent unless specified by external constraints like a board layout, which is not shown here.

7. Per-Slot Completeness:
   - Each slot must contain exactly one yellow pushpin head facing up; there should be no empty slots nor any slots with two or more items in them

Question to verify: Does every visible space contain an exact number of yellow pushpins, all oriented upwards?

Look carefully at the image.
Step 1 — Observe: Describe what you see in the image that is directly relevant to this question. Be specific: count visible objects, note their location (left/right/center), and explicitly state if an expected component appears absent or is in the wrong position.
Step 2 — Conclude with exactly one of:
Result: Yes
Result: No
  [RESPONSE]
Step 1: Observe
- There are a total of 15 slots.
- Each slot contains one yellow pushpin head facing upwards.

Step 2:
Result: Yes
  [ANSWER] Yes | log_prob=0.0
  [META] {'regex_found': 'Yes', 'pos': 127, 'mapped_to_token_id': 7560, 'decoded_token': ' Yes', 'step': 35, 'raw_prob': 1.0}

  [Sub-Q 5] MQ: Is there exactly one yellow pushpin head facing up...
  SQ: Can you see pushpin in the pushpins?
  [PROMPT]
You are a strict industrial quality control inspector.
Your task is to inspect a pushpins and answer a specific constraint question.

[What a NORMAL pushpins looks like]
1. Components:
   - pushpin

2. Quantities:
   - pushpin: exactly 15

3. Spatial Arrangement:
   - pushpin: center

4. Visual Appearance and Fill Level:
   - pushpin: yellow, round cap with a metal needle
   Relative sizes:
     - pushpin: roughly equal to other components

5. Relational and Proportional Constraints:
   - The pushpins occupy the most space.
   - There are no fixed size ratios between components.

6. Symmetry and Connectivity:
   - Components (pushpins) do not need to be strictly separated or parallel/adjacent unless specified by external constraints like a board layout, which is not shown here.

7. Per-Slot Completeness:
   - Each slot must contain exactly one yellow pushpin head facing up; there should be no empty slots nor any slots with two or more items in them

Question to verify: Can you see pushpin in the pushpins?

Look carefully at the image.
Step 1 — Observe: Describe what you see in the image that is directly relevant to this question. Be specific: count visible objects, note their location (left/right/center), and explicitly state if an expected component appears absent or is in the wrong position.
Step 2 — Conclude with exactly one of:
Result: Yes
Result: No
  [RESPONSE]
Step 1: Observe
- There are a total of 15 slots in the container.
- Each slot contains one yellow pushpin head facing up, except for three empty slots.

Step 2:
Result: Yes
  [ANSWER] Yes | log_prob=0.0
  [META] {'regex_found': 'Yes', 'pos': 169, 'mapped_to_token_id': 7560, 'decoded_token': ' Yes', 'step': 44, 'raw_prob': 1.0}
  [VOTE] 'Is there exactly one yellow pushpin head facing up in each s' → No (Yes=2, No=3)
  [RESULT] anomaly=True score=1.0000
           Logical anomaly detected. Violated constraints:
  - Is there exactly one yellow pushpin head facing up in each slot?

============================================================
Stage 4 | [0] /home/chikibriki/LoqicQA/dataset-ninja/mvtec-loco-ad/test/img/pushpins_logical_anomalies_074.png | gt=logical_anomaly | anomaly_type=2_additional_pushpins
============================================================

  [Sub-Q 1] MQ: Is there exactly one yellow pushpin head facing up...
  SQ: Is there exactly one yellow pushpin head facing up in each slot?
  [PROMPT]
You are a strict industrial quality control inspector.
Your task is to inspect a pushpins and answer a specific constraint question.

[What a NORMAL pushpins looks like]
1. Components:
   - pushpin

2. Quantities:
   - pushpin: exactly 15

3. Spatial Arrangement:
   - pushpin: center

4. Visual Appearance and Fill Level:
   - pushpin: yellow, round cap with a metal needle
   Relative sizes:
     - pushpin: roughly equal to other components

5. Relational and Proportional Constraints:
   - The pushpins occupy the most space.
   - There are no fixed size ratios between components.

6. Symmetry and Connectivity:
   - Components (pushpins) do not need to be strictly separated or parallel/adjacent unless specified by external constraints like a board layout, which is not shown here.

7. Per-Slot Completeness:
   - Each slot must contain exactly one yellow pushpin head facing up; there should be no empty slots nor any slots with two or more items in them

Question to verify: Is there exactly one yellow pushpin head facing up in each slot?

Look carefully at the image.
Step 1 — Observe: Describe what you see in the image that is directly relevant to this question. Be specific: count visible objects, note their location (left/right/center), and explicitly state if an expected component appears absent or is in the wrong position.
Step 2 — Conclude with exactly one of:
Result: Yes
Result: No
  [RESPONSE]
Step 1: Observe
- There are a total of 15 slots in the image.
- Each slot contains one yellow pushpin head facing up, except for two slots that do not have any items.

Step 2: Conclude with exactly one:
Result: No
  [ANSWER] No | log_prob=0.0
  [META] {'regex_found': 'No', 'pos': 211, 'mapped_to_token_id': 2458, 'decoded_token': ' No', 'step': 55, 'raw_prob': 1.0}

  [Sub-Q 2] MQ: Is there exactly one yellow pushpin head facing up...
  SQ: Are there exactly 15 yellow pushpin heads facing up in the image?
  [PROMPT]
You are a strict industrial quality control inspector.
Your task is to inspect a pushpins and answer a specific constraint question.

[What a NORMAL pushpins looks like]
1. Components:
   - pushpin

2. Quantities:
   - pushpin: exactly 15

3. Spatial Arrangement:
   - pushpin: center

4. Visual Appearance and Fill Level:
   - pushpin: yellow, round cap with a metal needle
   Relative sizes:
     - pushpin: roughly equal to other components

5. Relational and Proportional Constraints:
   - The pushpins occupy the most space.
   - There are no fixed size ratios between components.

6. Symmetry and Connectivity:
   - Components (pushpins) do not need to be strictly separated or parallel/adjacent unless specified by external constraints like a board layout, which is not shown here.

7. Per-Slot Completeness:
   - Each slot must contain exactly one yellow pushpin head facing up; there should be no empty slots nor any slots with two or more items in them

Question to verify: Are there exactly 15 yellow pushpin heads facing up in the image?

Look carefully at the image.
Step 1 — Observe: Describe what you see in the image that is directly relevant to this question. Be specific: count visible objects, note their location (left/right/center), and explicitly state if an expected component appears absent or is in the wrong position.
Step 2 — Conclude with exactly one of:
Result: Yes
Result: No
  [RESPONSE]
Step 1: Observe
- The image shows a container with multiple slots.
- Each slot contains one yellow pushpin head facing up, except for the bottom right corner where there is an empty slot.

Step 2:
Result: No
  [ANSWER] No | log_prob=0.0
  [META] {'regex_found': 'No', 'pos': 205, 'mapped_to_token_id': 2458, 'decoded_token': ' No', 'step': 48, 'raw_prob': 1.0}

  [Sub-Q 3] MQ: Is there exactly one yellow pushpin head facing up...
  SQ: Is each slot occupied by precisely one upward-facing yellow pushpin head?
  [PROMPT]
You are a strict industrial quality control inspector.
Your task is to inspect a pushpins and answer a specific constraint question.

[What a NORMAL pushpins looks like]
1. Components:
   - pushpin

2. Quantities:
   - pushpin: exactly 15

3. Spatial Arrangement:
   - pushpin: center

4. Visual Appearance and Fill Level:
   - pushpin: yellow, round cap with a metal needle
   Relative sizes:
     - pushpin: roughly equal to other components

5. Relational and Proportional Constraints:
   - The pushpins occupy the most space.
   - There are no fixed size ratios between components.

6. Symmetry and Connectivity:
   - Components (pushpins) do not need to be strictly separated or parallel/adjacent unless specified by external constraints like a board layout, which is not shown here.

7. Per-Slot Completeness:
   - Each slot must contain exactly one yellow pushpin head facing up; there should be no empty slots nor any slots with two or more items in them

Question to verify: Is each slot occupied by precisely one upward-facing yellow pushpin head?

Look carefully at the image.
Step 1 — Observe: Describe what you see in the image that is directly relevant to this question. Be specific: count visible objects, note their location (left/right/center), and explicitly state if an expected component appears absent or is in the wrong position.
Step 2 — Conclude with exactly one of:
Result: Yes
Result: No
  [RESPONSE]
Step 1: Observe
- There are a total of 15 slots in the image.
- Each slot contains one yellow pushpin head facing up, except for two empty slots (top left and bottom right).

Step 2:
Result: No
  [ANSWER] No | log_prob=0.0
  [META] {'regex_found': 'No', 'pos': 191, 'mapped_to_token_id': 2458, 'decoded_token': ' No', 'step': 50, 'raw_prob': 1.0}

  [Sub-Q 4] MQ: Is there exactly one yellow pushpin head facing up...
  SQ: Does every visible space contain an exact number of yellow pushpins, all oriented upwards?
  [PROMPT]
You are a strict industrial quality control inspector.
Your task is to inspect a pushpins and answer a specific constraint question.

[What a NORMAL pushpins looks like]
1. Components:
   - pushpin

2. Quantities:
   - pushpin: exactly 15

3. Spatial Arrangement:
   - pushpin: center

4. Visual Appearance and Fill Level:
   - pushpin: yellow, round cap with a metal needle
   Relative sizes:
     - pushpin: roughly equal to other components

5. Relational and Proportional Constraints:
   - The pushpins occupy the most space.
   - There are no fixed size ratios between components.

6. Symmetry and Connectivity:
   - Components (pushpins) do not need to be strictly separated or parallel/adjacent unless specified by external constraints like a board layout, which is not shown here.

7. Per-Slot Completeness:
   - Each slot must contain exactly one yellow pushpin head facing up; there should be no empty slots nor any slots with two or more items in them

Question to verify: Does every visible space contain an exact number of yellow pushpins, all oriented upwards?

Look carefully at the image.
Step 1 — Observe: Describe what you see in the image that is directly relevant to this question. Be specific: count visible objects, note their location (left/right/center), and explicitly state if an expected component appears absent or is in the wrong position.
Step 2 — Conclude with exactly one of:
Result: Yes
Result: No
  [RESPONSE]
Step 1: Observe
- There are a total of 15 slots in the image.
- Each slot contains one yellow pushpin head facing upwards, except for three empty slots.

Step 2:
Result: No
  [ANSWER] No | log_prob=0.0
  [META] {'regex_found': 'No', 'pos': 170, 'mapped_to_token_id': 2458, 'decoded_token': ' No', 'step': 44, 'raw_prob': 1.0}

  [Sub-Q 5] MQ: Is there exactly one yellow pushpin head facing up...
  SQ: Can you see pushpin in the pushpins?
  [PROMPT]
You are a strict industrial quality control inspector.
Your task is to inspect a pushpins and answer a specific constraint question.

[What a NORMAL pushpins looks like]
1. Components:
   - pushpin

2. Quantities:
   - pushpin: exactly 15

3. Spatial Arrangement:
   - pushpin: center

4. Visual Appearance and Fill Level:
   - pushpin: yellow, round cap with a metal needle
   Relative sizes:
     - pushpin: roughly equal to other components

5. Relational and Proportional Constraints:
   - The pushpins occupy the most space.
   - There are no fixed size ratios between components.

6. Symmetry and Connectivity:
   - Components (pushpins) do not need to be strictly separated or parallel/adjacent unless specified by external constraints like a board layout, which is not shown here.

7. Per-Slot Completeness:
   - Each slot must contain exactly one yellow pushpin head facing up; there should be no empty slots nor any slots with two or more items in them

Question to verify: Can you see pushpin in the pushpins?

Look carefully at the image.
Step 1 — Observe: Describe what you see in the image that is directly relevant to this question. Be specific: count visible objects, note their location (left/right/center), and explicitly state if an expected component appears absent or is in the wrong position.
Step 2 — Conclude with exactly one of:
Result: Yes
Result: No
  [RESPONSE]
Step 1: Observe
- There are a total of 15 slots in the image.
- Each slot contains one yellow pushpin head facing up, except for two empty slots.

Step 2:
Result: Yes
  [ANSWER] Yes | log_prob=0.0
  [META] {'regex_found': 'Yes', 'pos': 163, 'mapped_to_token_id': 7560, 'decoded_token': ' Yes', 'step': 44, 'raw_prob': 1.0}
  [VOTE] 'Is there exactly one yellow pushpin head facing up in each s' → No (Yes=1, No=4)
  [RESULT] anomaly=True score=1.0000
           Logical anomaly detected. Violated constraints:
  - Is there exactly one yellow pushpin head facing up in each slot?

==================================================
 Evaluation: pushpins
==================================================
  Total:    50 (25 normal, 25 anomaly)
  AUROC:    0.5000  (paper target: ~0.876)
  F1-max:   0.6667  (paper target: ~0.870)
  Bin-F1:   0.5902
==================================================


============================================================
CONFUSION MATRIX (Logical Anomaly Detection)
============================================================
                  | Predicted Normal | Predicted Anomaly |
----------------------------------------------------------
 Actual Normal    | 7                | 18                |
 Actual Anomaly   | 7                | 18                |
============================================================
Metrics Summary:
 - Accuracy:  50.00%
 - Precision: 50.00%
 - Recall:    72.00%
============================================================


[PipelineLogger] Consolidated artifacts exported to /home/chikibriki/LoqicQA/results/full50_pushpins/pushpins_20260618_163230/run_artifacts.json
